Shipment_ID,Date,Origin_Port,Destination_Port,Volume_TEU,Distance_nm,Carrier_Reliability_Score,Weather_Condition,Geopolitical_Risk_Score,Fuel_Price_Index,Product_Category,Transport_Mode,Disruption_Occurred,Lead_Time_Days,Predicted_ETA_Date,Predicted_ETA_Days,Transit_Port
SC-25795,2024-10-13,Tokyo,Barcelona,12291,7743,0.7159,Fog,3.4,101.82,Machinery,Sea,0,17.9,2024-10-30 21:36:00,17.9,Singapore
SC-10860,2024-09-10,Trieste,Mersin,14910,6432,0.8807,Rain,3.9,146.93,Textiles,Sea,0,14.9,2024-09-24 21:36:00,14.9,İzmir
SC-86820,2024-07-31,Busan,Trieste,7171,8175,0.9107,Fog,4.5,121.21,Electronics,Sea,0,18.9,2024-08-18 21:36:00,18.9,Trieste
SC-64886,2024-09-06,Ambarli,Dubai,6691,9265,0.8359,Clear,4.1,97.66,Auto Parts,Sea,0,21.4,2024-09-27 09:36:00,21.4,Jebel Ali
SC-16265,2024-03-24,Barcelona,İzmir,5047,8103,0.7457,Clear,4.7,148.83,Chemicals,Sea,0,18.8,2024-04-11 19:12:00,18.8,Trieste
SC-92386,2024-01-13,Shanghai,Hamburg,2725,9358,0.8911,Clear,4.9,107.13,Machinery,Sea,0,21.7,2024-02-03 16:48:00,21.7,İzmir
SC-47194,2024-02-14,Valencia,Marsilya,12183,11263,0.7471,Clear,4.0,125.35,Auto Parts,Sea,0,26.1,2024-03-11 02:24:00,26.1,Dubai
SC-97498,2024-05-06,İzmir,Felixstowe,5664,4031,0.5558,Clear,4.5,130.67,Textiles,Sea,0,9.3,2024-05-15 07:12:00,9.3,İzmir
SC-54131,2024-04-23,Mersin,Singapore,5465,3249,0.5582,Clear,3.7,109.56,Textiles,Sea,0,7.5,2024-04-30 12:00:00,7.5,Singapore
SC-70263,2024-10-02,Dubai,Marsilya,7817,11487,0.9743,Storm,1.7,117.51,Chemicals,Sea,1,34.6,2024-11-05 14:24:00,34.6,Marsaxlokk
SC-26023,2024-07-23,Mersin,Dubai,13155,8808,0.6068,Clear,1.7,96.78,Electronics,Sea,0,20.4,2024-08-12 09:36:00,20.4,Dubai
SC-51090,2024-12-02,Los Angeles,Antwerp,13024,5556,0.908,Rain,1.4,112.61,Electronics,Sea,0,12.9,2024-12-14 21:36:00,12.9,Jebel Ali
SC-77221,2024-09-29,Mersin,Atina,9272,10519,0.6234,Clear,4.8,101.76,Auto Parts,Sea,0,24.3,2024-10-23 07:12:00,24.3,Singapore
SC-74820,2024-02-27,Busan,Shanghai,8957,10988,0.7154,Clear,3.7,118.32,Auto Parts,Sea,0,25.4,2024-03-23 09:36:00,25.4,Ambarli
SC-10769,2024-11-23,Hamburg,Busan,9956,7299,0.8275,Clear,4.2,126.89,Electronics,Sea,0,16.9,2024-12-09 21:36:00,16.9,Atina
SC-69735,2024-08-06,Los Angeles,Shanghai,3013,5094,0.5794,Clear,2.3,122.98,Electronics,Sea,0,11.8,2024-08-17 19:12:00,11.8,İzmir
SC-72955,2024-04-18,Tokyo,Los Angeles,14741,4977,0.8686,Storm,2.8,134.37,Auto Parts,Sea,1,15.0,2024-05-03 00:00:00,15.0,Singapore
SC-74925,2024-10-05,Dubai,Trieste,4993,2962,0.845,Clear,1.2,82.91,Machinery,Sea,0,6.9,2024-10-11 21:36:00,6.9,Dubai
SC-77969,2024-06-22,Trieste,New York,4316,7725,0.7715,Clear,4.6,85.5,Textiles,Sea,0,17.9,2024-07-09 21:36:00,17.9,Atina
SC-15311,2024-11-23,Ningbo,Shanghai,8036,7489,0.7829,Clear,4.4,94.37,Textiles,Sea,0,17.3,2024-12-10 07:12:00,17.3,Trieste
SC-93104,2024-09-20,Los Angeles,Busan,14975,3268,0.5529,Clear,4.1,149.01,Chemicals,Sea,0,7.6,2024-09-27 14:24:00,7.6,Atina
SC-63707,2024-11-10,Ningbo,New York,14421,7279,0.718,Clear,1.2,136.02,Textiles,Sea,0,16.8,2024-11-26 19:12:00,16.8,New York
SC-95305,2024-04-20,Trieste,Rotterdam,4275,2372,0.5433,Clear,1.7,144.69,Auto Parts,Sea,0,5.5,2024-04-25 12:00:00,5.5,Mersin
SC-38693,2024-07-05,Singapore,Shanghai,9280,6380,0.6539,Clear,2.3,99.05,Machinery,Sea,0,14.8,2024-07-19 19:12:00,14.8,Atina
SC-81932,2024-09-25,Singapore,Shanghai,6163,9617,0.9502,Clear,2.1,120.17,Auto Parts,Sea,1,28.9,2024-10-23 21:36:00,28.9,Singapore
SC-35658,2024-08-16,Shanghai,Tokyo,14961,11796,0.7873,Clear,4.4,118.84,Electronics,Sea,1,35.5,2024-09-20 12:00:00,35.5,New York
SC-94478,2024-06-04,Marsilya,Shanghai,6745,8279,0.8714,Rain,1.8,119.87,Electronics,Sea,0,19.2,2024-06-23 04:48:00,19.2,Tanger Med
SC-28431,2024-07-07,Atina,Ningbo,6104,2095,0.7869,Clear,3.1,130.23,Textiles,Sea,0,4.8,2024-07-11 19:12:00,4.8,Barcelona
SC-12747,2024-09-28,Dubai,Ambarli,8051,6369,0.5971,Clear,3.3,107.58,Machinery,Sea,0,14.7,2024-10-12 16:48:00,14.7,Tanger Med
SC-69150,2024-01-02,Singapore,Valencia,4522,5941,0.7974,Clear,2.7,127.4,Chemicals,Sea,0,13.8,2024-01-15 19:12:00,13.8,Barcelona
SC-75725,2024-09-02,Felixstowe,Marsilya,7811,9021,0.8777,Rain,2.0,135.19,Auto Parts,Sea,0,20.9,2024-09-22 21:36:00,20.9,Tanger Med
SC-94654,2024-07-28,Hamburg,Marsilya,3593,11392,0.5692,Rain,4.8,100.24,Chemicals,Sea,0,26.4,2024-08-23 09:36:00,26.4,Piraeus
SC-45773,2024-10-12,Trieste,Antwerp,10550,5944,0.9085,Rain,2.7,146.2,Chemicals,Sea,1,17.9,2024-10-29 21:36:00,17.9,New York
SC-77435,2024-12-24,Marsilya,Trieste,14128,7868,0.7777,Clear,3.9,116.26,Chemicals,Sea,0,18.2,2025-01-11 04:48:00,18.2,Trieste
SC-66886,2024-01-13,Shanghai,Felixstowe,6277,7396,0.5021,Clear,1.7,131.29,Chemicals,Sea,0,17.1,2024-01-30 02:24:00,17.1,Trieste
SC-76803,2024-04-05,Atina,Trieste,9173,10041,0.7599,Clear,4.3,131.02,Auto Parts,Sea,0,23.2,2024-04-28 04:48:00,23.2,Piraeus
SC-41551,2024-08-08,Barcelona,Busan,5679,2131,0.6978,Rain,1.9,119.57,Electronics,Sea,0,4.9,2024-08-12 21:36:00,4.9,Marsaxlokk
SC-21394,2024-08-25,Shanghai,Singapore,8751,9290,0.6482,Clear,3.7,102.59,Auto Parts,Sea,0,21.5,2024-09-15 12:00:00,21.5,Dubai
SC-79092,2024-04-03,Marsilya,Ningbo,3803,11582,0.8856,Clear,3.0,126.69,Electronics,Sea,0,26.8,2024-04-29 19:12:00,26.8,Dubai
SC-13890,2024-12-03,Dubai,Valencia,14737,8516,0.9497,Rain,1.6,86.11,Electronics,Sea,1,25.6,2024-12-28 14:24:00,25.6,Ambarli
SC-51606,2024-09-25,Felixstowe,Tokyo,2545,11341,0.8813,Clear,1.1,148.7,Auto Parts,Sea,0,26.3,2024-10-21 07:12:00,26.3,Piraeus
SC-90038,2024-06-19,New York,Trieste,2557,7906,0.9234,Clear,4.7,92.88,Auto Parts,Sea,0,18.3,2024-07-07 07:12:00,18.3,Mersin
SC-97313,2024-04-03,Barcelona,Shanghai,8188,2807,0.9544,Clear,1.5,99.28,Auto Parts,Sea,0,6.5,2024-04-09 12:00:00,6.5,Ambarli
SC-20627,2024-05-28,Dubai,Busan,6772,2050,0.9563,Clear,3.8,146.81,Electronics,Sea,0,4.7,2024-06-01 16:48:00,4.7,Piraeus
SC-18792,2024-04-21,Felixstowe,İzmir,7212,7277,0.5573,Clear,3.6,93.06,Auto Parts,Sea,0,16.8,2024-05-07 19:12:00,16.8,Ambarli
SC-83969,2024-02-24,Hamburg,Marsilya,6163,2055,0.7282,Clear,2.4,91.91,Machinery,Sea,1,6.2,2024-03-01 04:48:00,6.2,Singapore
SC-53001,2024-12-02,Atina,Los Angeles,6120,5664,0.5001,Rain,1.7,136.32,Textiles,Sea,0,13.1,2024-12-15 02:24:00,13.1,Marsaxlokk
SC-86552,2024-04-25,Ningbo,Shanghai,8582,2743,0.7532,Fog,1.7,97.59,Textiles,Sea,1,8.3,2024-05-03 07:12:00,8.3,Trieste
SC-33897,2024-05-22,Rotterdam,Ningbo,9560,8030,0.9621,Clear,3.3,86.63,Machinery,Sea,0,18.6,2024-06-09 14:24:00,18.6,Barcelona
SC-78148,2024-07-19,Atina,Los Angeles,6625,10131,0.5996,Clear,3.2,95.87,Textiles,Sea,0,23.5,2024-08-11 12:00:00,23.5,İzmir
SC-33483,2024-06-28,Dubai,Felixstowe,17254,2079,0.8199,Clear,4.5,142.19,Electronics,Sea,0,4.8,2024-07-02 19:12:00,4.8,Piraeus
SC-58555,2024-07-20,Hamburg,Antwerp,10987,4966,0.8222,Clear,3.6,99.62,Auto Parts,Sea,0,11.5,2024-07-31 12:00:00,11.5,Piraeus
SC-27159,2024-12-29,Mersin,Tokyo,3680,5728,0.5802,Clear,4.3,128.65,Auto Parts,Sea,0,13.3,2025-01-11 07:12:00,13.3,New York
SC-90077,2024-02-22,Barcelona,Felixstowe,4269,6536,0.6193,Clear,1.1,107.66,Auto Parts,Sea,0,15.1,2024-03-08 02:24:00,15.1,Singapore
SC-45920,2024-06-28,Ningbo,Antwerp,6290,2125,0.731,Rain,3.7,98.35,Machinery,Sea,0,4.9,2024-07-02 21:36:00,4.9,Dubai
SC-77121,2024-11-08,Marsilya,Felixstowe,3353,7813,0.5941,Storm,1.9,90.08,Machinery,Sea,1,23.5,2024-12-01 12:00:00,23.5,New York
SC-79479,2024-11-03,Hamburg,İzmir,8903,10410,0.7925,Clear,2.0,148.05,Electronics,Sea,0,24.1,2024-11-27 02:24:00,24.1,Singapore
SC-99475,2024-05-16,New York,Atina,14086,2947,0.7423,Clear,3.9,116.48,Machinery,Sea,0,6.8,2024-05-22 19:12:00,6.8,Tanger Med
SC-29457,2024-06-30,Trieste,Dubai,6813,2594,0.7596,Clear,4.2,88.03,Auto Parts,Sea,0,6.0,2024-07-06 00:00:00,6.0,Piraeus
SC-76557,2024-01-01,Dubai,Dubai,4560,7030,0.5672,Clear,2.5,93.92,Electronics,Sea,0,16.3,2024-01-17 07:12:00,16.3,Piraeus
SC-87189,2024-02-13,Ambarli,Barcelona,9538,2140,0.7586,Clear,4.2,108.51,Electronics,Sea,0,5.0,2024-02-18 00:00:00,5.0,Jebel Ali
SC-88953,2024-08-14,Barcelona,Felixstowe,9891,5055,0.5247,Rain,2.8,118.09,Auto Parts,Sea,0,11.7,2024-08-25 16:48:00,11.7,Ambarli
SC-62995,2024-11-26,Barcelona,Valencia,3290,11822,0.9408,Rain,4.4,92.73,Chemicals,Sea,0,27.4,2024-12-23 09:36:00,27.4,Atina
SC-50757,2024-04-07,Marsilya,İzmir,8752,11068,0.6716,Clear,1.1,99.44,Auto Parts,Sea,0,25.6,2024-05-02 14:24:00,25.6,Barcelona
SC-19692,2024-07-26,Barcelona,Valencia,7389,6205,0.9282,Clear,1.3,134.86,Electronics,Sea,0,14.4,2024-08-09 09:36:00,14.4,Tanger Med
SC-55758,2024-09-21,Trieste,Ningbo,12321,7171,0.8508,Fog,4.1,109.22,Chemicals,Sea,0,16.6,2024-10-07 14:24:00,16.6,Ambarli
SC-82409,2024-10-14,New York,Barcelona,9715,9782,0.8831,Rain,3.5,80.1,Auto Parts,Sea,0,22.6,2024-11-05 14:24:00,22.6,Jebel Ali
SC-81211,2024-09-27,Mersin,Atina,2741,4660,0.6573,Clear,3.2,83.78,Auto Parts,Sea,0,10.8,2024-10-07 19:12:00,10.8,Singapore
SC-75697,2024-05-19,Ambarli,Rotterdam,10519,8856,0.6139,Clear,3.5,110.75,Chemicals,Sea,0,20.5,2024-06-08 12:00:00,20.5,Dubai
SC-47065,2024-08-24,Antwerp,Felixstowe,8136,8089,0.7034,Rain,4.7,84.21,Chemicals,Sea,0,18.7,2024-09-11 16:48:00,18.7,Atina
SC-42606,2024-03-12,Tokyo,Atina,2695,7318,0.5121,Clear,3.6,92.17,Textiles,Sea,0,16.9,2024-03-28 21:36:00,16.9,Marsaxlokk
SC-21534,2024-06-03,İzmir,Mersin,9808,4552,0.9594,Clear,3.6,130.95,Chemicals,Sea,0,10.5,2024-06-13 12:00:00,10.5,Barcelona
SC-50397,2024-07-08,Antwerp,Barcelona,7638,5611,0.6935,Clear,4.0,113.63,Machinery,Sea,0,13.0,2024-07-21 00:00:00,13.0,New York
SC-11016,2024-09-24,Ambarli,Rotterdam,8241,10062,0.9943,Rain,4.5,113.77,Chemicals,Sea,0,23.3,2024-10-17 07:12:00,23.3,Piraeus
SC-99789,2024-11-16,Trieste,Ningbo,6986,3040,0.8807,Clear,2.0,121.88,Electronics,Sea,0,7.0,2024-11-23 00:00:00,7.0,Jebel Ali
SC-65591,2024-04-16,Antwerp,Rotterdam,2958,10506,0.5403,Clear,3.5,135.2,Chemicals,Sea,0,24.3,2024-05-10 07:12:00,24.3,Marsaxlokk
SC-99812,2024-08-19,Tokyo,Valencia,6580,9603,0.8301,Fog,3.3,91.1,Auto Parts,Sea,0,22.2,2024-09-10 04:48:00,22.2,Barcelona
SC-33247,2024-02-11,Singapore,Ningbo,4020,6172,0.6354,Fog,1.5,92.11,Machinery,Sea,1,18.6,2024-02-29 14:24:00,18.6,İzmir
SC-34300,2024-07-08,Felixstowe,Mersin,8971,4946,0.6219,Rain,3.1,88.5,Chemicals,Sea,1,14.9,2024-07-22 21:36:00,14.9,Barcelona
SC-84065,2024-05-18,Dubai,İzmir,4014,5236,0.6283,Clear,1.3,145.58,Machinery,Sea,0,12.1,2024-05-30 02:24:00,12.1,Ambarli
SC-92798,2024-04-12,İzmir,Ningbo,6308,5680,0.958,Clear,1.7,120.41,Textiles,Sea,0,13.1,2024-04-25 02:24:00,13.1,Tanger Med
SC-19268,2024-06-19,Hamburg,Los Angeles,7617,6807,0.75,Clear,4.7,86.48,Machinery,Sea,0,15.8,2024-07-04 19:12:00,15.8,Marsaxlokk
SC-96807,2024-12-16,Busan,Marsilya,16406,3537,0.8347,Clear,1.5,95.45,Auto Parts,Sea,0,8.2,2024-12-24 04:48:00,8.2,Jebel Ali
SC-22185,2024-09-29,Singapore,Ningbo,5835,5872,0.6405,Fog,3.3,130.79,Textiles,Sea,0,13.6,2024-10-12 14:24:00,13.6,Trieste
SC-73704,2024-08-08,Mersin,Shanghai,6259,3867,0.7615,Fog,2.3,82.03,Chemicals,Sea,1,11.6,2024-08-19 14:24:00,11.6,Ambarli
SC-96779,2024-07-31,Shanghai,Rotterdam,9485,3161,0.6751,Clear,3.2,130.8,Machinery,Sea,0,7.3,2024-08-07 07:12:00,7.3,Trieste
SC-49099,2024-12-06,Valencia,Marsilya,6122,5920,0.6606,Clear,1.9,143.8,Textiles,Sea,0,13.7,2024-12-19 16:48:00,13.7,Tanger Med
SC-18571,2024-02-25,Los Angeles,Shanghai,13835,7693,0.6235,Clear,2.8,83.95,Chemicals,Sea,1,23.2,2024-03-19 04:48:00,23.2,Mersin
SC-48044,2024-12-07,Singapore,New York,18510,5882,0.7045,Clear,4.5,93.05,Chemicals,Sea,0,13.6,2024-12-20 14:24:00,13.6,Singapore
SC-61214,2024-04-11,Antwerp,New York,8839,9738,0.83,Clear,2.5,80.17,Machinery,Sea,0,22.5,2024-05-03 12:00:00,22.5,Barcelona
SC-71228,2024-07-10,Ningbo,Busan,14214,10456,0.611,Clear,2.4,87.63,Machinery,Sea,0,24.2,2024-08-03 04:48:00,24.2,Marsaxlokk
SC-58984,2024-11-05,Rotterdam,Shanghai,5377,8331,0.9827,Clear,2.8,123.19,Textiles,Sea,0,19.3,2024-11-24 07:12:00,19.3,Jebel Ali
SC-50774,2024-07-18,Barcelona,Tokyo,16530,7182,0.5623,Fog,1.4,83.14,Machinery,Sea,1,21.6,2024-08-08 14:24:00,21.6,Tanger Med
SC-12568,2024-08-20,Felixstowe,Busan,16542,11494,0.7401,Clear,2.5,109.81,Chemicals,Sea,0,26.6,2024-09-15 14:24:00,26.6,New York
SC-72592,2024-08-14,Busan,Rotterdam,13414,11386,0.5425,Clear,1.0,115.24,Auto Parts,Sea,0,26.4,2024-09-09 09:36:00,26.4,Piraeus
SC-77563,2024-05-18,Hamburg,Mersin,7727,3526,0.5113,Rain,3.0,143.46,Textiles,Sea,1,10.6,2024-05-28 14:24:00,10.6,Jebel Ali
SC-12695,2024-12-09,Mersin,Marsilya,2642,10131,0.9613,Clear,4.4,113.2,Auto Parts,Sea,0,23.5,2025-01-01 12:00:00,23.5,Dubai
SC-58190,2024-10-31,Barcelona,Dubai,14342,6394,0.9052,Clear,3.2,89.98,Auto Parts,Sea,1,19.2,2024-11-19 04:48:00,19.2,New York
SC-15258,2024-05-28,Felixstowe,Tokyo,8597,3158,0.8471,Clear,3.4,100.25,Chemicals,Sea,0,7.3,2024-06-04 07:12:00,7.3,Marsaxlokk
SC-97538,2024-04-24,Los Angeles,Marsilya,5400,6367,0.9326,Rain,1.1,127.05,Auto Parts,Sea,0,14.7,2024-05-08 16:48:00,14.7,Mersin
SC-49504,2024-03-03,Tokyo,Singapore,2518,6630,0.9014,Rain,4.4,87.85,Electronics,Sea,0,15.3,2024-03-18 07:12:00,15.3,New York
SC-43159,2024-04-13,Hamburg,Rotterdam,5833,5513,0.8236,Rain,2.5,96.22,Textiles,Sea,0,12.8,2024-04-25 19:12:00,12.8,Atina
SC-23986,2024-12-04,New York,Busan,5611,3144,0.9237,Clear,4.9,149.7,Chemicals,Sea,0,7.3,2024-12-11 07:12:00,7.3,Singapore
SC-71858,2024-12-24,İzmir,Felixstowe,9107,2068,0.6954,Rain,1.5,80.39,Machinery,Sea,0,4.8,2024-12-28 19:12:00,4.8,Dubai
SC-22666,2024-06-04,Ningbo,Tokyo,3589,5717,0.7764,Clear,4.8,90.65,Chemicals,Sea,0,13.2,2024-06-17 04:48:00,13.2,New York
SC-48660,2024-09-29,Barcelona,Los Angeles,8553,11018,0.8882,Clear,3.5,139.06,Machinery,Sea,0,25.5,2024-10-24 12:00:00,25.5,İzmir
SC-13561,2024-01-06,Rotterdam,New York,6048,11361,0.5424,Storm,1.2,87.1,Chemicals,Sea,1,34.2,2024-02-09 04:48:00,34.2,İzmir
SC-36854,2024-05-26,Los Angeles,Dubai,8988,11175,0.9293,Clear,4.9,82.35,Electronics,Sea,0,25.9,2024-06-20 21:36:00,25.9,Singapore
SC-74505,2024-07-02,Barcelona,Dubai,5379,11644,0.5784,Fog,1.1,88.49,Textiles,Sea,0,27.0,2024-07-29 00:00:00,27.0,Jebel Ali
SC-62251,2024-01-28,Atina,Trieste,9004,11231,0.9323,Rain,3.9,128.55,Auto Parts,Sea,0,26.0,2024-02-23 00:00:00,26.0,Ambarli
SC-32662,2024-02-07,Los Angeles,Felixstowe,5428,6723,0.6557,Clear,4.6,149.52,Chemicals,Sea,0,15.6,2024-02-22 14:24:00,15.6,Barcelona
SC-18392,2024-04-28,Dubai,Ambarli,7007,6213,0.6634,Clear,1.7,121.34,Textiles,Sea,0,14.4,2024-05-12 09:36:00,14.4,İzmir
SC-40535,2024-10-19,Valencia,Rotterdam,6661,8413,0.537,Clear,2.4,88.7,Textiles,Sea,0,19.5,2024-11-07 12:00:00,19.5,New York
SC-88603,2024-08-31,Trieste,Ambarli,8349,5466,0.9429,Rain,3.2,92.86,Textiles,Sea,1,16.4,2024-09-16 09:36:00,16.4,Singapore
SC-62256,2024-03-08,Busan,İzmir,11083,5026,0.5873,Clear,3.7,117.64,Textiles,Sea,0,11.6,2024-03-19 14:24:00,11.6,Dubai
SC-99135,2024-08-01,Hamburg,Mersin,6293,8998,0.815,Rain,4.5,130.1,Textiles,Sea,0,20.8,2024-08-21 19:12:00,20.8,New York
SC-45222,2024-08-05,Hamburg,Ningbo,3538,4747,0.822,Clear,4.0,126.4,Auto Parts,Sea,0,11.0,2024-08-16 00:00:00,11.0,Dubai
SC-87373,2024-06-25,Ningbo,Dubai,14458,9271,0.6406,Clear,2.5,120.23,Auto Parts,Sea,0,21.5,2024-07-16 12:00:00,21.5,Ambarli
SC-89575,2024-10-25,Antwerp,Ambarli,9159,8171,0.9928,Clear,4.3,149.04,Chemicals,Sea,0,18.9,2024-11-12 21:36:00,18.9,İzmir
SC-94651,2024-06-12,Dubai,Mersin,2724,5855,0.5321,Clear,4.9,93.86,Machinery,Sea,1,17.6,2024-06-29 14:24:00,17.6,Dubai
SC-73335,2024-02-27,Rotterdam,Ningbo,6725,10753,0.8039,Rain,1.9,92.1,Chemicals,Sea,0,24.9,2024-03-22 21:36:00,24.9,Mersin
SC-20965,2024-09-25,İzmir,Singapore,5996,4203,0.7398,Clear,1.3,140.13,Textiles,Sea,0,9.7,2024-10-04 16:48:00,9.7,Jebel Ali
SC-34538,2024-11-03,Atina,Dubai,5586,5419,0.6227,Clear,2.7,100.36,Machinery,Sea,0,12.5,2024-11-15 12:00:00,12.5,Ambarli
SC-80592,2024-02-27,Los Angeles,Dubai,8910,3144,0.5818,Clear,4.5,103.28,Chemicals,Sea,0,7.3,2024-03-05 07:12:00,7.3,Piraeus
SC-18110,2024-10-14,Felixstowe,Singapore,6631,4699,0.8685,Clear,1.6,118.41,Machinery,Sea,0,10.9,2024-10-24 21:36:00,10.9,Mersin
SC-89309,2024-04-14,Felixstowe,Antwerp,11668,11743,0.9582,Clear,4.5,106.69,Auto Parts,Sea,0,27.2,2024-05-11 04:48:00,27.2,New York
SC-37266,2024-08-15,New York,Dubai,9720,2560,0.5538,Rain,5.0,100.13,Textiles,Sea,0,5.9,2024-08-20 21:36:00,5.9,Ambarli
SC-62992,2024-09-03,Trieste,Tokyo,9378,3187,0.597,Clear,1.2,144.2,Machinery,Sea,0,7.4,2024-09-10 09:36:00,7.4,İzmir
SC-92948,2024-07-06,Dubai,Dubai,4719,5133,0.9931,Clear,3.0,89.05,Electronics,Sea,0,11.9,2024-07-17 21:36:00,11.9,Ambarli
SC-16910,2024-03-23,Trieste,İzmir,8025,5411,0.5075,Clear,2.3,108.3,Textiles,Sea,0,12.5,2024-04-04 12:00:00,12.5,Barcelona
SC-10206,2024-07-04,Ningbo,Marsilya,9122,3689,0.7541,Clear,2.6,80.21,Auto Parts,Sea,0,8.5,2024-07-12 12:00:00,8.5,New York
SC-97054,2024-09-08,Tokyo,Tokyo,6243,6407,0.7581,Clear,2.8,136.52,Auto Parts,Sea,0,14.8,2024-09-22 19:12:00,14.8,İzmir
SC-97897,2024-12-20,Antwerp,Atina,7722,4423,0.6316,Clear,4.0,91.79,Chemicals,Sea,0,10.2,2024-12-30 04:48:00,10.2,Jebel Ali
SC-33419,2024-08-25,İzmir,Trieste,9285,3369,0.8315,Clear,3.4,134.11,Electronics,Sea,0,7.8,2024-09-01 19:12:00,7.8,Singapore
SC-60636,2024-12-25,New York,Mersin,2646,8007,0.9725,Clear,4.8,90.4,Machinery,Sea,0,18.5,2025-01-12 12:00:00,18.5,Marsaxlokk
SC-60015,2024-07-02,Mersin,Atina,11438,8728,0.7251,Clear,2.3,109.17,Chemicals,Sea,1,26.3,2024-07-28 07:12:00,26.3,Ambarli
SC-64268,2024-10-10,Dubai,Dubai,10157,10772,0.8747,Rain,3.2,130.97,Auto Parts,Sea,1,32.4,2024-11-11 09:36:00,32.4,Dubai
SC-97939,2024-07-28,Valencia,Valencia,9843,2976,0.823,Clear,4.3,98.96,Machinery,Sea,0,6.9,2024-08-03 21:36:00,6.9,Trieste
SC-28141,2024-10-30,Shanghai,Ambarli,4218,6272,0.7365,Clear,2.5,101.97,Auto Parts,Sea,0,14.5,2024-11-13 12:00:00,14.5,Dubai
SC-90356,2024-10-22,Los Angeles,Rotterdam,5108,8497,0.5249,Clear,2.9,126.71,Auto Parts,Sea,0,19.7,2024-11-10 16:48:00,19.7,Atina
SC-81910,2024-04-06,Tokyo,Barcelona,8627,2118,0.8709,Fog,3.7,93.14,Electronics,Sea,0,4.9,2024-04-10 21:36:00,4.9,Jebel Ali
SC-66044,2024-07-26,Ningbo,Ambarli,6988,3542,0.6816,Rain,4.4,146.62,Textiles,Sea,0,8.2,2024-08-03 04:48:00,8.2,Mersin
SC-77214,2024-05-16,Singapore,Busan,2830,6862,0.6122,Clear,2.7,93.22,Machinery,Sea,1,20.6,2024-06-05 14:24:00,20.6,Atina
SC-43827,2024-07-02,New York,Singapore,9528,5043,0.9741,Clear,3.1,132.5,Electronics,Sea,0,11.7,2024-07-13 16:48:00,11.7,Piraeus
SC-65820,2024-03-16,Felixstowe,Ambarli,5722,2972,0.8868,Rain,4.9,136.18,Auto Parts,Sea,0,6.9,2024-03-22 21:36:00,6.9,Piraeus
SC-72623,2024-10-13,Dubai,Valencia,8578,2915,0.9811,Clear,1.2,106.21,Auto Parts,Sea,0,6.7,2024-10-19 16:48:00,6.7,Dubai
SC-91734,2024-05-21,New York,Busan,4786,8621,0.6281,Hurricane,2.8,90.94,Electronics,Sea,1,25.9,2024-06-15 21:36:00,25.9,Marsaxlokk
SC-85450,2024-08-24,Valencia,Hamburg,8650,11629,0.9179,Clear,3.5,91.61,Machinery,Sea,0,26.9,2024-09-19 21:36:00,26.9,New York
SC-32299,2024-01-25,Los Angeles,Marsilya,4368,2586,0.8039,Clear,1.0,148.98,Auto Parts,Sea,1,7.8,2024-02-01 19:12:00,7.8,New York
SC-53585,2024-10-16,Antwerp,Felixstowe,7272,10542,0.9908,Clear,3.4,130.78,Machinery,Sea,0,24.4,2024-11-09 09:36:00,24.4,İzmir
SC-74044,2024-03-07,Mersin,Ambarli,19246,7625,0.9732,Clear,1.2,111.5,Electronics,Sea,0,17.7,2024-03-24 16:48:00,17.7,Trieste
SC-52557,2024-09-06,Rotterdam,Barcelona,8778,9354,0.9865,Hurricane,4.4,98.01,Auto Parts,Sea,1,28.1,2024-10-04 02:24:00,28.1,Mersin
SC-59080,2024-04-27,Hamburg,Valencia,4255,6591,0.9759,Rain,4.2,81.32,Chemicals,Sea,0,15.3,2024-05-12 07:12:00,15.3,Atina
SC-12693,2024-03-13,Los Angeles,Trieste,5672,4562,0.5038,Clear,1.1,126.93,Chemicals,Sea,0,10.6,2024-03-23 14:24:00,10.6,İzmir
SC-79163,2024-10-08,Felixstowe,Los Angeles,4286,8839,0.8705,Clear,1.2,146.98,Auto Parts,Sea,0,20.5,2024-10-28 12:00:00,20.5,Tanger Med
SC-35939,2024-12-25,Shanghai,Mersin,13051,10464,0.636,Rain,4.0,87.48,Textiles,Sea,0,24.2,2025-01-18 04:48:00,24.2,Jebel Ali
SC-58925,2024-01-10,Antwerp,Los Angeles,8426,4927,0.8525,Clear,2.5,132.81,Auto Parts,Sea,1,14.8,2024-01-24 19:12:00,14.8,İzmir
SC-52941,2024-07-29,Shanghai,İzmir,8069,8195,0.9903,Clear,3.3,90.73,Auto Parts,Sea,0,19.0,2024-08-17 00:00:00,19.0,Atina
SC-31834,2024-11-18,Dubai,Rotterdam,5581,8276,0.5197,Clear,2.1,135.45,Auto Parts,Sea,0,19.2,2024-12-07 04:48:00,19.2,Tanger Med
SC-28047,2024-05-31,Mersin,Valencia,9261,11956,0.7835,Clear,1.7,105.94,Electronics,Sea,0,27.7,2024-06-27 16:48:00,27.7,Piraeus
SC-36105,2024-01-05,New York,Rotterdam,5962,6290,0.8675,Rain,2.2,129.84,Auto Parts,Sea,0,14.6,2024-01-19 14:24:00,14.6,Tanger Med
SC-85766,2024-07-13,Dubai,Busan,17792,7882,0.6267,Clear,2.0,144.84,Auto Parts,Sea,0,18.2,2024-07-31 04:48:00,18.2,Mersin
SC-25707,2024-10-09,Tokyo,Busan,6131,8446,0.6126,Clear,2.8,123.41,Electronics,Sea,0,19.6,2024-10-28 14:24:00,19.6,Piraeus
SC-31976,2024-04-22,İzmir,Dubai,6011,7167,0.5302,Rain,4.0,144.45,Auto Parts,Sea,0,16.6,2024-05-08 14:24:00,16.6,Trieste
SC-54262,2024-09-27,Antwerp,Dubai,5261,11962,0.547,Clear,3.2,96.45,Chemicals,Sea,0,27.7,2024-10-24 16:48:00,27.7,İzmir
SC-33776,2024-06-11,Felixstowe,İzmir,9023,3522,0.8284,Clear,3.4,148.47,Chemicals,Sea,1,10.6,2024-06-21 14:24:00,10.6,İzmir
SC-40080,2024-04-14,Valencia,Trieste,9439,11023,0.7526,Rain,2.9,141.1,Auto Parts,Sea,0,25.5,2024-05-09 12:00:00,25.5,Atina
SC-76842,2024-06-29,Marsilya,Los Angeles,3114,2561,0.515,Clear,2.3,87.53,Electronics,Sea,0,5.9,2024-07-04 21:36:00,5.9,Marsaxlokk
SC-71373,2024-02-13,Trieste,Dubai,8902,5540,0.9848,Clear,1.6,108.95,Auto Parts,Sea,0,12.8,2024-02-25 19:12:00,12.8,Mersin
SC-16776,2024-10-08,Ningbo,Felixstowe,7731,3479,0.828,Clear,2.4,144.89,Auto Parts,Sea,0,8.1,2024-10-16 02:24:00,8.1,New York
SC-65016,2024-06-23,Dubai,Dubai,8956,8677,0.7577,Rain,3.7,85.47,Machinery,Sea,0,20.1,2024-07-13 02:24:00,20.1,Singapore
SC-19474,2024-06-10,Dubai,Ningbo,10884,3205,0.6364,Clear,3.9,111.76,Textiles,Sea,1,9.6,2024-06-19 14:24:00,9.6,Barcelona
SC-68053,2024-12-16,Hamburg,Trieste,9544,8660,0.829,Clear,2.9,130.65,Electronics,Sea,0,20.0,2025-01-05 00:00:00,20.0,Jebel Ali
SC-31959,2024-12-05,Shanghai,Trieste,14792,10848,0.6821,Clear,3.6,82.34,Textiles,Sea,0,25.1,2024-12-30 02:24:00,25.1,Piraeus
SC-15530,2024-05-19,Hamburg,Antwerp,11429,2589,0.8512,Rain,1.8,132.7,Machinery,Sea,0,6.0,2024-05-25 00:00:00,6.0,Dubai
SC-13748,2024-05-11,Trieste,Rotterdam,5690,6326,0.8413,Clear,4.4,105.28,Textiles,Sea,0,14.6,2024-05-25 14:24:00,14.6,Mersin
SC-23545,2024-03-27,Rotterdam,Tokyo,8398,6904,0.5464,Rain,4.5,97.46,Auto Parts,Sea,0,16.0,2024-04-12 00:00:00,16.0,Trieste
SC-76199,2024-06-24,Felixstowe,Trieste,7898,11563,0.9546,Clear,2.3,120.32,Chemicals,Sea,0,26.8,2024-07-20 19:12:00,26.8,İzmir
SC-44766,2024-07-01,Mersin,Felixstowe,13733,8421,0.7435,Clear,3.2,118.1,Electronics,Sea,0,19.5,2024-07-20 12:00:00,19.5,Piraeus
SC-83530,2024-05-08,Atina,Ningbo,2892,5759,0.6965,Fog,3.4,141.18,Electronics,Sea,0,13.3,2024-05-21 07:12:00,13.3,Barcelona
SC-71087,2024-09-02,New York,Atina,14240,10939,0.9777,Clear,2.9,127.32,Auto Parts,Sea,0,25.3,2024-09-27 07:12:00,25.3,New York
SC-78840,2024-03-29,Felixstowe,Mersin,13043,10655,0.7191,Clear,4.6,109.53,Textiles,Sea,0,24.7,2024-04-22 16:48:00,24.7,New York
SC-64384,2024-03-06,Rotterdam,Singapore,10882,10945,0.8606,Clear,4.0,125.51,Electronics,Sea,0,25.3,2024-03-31 07:12:00,25.3,Trieste
SC-61005,2024-06-06,Antwerp,Dubai,2891,7936,0.8276,Clear,3.7,132.51,Machinery,Sea,0,18.4,2024-06-24 09:36:00,18.4,Mersin
SC-56576,2024-05-28,Dubai,New York,6216,10774,0.5826,Clear,3.1,145.61,Machinery,Sea,0,24.9,2024-06-21 21:36:00,24.9,İzmir
SC-49353,2024-12-05,Los Angeles,Singapore,11703,4205,0.9956,Storm,1.3,129.3,Textiles,Sea,0,9.7,2024-12-14 16:48:00,9.7,Marsaxlokk
SC-72003,2024-04-25,Tokyo,Rotterdam,5440,6114,0.7318,Rain,1.4,118.07,Machinery,Sea,0,14.2,2024-05-09 04:48:00,14.2,Marsaxlokk
SC-93211,2024-08-01,Valencia,Antwerp,14768,6027,0.6974,Clear,2.2,106.11,Chemicals,Sea,0,14.0,2024-08-15 00:00:00,14.0,Ambarli
SC-62733,2024-10-20,Tokyo,Atina,13600,6816,0.9598,Fog,1.8,142.4,Auto Parts,Sea,1,20.5,2024-11-09 12:00:00,20.5,Mersin
SC-75318,2024-09-09,Mersin,Singapore,3168,9188,0.7646,Clear,4.8,135.48,Electronics,Sea,0,21.3,2024-09-30 07:12:00,21.3,Ambarli
SC-99474,2024-05-22,İzmir,Felixstowe,5201,4808,0.8525,Clear,2.6,85.4,Auto Parts,Sea,0,11.1,2024-06-02 02:24:00,11.1,İzmir
SC-33664,2024-09-06,Marsilya,Dubai,3952,5603,0.9231,Clear,4.5,128.97,Textiles,Sea,0,13.0,2024-09-19 00:00:00,13.0,Piraeus
SC-77172,2024-10-28,Trieste,Barcelona,6555,5913,0.6177,Clear,4.3,117.71,Auto Parts,Sea,0,13.7,2024-11-10 16:48:00,13.7,Mersin
SC-95616,2024-01-25,Shanghai,New York,5020,3419,0.5847,Clear,4.3,87.26,Electronics,Sea,0,7.9,2024-02-01 21:36:00,7.9,Marsaxlokk
SC-36736,2024-10-03,Shanghai,Trieste,14102,4167,0.5343,Fog,1.9,119.55,Electronics,Sea,0,9.6,2024-10-12 14:24:00,9.6,Mersin
SC-10854,2024-03-10,Felixstowe,Ningbo,7047,4144,0.9486,Rain,2.8,93.48,Textiles,Sea,0,9.6,2024-03-19 14:24:00,9.6,Mersin
SC-48623,2024-04-22,Shanghai,Barcelona,5928,4167,0.6002,Clear,2.3,129.57,Electronics,Sea,0,9.6,2024-05-01 14:24:00,9.6,Ambarli
SC-17392,2024-12-28,Hamburg,Los Angeles,6020,11752,0.6539,Clear,4.9,99.49,Machinery,Sea,0,27.2,2025-01-24 04:48:00,27.2,Jebel Ali
SC-65680,2024-04-21,Trieste,Singapore,3974,11368,0.6429,Clear,4.5,90.52,Auto Parts,Sea,0,26.3,2024-05-17 07:12:00,26.3,Trieste
SC-56717,2024-12-29,Shanghai,Mersin,3839,11460,0.6523,Fog,2.0,85.74,Chemicals,Sea,1,34.5,2025-02-01 12:00:00,34.5,Piraeus
SC-97092,2024-10-29,Rotterdam,Atina,7182,7891,0.834,Clear,2.3,114.36,Chemicals,Sea,0,18.3,2024-11-16 07:12:00,18.3,Dubai
SC-60859,2024-03-31,Ningbo,Dubai,9373,8536,0.9771,Clear,3.1,93.97,Chemicals,Sea,0,19.8,2024-04-19 19:12:00,19.8,Piraeus
SC-36309,2024-01-18,İzmir,Antwerp,5626,3166,0.6647,Fog,2.1,139.86,Textiles,Sea,0,7.3,2024-01-25 07:12:00,7.3,New York
SC-97455,2024-05-28,Valencia,Antwerp,5620,5575,0.7038,Clear,4.3,80.21,Chemicals,Sea,0,12.9,2024-06-09 21:36:00,12.9,Mersin
SC-73734,2024-08-14,Busan,Rotterdam,6670,4841,0.8856,Clear,4.3,139.05,Auto Parts,Sea,0,11.2,2024-08-25 04:48:00,11.2,Barcelona
SC-80467,2024-08-01,İzmir,New York,10651,3870,0.7162,Clear,3.9,116.48,Electronics,Sea,0,9.0,2024-08-10 00:00:00,9.0,Ambarli
SC-62662,2024-12-25,Felixstowe,Rotterdam,3875,4886,0.963,Clear,3.8,144.55,Machinery,Sea,0,11.3,2025-01-05 07:12:00,11.3,Singapore
SC-22688,2024-05-30,Shanghai,Ningbo,13689,2159,0.7516,Clear,3.2,94.32,Chemicals,Sea,0,5.0,2024-06-04 00:00:00,5.0,Mersin
SC-35342,2024-07-10,Ambarli,Tokyo,8311,9243,0.6739,Clear,2.4,87.16,Chemicals,Sea,0,21.4,2024-07-31 09:36:00,21.4,Ambarli
SC-47157,2024-02-09,Rotterdam,Antwerp,6663,5763,0.9858,Clear,4.3,123.75,Chemicals,Sea,0,13.3,2024-02-22 07:12:00,13.3,İzmir
SC-77863,2024-08-29,Hamburg,Barcelona,4378,3055,0.7129,Clear,4.4,129.47,Machinery,Sea,0,7.1,2024-09-05 02:24:00,7.1,Dubai
SC-62083,2024-05-17,Shanghai,Valencia,8286,2333,0.6156,Clear,1.2,106.08,Auto Parts,Sea,0,5.4,2024-05-22 09:36:00,5.4,Singapore
SC-75733,2024-12-10,Shanghai,Ningbo,18815,5596,0.5889,Clear,2.6,80.96,Chemicals,Sea,0,13.0,2024-12-23 00:00:00,13.0,Barcelona
SC-99045,2024-06-28,Tokyo,Felixstowe,3393,9607,0.9976,Clear,1.1,108.49,Electronics,Sea,0,22.2,2024-07-20 04:48:00,22.2,Marsaxlokk
SC-44698,2024-07-18,Tokyo,Antwerp,6688,11083,0.8765,Fog,4.4,96.37,Textiles,Sea,1,33.4,2024-08-20 09:36:00,33.4,New York
SC-90623,2024-07-21,Singapore,Hamburg,8964,3362,0.7043,Clear,1.7,104.32,Machinery,Sea,1,10.1,2024-07-31 02:24:00,10.1,Mersin
SC-32671,2024-03-01,İzmir,Tokyo,4592,2925,0.9132,Clear,3.7,115.47,Auto Parts,Sea,0,6.8,2024-03-07 19:12:00,6.8,Barcelona
SC-35184,2024-07-10,Barcelona,İzmir,12340,7519,0.7734,Clear,2.4,129.16,Electronics,Sea,0,17.4,2024-07-27 09:36:00,17.4,Mersin
SC-52107,2024-01-05,Dubai,İzmir,8583,4443,0.6587,Clear,4.3,147.43,Machinery,Sea,0,10.3,2024-01-15 07:12:00,10.3,Ambarli
SC-96202,2024-08-24,Mersin,New York,9370,5980,0.8717,Clear,3.0,90.08,Machinery,Sea,0,13.8,2024-09-06 19:12:00,13.8,Trieste
SC-61663,2024-06-29,Dubai,Rotterdam,3532,9260,0.8729,Fog,2.3,127.59,Textiles,Sea,1,27.9,2024-07-26 21:36:00,27.9,Trieste
SC-25708,2024-11-06,Ningbo,New York,13255,3419,0.7501,Clear,2.3,96.32,Textiles,Sea,0,7.9,2024-11-13 21:36:00,7.9,Dubai
SC-59811,2024-02-06,İzmir,Shanghai,3047,2059,0.5226,Rain,2.3,95.45,Auto Parts,Sea,0,4.8,2024-02-10 19:12:00,4.8,Trieste
SC-12811,2024-02-25,New York,New York,3522,4524,0.5385,Clear,4.2,124.35,Chemicals,Sea,0,10.5,2024-03-06 12:00:00,10.5,New York
SC-66250,2024-08-24,Antwerp,Marsilya,8765,5797,0.8944,Clear,3.8,134.32,Textiles,Sea,0,13.4,2024-09-06 09:36:00,13.4,Singapore
SC-82082,2024-12-23,İzmir,Busan,12119,3578,0.9117,Rain,2.3,148.45,Auto Parts,Sea,0,8.3,2024-12-31 07:12:00,8.3,İzmir
SC-44754,2024-12-14,İzmir,Ambarli,5628,9201,0.8391,Clear,3.0,133.82,Machinery,Sea,0,21.3,2025-01-04 07:12:00,21.3,Ambarli
SC-21411,2024-07-15,Ambarli,Hamburg,12976,2707,0.9195,Clear,1.3,91.01,Chemicals,Sea,0,6.3,2024-07-21 07:12:00,6.3,Ambarli
SC-12911,2024-03-13,Atina,Hamburg,7419,10165,0.8597,Clear,4.3,95.78,Electronics,Sea,0,23.5,2024-04-05 12:00:00,23.5,Ambarli
SC-77270,2024-02-28,Mersin,Marsilya,8766,7277,0.9485,Clear,2.1,133.3,Machinery,Sea,0,16.8,2024-03-15 19:12:00,16.8,Trieste
SC-93763,2024-08-27,Singapore,Ambarli,7332,3780,0.5752,Clear,4.6,116.89,Auto Parts,Sea,0,8.8,2024-09-04 19:12:00,8.8,Singapore
SC-18680,2024-01-02,Dubai,Felixstowe,2938,4413,0.6939,Rain,3.4,100.68,Electronics,Sea,0,10.2,2024-01-12 04:48:00,10.2,Piraeus
SC-94896,2024-12-25,Mersin,New York,3712,9750,0.7321,Clear,3.3,113.02,Machinery,Sea,0,22.6,2025-01-16 14:24:00,22.6,Piraeus
SC-93879,2024-07-06,Antwerp,Valencia,7987,4161,0.6488,Fog,1.7,144.04,Textiles,Sea,0,9.6,2024-07-15 14:24:00,9.6,Barcelona
SC-81295,2024-11-02,İzmir,Dubai,5634,10800,0.8627,Clear,1.3,132.89,Auto Parts,Sea,0,25.0,2024-11-27 00:00:00,25.0,İzmir
SC-98614,2024-01-30,Mersin,Dubai,5937,2308,0.9562,Clear,3.2,111.55,Electronics,Sea,0,5.3,2024-02-04 07:12:00,5.3,New York
SC-21111,2024-09-23,Rotterdam,Singapore,3533,7439,0.7062,Clear,2.9,148.64,Textiles,Sea,1,22.4,2024-10-15 09:36:00,22.4,Mersin
SC-47504,2024-04-17,New York,Dubai,4987,6307,0.9708,Clear,1.5,135.64,Electronics,Sea,0,14.6,2024-05-01 14:24:00,14.6,New York
SC-11802,2024-11-27,Tokyo,Hamburg,7216,4364,0.7584,Clear,4.3,80.41,Chemicals,Sea,0,10.1,2024-12-07 02:24:00,10.1,Trieste
SC-18155,2024-03-30,Felixstowe,Singapore,5391,2184,0.7613,Clear,2.7,87.87,Chemicals,Sea,0,5.1,2024-04-04 02:24:00,5.1,Dubai
SC-83656,2024-07-23,Shanghai,Valencia,3833,7324,0.8001,Storm,2.0,118.78,Auto Parts,Sea,1,22.0,2024-08-14 00:00:00,22.0,Mersin
SC-49384,2024-08-07,Valencia,Felixstowe,7497,7483,0.6342,Rain,4.2,104.5,Electronics,Sea,0,17.3,2024-08-24 07:12:00,17.3,Mersin
SC-57254,2024-04-03,Dubai,Dubai,16818,2245,0.6917,Rain,4.7,136.88,Chemicals,Sea,0,5.2,2024-04-08 04:48:00,5.2,Dubai
SC-31918,2024-04-12,Atina,Rotterdam,14008,10430,0.7766,Clear,2.2,142.7,Machinery,Sea,0,24.1,2024-05-06 02:24:00,24.1,Jebel Ali
SC-95981,2024-08-10,Hamburg,Dubai,7798,10183,0.971,Fog,4.1,96.85,Machinery,Sea,0,23.6,2024-09-02 14:24:00,23.6,İzmir
SC-70713,2024-07-04,Valencia,Ningbo,2742,7924,0.8213,Clear,3.6,133.43,Chemicals,Sea,1,23.8,2024-07-27 19:12:00,23.8,Barcelona
SC-40306,2024-07-02,Dubai,Dubai,6095,2519,0.6666,Rain,5.0,117.48,Chemicals,Sea,0,5.8,2024-07-07 19:12:00,5.8,Barcelona
SC-26646,2024-06-10,Shanghai,Ningbo,8745,5907,0.5052,Clear,1.8,107.44,Auto Parts,Sea,0,13.7,2024-06-23 16:48:00,13.7,Piraeus
SC-56843,2024-09-03,Ningbo,Dubai,6686,2276,0.9908,Clear,4.8,135.07,Auto Parts,Sea,0,5.3,2024-09-08 07:12:00,5.3,Mersin
SC-26371,2024-01-31,Ambarli,Shanghai,9064,7101,0.7465,Hurricane,2.3,119.54,Machinery,Sea,1,21.4,2024-02-21 09:36:00,21.4,Atina
SC-87371,2024-02-21,İzmir,Dubai,9207,10797,0.9692,Clear,2.6,124.47,Textiles,Sea,0,25.0,2024-03-17 00:00:00,25.0,Barcelona
SC-12049,2024-12-10,Felixstowe,İzmir,13051,6573,0.7747,Fog,2.4,84.36,Electronics,Sea,0,15.2,2024-12-25 04:48:00,15.2,Jebel Ali
SC-41616,2024-03-16,Barcelona,Atina,3102,6603,0.8027,Clear,2.1,121.01,Textiles,Sea,0,15.3,2024-03-31 07:12:00,15.3,New York
SC-30932,2024-10-04,Tokyo,Ambarli,3091,6053,0.856,Clear,3.8,101.05,Auto Parts,Sea,0,14.0,2024-10-18 00:00:00,14.0,Ambarli
SC-39855,2024-02-09,Ambarli,Dubai,8478,8812,0.6605,Rain,3.4,114.53,Textiles,Sea,0,20.4,2024-02-29 09:36:00,20.4,Barcelona
SC-71434,2024-04-10,New York,Antwerp,4178,8073,0.8495,Clear,2.2,95.54,Auto Parts,Sea,0,18.7,2024-04-28 16:48:00,18.7,Tanger Med
SC-82694,2024-04-20,Ningbo,İzmir,6776,2141,0.7634,Rain,1.5,123.01,Textiles,Sea,0,5.0,2024-04-25 00:00:00,5.0,Piraeus
SC-53016,2024-11-16,Trieste,Ambarli,13640,3717,0.8362,Clear,2.3,90.32,Machinery,Sea,0,8.6,2024-11-24 14:24:00,8.6,Tanger Med
SC-17400,2024-09-05,Singapore,Trieste,3946,9313,0.9179,Clear,2.5,88.6,Auto Parts,Sea,0,21.6,2024-09-26 14:24:00,21.6,Barcelona
SC-52642,2024-07-09,Marsilya,Shanghai,7852,7714,0.5921,Clear,2.5,93.19,Machinery,Sea,0,17.9,2024-07-26 21:36:00,17.9,Piraeus
SC-25151,2024-06-30,New York,New York,6144,2399,0.8068,Clear,2.4,137.22,Textiles,Sea,0,5.6,2024-07-05 14:24:00,5.6,Ambarli
SC-61407,2024-11-30,Marsilya,Marsilya,5730,6763,0.5261,Rain,1.2,82.35,Chemicals,Sea,0,15.7,2024-12-15 16:48:00,15.7,Singapore
SC-76690,2024-07-27,Tokyo,İzmir,14934,11714,0.5511,Clear,2.9,131.07,Chemicals,Sea,0,27.1,2024-08-23 02:24:00,27.1,Atina
SC-14499,2024-01-22,Valencia,İzmir,19443,11526,0.8373,Clear,4.3,83.96,Electronics,Sea,0,26.7,2024-02-17 16:48:00,26.7,Atina
SC-16295,2024-06-14,Los Angeles,Tokyo,5590,8255,0.5355,Rain,1.7,121.43,Chemicals,Sea,0,19.1,2024-07-03 02:24:00,19.1,Singapore
SC-69040,2024-04-08,Antwerp,Dubai,5996,2238,0.7977,Clear,1.6,134.15,Electronics,Sea,0,5.2,2024-04-13 04:48:00,5.2,Barcelona
SC-22183,2024-07-26,Atina,Trieste,2592,5215,0.61,Fog,2.9,96.18,Textiles,Sea,1,15.7,2024-08-10 16:48:00,15.7,Jebel Ali
SC-39299,2024-01-08,Dubai,Marsilya,9036,9541,0.652,Fog,2.5,93.72,Electronics,Sea,1,28.7,2024-02-05 16:48:00,28.7,Mersin
SC-22874,2024-07-08,Valencia,İzmir,12341,5647,0.5648,Clear,3.2,100.24,Electronics,Sea,0,13.1,2024-07-21 02:24:00,13.1,New York
SC-42711,2024-06-23,Atina,Los Angeles,6811,7408,0.6243,Clear,4.8,128.97,Electronics,Sea,0,17.1,2024-07-10 02:24:00,17.1,Singapore
SC-15539,2024-09-29,Antwerp,Antwerp,7681,11808,0.9106,Clear,4.0,97.84,Machinery,Sea,0,27.3,2024-10-26 07:12:00,27.3,İzmir
SC-63351,2024-01-17,İzmir,Valencia,13935,8340,0.8194,Rain,3.7,115.12,Electronics,Sea,0,19.3,2024-02-05 07:12:00,19.3,Dubai
SC-71267,2024-03-30,Trieste,Los Angeles,7847,4429,0.9749,Clear,2.7,89.41,Auto Parts,Sea,0,10.3,2024-04-09 07:12:00,10.3,Trieste
SC-58354,2024-05-20,Dubai,Trieste,4407,5652,0.5244,Rain,2.1,112.28,Textiles,Sea,0,13.1,2024-06-02 02:24:00,13.1,Ambarli
SC-12557,2024-05-24,Singapore,Atina,6798,11913,0.8962,Clear,3.2,123.73,Machinery,Sea,0,27.6,2024-06-20 14:24:00,27.6,Ambarli
SC-48360,2024-06-14,Ningbo,Dubai,11528,8307,0.8495,Rain,4.5,85.03,Auto Parts,Sea,0,19.2,2024-07-03 04:48:00,19.2,Dubai
SC-92018,2024-12-02,Hamburg,Ningbo,4755,11464,0.6304,Rain,4.5,137.08,Textiles,Sea,1,34.5,2025-01-05 12:00:00,34.5,Barcelona
SC-12200,2024-03-18,Marsilya,Mersin,3311,7140,0.8646,Fog,2.8,145.62,Machinery,Sea,0,16.5,2024-04-03 12:00:00,16.5,Ambarli
SC-78497,2024-09-18,Dubai,Atina,8626,4878,0.8583,Clear,2.0,93.55,Textiles,Sea,0,11.3,2024-09-29 07:12:00,11.3,İzmir
SC-56975,2024-06-11,Valencia,Dubai,9283,3535,0.7297,Clear,1.9,133.16,Chemicals,Sea,0,8.2,2024-06-19 04:48:00,8.2,Atina
SC-31357,2024-01-14,Barcelona,Hamburg,7142,10727,0.8443,Clear,1.1,101.94,Textiles,Sea,0,24.8,2024-02-07 19:12:00,24.8,Ambarli
SC-87505,2024-08-26,Rotterdam,Tokyo,8067,8254,0.7223,Clear,4.4,127.37,Chemicals,Sea,0,19.1,2024-09-14 02:24:00,19.1,Singapore
SC-12869,2024-03-12,New York,Shanghai,8442,2948,0.6678,Clear,2.1,101.47,Chemicals,Sea,0,6.8,2024-03-18 19:12:00,6.8,Atina
SC-71135,2024-05-22,İzmir,Dubai,6192,5941,0.7332,Storm,2.4,140.36,Textiles,Sea,1,17.9,2024-06-08 21:36:00,17.9,Tanger Med
SC-60108,2024-11-05,Singapore,Rotterdam,10855,11213,0.9476,Rain,4.2,104.3,Chemicals,Sea,0,26.0,2024-12-01 00:00:00,26.0,Jebel Ali
SC-48467,2024-10-09,Antwerp,Busan,9862,8603,0.6923,Clear,1.5,139.42,Machinery,Sea,0,19.9,2024-10-28 21:36:00,19.9,Trieste
SC-33328,2024-09-25,Valencia,Ningbo,4381,10625,0.7018,Rain,2.8,133.63,Chemicals,Sea,0,24.6,2024-10-19 14:24:00,24.6,Barcelona
SC-96831,2024-08-28,Valencia,Hamburg,10868,3403,0.8042,Clear,1.5,93.74,Electronics,Sea,1,10.2,2024-09-07 04:48:00,10.2,Dubai
SC-13987,2024-09-01,Marsilya,Rotterdam,5422,9819,0.8765,Clear,2.8,90.99,Machinery,Sea,0,22.7,2024-09-23 16:48:00,22.7,Marsaxlokk
SC-68871,2024-06-11,Antwerp,Valencia,7715,5511,0.8673,Rain,1.2,134.58,Machinery,Sea,0,12.8,2024-06-23 19:12:00,12.8,New York
SC-32399,2024-02-29,Barcelona,Shanghai,8025,4935,0.5099,Storm,3.1,107.32,Machinery,Sea,1,14.9,2024-03-14 21:36:00,14.9,Singapore
SC-56214,2024-01-06,İzmir,Rotterdam,13369,6878,0.8437,Clear,4.2,146.46,Electronics,Sea,1,20.7,2024-01-26 16:48:00,20.7,Singapore
SC-96416,2024-07-15,Trieste,Busan,5267,9506,0.7253,Rain,3.7,146.01,Electronics,Sea,1,28.6,2024-08-12 14:24:00,28.6,Jebel Ali
SC-80271,2024-02-27,Shanghai,Singapore,5659,9591,0.762,Rain,3.0,128.54,Electronics,Sea,0,22.2,2024-03-20 04:48:00,22.2,Mersin
SC-54064,2024-10-31,Ambarli,Felixstowe,2891,7060,0.7808,Clear,4.3,115.04,Electronics,Sea,0,16.3,2024-11-16 07:12:00,16.3,Jebel Ali
SC-80091,2024-08-04,Antwerp,Los Angeles,9259,5333,0.8659,Clear,1.9,93.65,Electronics,Sea,0,12.3,2024-08-16 07:12:00,12.3,Atina
SC-50818,2024-01-26,Dubai,Felixstowe,9957,3602,0.9157,Rain,4.3,141.77,Auto Parts,Sea,0,8.3,2024-02-03 07:12:00,8.3,İzmir
SC-55525,2024-10-29,Rotterdam,Hamburg,2952,10420,0.8231,Rain,2.1,85.74,Auto Parts,Sea,1,31.4,2024-11-29 09:36:00,31.4,Piraeus
SC-29830,2024-01-05,Dubai,Rotterdam,2593,4196,0.782,Clear,2.4,105.92,Electronics,Sea,0,9.7,2024-01-14 16:48:00,9.7,Trieste
SC-27429,2024-01-20,İzmir,Antwerp,5252,2110,0.6869,Clear,1.5,102.35,Machinery,Sea,0,4.9,2024-01-24 21:36:00,4.9,New York
SC-16893,2024-07-16,Busan,Dubai,5189,11436,0.5689,Clear,1.4,147.09,Chemicals,Sea,0,26.5,2024-08-11 12:00:00,26.5,Piraeus
SC-89909,2024-02-28,Hamburg,New York,16333,8023,0.9793,Rain,4.7,88.27,Chemicals,Sea,0,18.6,2024-03-17 14:24:00,18.6,Tanger Med
SC-57333,2024-08-29,Marsilya,Marsilya,8628,6159,0.7309,Clear,1.8,142.31,Auto Parts,Sea,0,14.3,2024-09-12 07:12:00,14.3,Atina
SC-13436,2024-05-25,Ningbo,Barcelona,3435,5867,0.7831,Clear,2.3,111.95,Electronics,Sea,0,13.6,2024-06-07 14:24:00,13.6,Jebel Ali
SC-84290,2024-09-29,Trieste,İzmir,7518,11569,0.8755,Rain,3.1,83.32,Textiles,Sea,0,26.8,2024-10-25 19:12:00,26.8,Atina
SC-86213,2024-09-05,Dubai,Antwerp,3348,9641,0.5342,Clear,2.4,131.02,Chemicals,Sea,0,22.3,2024-09-27 07:12:00,22.3,Tanger Med
SC-15895,2024-01-14,Valencia,Los Angeles,9733,7004,0.9275,Rain,4.5,87.06,Chemicals,Sea,1,21.1,2024-02-04 02:24:00,21.1,Piraeus
SC-29738,2024-01-13,Valencia,Dubai,13362,11963,0.8985,Fog,4.6,96.59,Machinery,Sea,0,27.7,2024-02-09 16:48:00,27.7,Atina
SC-40746,2024-02-13,Dubai,Ningbo,17501,10204,0.8872,Rain,2.3,135.98,Chemicals,Sea,1,30.7,2024-03-14 16:48:00,30.7,Tanger Med
SC-59377,2024-01-19,Tokyo,Hamburg,8482,9077,0.511,Fog,1.4,90.83,Auto Parts,Sea,1,27.3,2024-02-15 07:12:00,27.3,İzmir
SC-58404,2024-03-03,Ambarli,Rotterdam,6305,5261,0.7633,Fog,1.8,102.78,Electronics,Sea,1,15.8,2024-03-18 19:12:00,15.8,Trieste
SC-64045,2024-08-26,Busan,Rotterdam,9193,2662,0.5271,Clear,2.9,105.27,Electronics,Sea,0,6.2,2024-09-01 04:48:00,6.2,Marsaxlokk
SC-49790,2024-12-02,Dubai,Ambarli,9411,10885,0.7754,Rain,2.2,121.22,Chemicals,Sea,0,25.2,2024-12-27 04:48:00,25.2,İzmir
SC-15600,2024-04-09,Tokyo,Dubai,10631,5390,0.8592,Clear,2.8,135.3,Textiles,Sea,0,12.5,2024-04-21 12:00:00,12.5,Marsaxlokk
SC-50764,2024-06-11,Trieste,Marsilya,5674,11373,0.5609,Clear,4.0,96.16,Auto Parts,Sea,0,26.3,2024-07-07 07:12:00,26.3,New York
SC-84543,2024-05-01,İzmir,Antwerp,8505,5018,0.8474,Clear,2.7,94.4,Chemicals,Sea,0,11.6,2024-05-12 14:24:00,11.6,Ambarli
SC-55714,2024-02-13,Los Angeles,Marsilya,5662,11696,0.7248,Clear,1.8,95.53,Auto Parts,Sea,0,27.1,2024-03-11 02:24:00,27.1,Tanger Med
SC-66835,2024-12-25,Singapore,Marsilya,14583,3902,0.9058,Clear,2.4,106.71,Textiles,Sea,0,9.0,2025-01-03 00:00:00,9.0,Jebel Ali
SC-83744,2024-11-12,Atina,Tokyo,9602,6171,0.7668,Clear,4.0,117.46,Auto Parts,Sea,0,14.3,2024-11-26 07:12:00,14.3,Dubai
SC-66491,2024-05-24,Trieste,Shanghai,3640,2328,0.6681,Clear,2.7,80.94,Auto Parts,Sea,0,5.4,2024-05-29 09:36:00,5.4,New York
SC-28589,2024-11-22,Barcelona,Hamburg,13228,11631,0.666,Fog,2.0,134.62,Auto Parts,Sea,1,35.0,2024-12-27 00:00:00,35.0,Atina
SC-53484,2024-12-28,Los Angeles,Atina,3399,8295,0.9487,Clear,2.7,144.87,Electronics,Sea,1,25.0,2025-01-22 00:00:00,25.0,Piraeus
SC-92989,2024-02-19,Ningbo,Rotterdam,12574,5846,0.7264,Clear,2.8,139.05,Textiles,Sea,0,13.5,2024-03-03 12:00:00,13.5,Dubai
SC-46212,2024-03-05,Barcelona,Antwerp,3971,2224,0.7029,Clear,2.2,82.6,Electronics,Sea,0,5.1,2024-03-10 02:24:00,5.1,Trieste
SC-53525,2024-12-20,Trieste,Ningbo,8391,4520,0.5199,Clear,5.0,116.72,Machinery,Sea,0,10.5,2024-12-30 12:00:00,10.5,İzmir
SC-57202,2024-10-14,Busan,Atina,4706,10064,0.6822,Rain,4.1,136.98,Chemicals,Sea,1,30.3,2024-11-13 07:12:00,30.3,Atina
SC-42635,2024-06-12,Mersin,Felixstowe,6428,5714,0.9248,Clear,3.8,104.09,Electronics,Sea,0,13.2,2024-06-25 04:48:00,13.2,Marsaxlokk
SC-73208,2024-05-20,Dubai,Dubai,11252,4407,0.8805,Clear,4.4,142.79,Auto Parts,Sea,0,10.2,2024-05-30 04:48:00,10.2,Mersin
SC-43828,2024-11-09,Mersin,Mersin,16902,8683,0.6105,Rain,3.7,142.08,Machinery,Sea,0,20.1,2024-11-29 02:24:00,20.1,Trieste
SC-28711,2024-05-07,Mersin,Barcelona,11356,2810,0.7065,Clear,4.2,89.92,Textiles,Sea,0,6.5,2024-05-13 12:00:00,6.5,Marsaxlokk
SC-13420,2024-08-26,Dubai,Barcelona,3866,8752,0.5983,Fog,2.7,114.55,Textiles,Sea,1,26.3,2024-09-21 07:12:00,26.3,Trieste
SC-10301,2024-11-19,Shanghai,Ningbo,17428,5117,0.9771,Clear,3.0,81.8,Electronics,Sea,0,11.8,2024-11-30 19:12:00,11.8,Atina
SC-55236,2024-10-22,New York,Rotterdam,11192,6773,0.7991,Clear,1.2,99.73,Auto Parts,Sea,0,15.7,2024-11-06 16:48:00,15.7,Jebel Ali
SC-76235,2024-07-05,Valencia,Hamburg,3955,5290,0.8772,Clear,2.1,136.83,Auto Parts,Sea,0,12.2,2024-07-17 04:48:00,12.2,Tanger Med
SC-64240,2024-07-26,Dubai,Atina,3891,4251,0.8569,Clear,2.5,148.26,Textiles,Sea,0,9.8,2024-08-04 19:12:00,9.8,Marsaxlokk
SC-75726,2024-08-07,Shanghai,Dubai,6445,6661,0.9368,Clear,3.5,143.93,Auto Parts,Sea,0,15.4,2024-08-22 09:36:00,15.4,Jebel Ali
SC-20492,2024-07-08,Los Angeles,Hamburg,13638,6606,0.9747,Clear,2.9,82.98,Chemicals,Sea,0,15.3,2024-07-23 07:12:00,15.3,Trieste
SC-16102,2024-12-11,Valencia,Felixstowe,4234,11115,0.5162,Rain,3.4,144.87,Electronics,Sea,0,25.7,2025-01-05 16:48:00,25.7,İzmir
SC-60336,2024-10-10,New York,Valencia,3643,8421,0.9877,Rain,3.9,137.59,Electronics,Sea,0,19.5,2024-10-29 12:00:00,19.5,Dubai
SC-95314,2024-12-17,Felixstowe,Barcelona,16820,5052,0.9353,Clear,1.2,140.74,Auto Parts,Sea,0,11.7,2024-12-28 16:48:00,11.7,Tanger Med
SC-36641,2024-08-24,New York,Ambarli,7837,10207,0.6915,Clear,2.0,144.04,Textiles,Sea,0,23.6,2024-09-16 14:24:00,23.6,Marsaxlokk
SC-44584,2024-07-12,Marsilya,İzmir,7087,6451,0.9185,Fog,1.7,114.17,Chemicals,Sea,1,19.4,2024-07-31 09:36:00,19.4,Marsaxlokk
SC-42745,2024-10-13,Dubai,Rotterdam,6217,6925,0.8683,Clear,1.7,94.79,Chemicals,Sea,0,16.0,2024-10-29 00:00:00,16.0,Dubai
SC-33093,2024-09-15,Valencia,Felixstowe,3936,4646,0.8966,Clear,3.0,81.47,Chemicals,Sea,0,10.8,2024-09-25 19:12:00,10.8,Barcelona
SC-76105,2024-09-02,Barcelona,Dubai,8094,11293,0.6103,Clear,4.0,81.65,Machinery,Sea,0,26.1,2024-09-28 02:24:00,26.1,Atina
SC-61885,2024-05-15,İzmir,Shanghai,8835,11282,0.8243,Rain,2.1,124.98,Auto Parts,Sea,0,26.1,2024-06-10 02:24:00,26.1,Piraeus
SC-46631,2024-10-06,Hamburg,Valencia,12883,4906,0.513,Clear,4.3,103.61,Chemicals,Sea,0,11.4,2024-10-17 09:36:00,11.4,Dubai
SC-82991,2024-09-27,Dubai,Busan,10649,3746,0.9241,Fog,4.6,114.71,Auto Parts,Sea,0,8.7,2024-10-05 16:48:00,8.7,Singapore
SC-14014,2024-06-19,İzmir,Rotterdam,7466,6309,0.9755,Clear,2.4,89.19,Textiles,Sea,0,14.6,2024-07-03 14:24:00,14.6,Marsaxlokk
SC-21093,2024-06-07,Ningbo,Busan,6087,11912,0.8311,Clear,3.7,148.29,Textiles,Sea,0,27.6,2024-07-04 14:24:00,27.6,Piraeus
SC-28070,2024-07-19,Mersin,Tokyo,13547,2448,0.7563,Clear,1.5,89.1,Textiles,Sea,0,5.7,2024-07-24 16:48:00,5.7,Marsaxlokk
SC-45777,2024-02-14,İzmir,Singapore,9077,5012,0.8629,Clear,4.0,111.14,Machinery,Sea,0,11.6,2024-02-25 14:24:00,11.6,Ambarli
SC-66958,2024-09-20,Ambarli,Valencia,9235,3568,0.6632,Clear,1.7,111.03,Textiles,Sea,0,8.3,2024-09-28 07:12:00,8.3,Atina
SC-92074,2024-03-11,Rotterdam,Ambarli,5798,5491,0.8132,Fog,3.7,80.6,Auto Parts,Sea,1,16.5,2024-03-27 12:00:00,16.5,Barcelona
SC-20729,2024-12-29,Dubai,Busan,14520,9310,0.8595,Clear,2.7,126.75,Electronics,Sea,0,21.6,2025-01-19 14:24:00,21.6,Ambarli
SC-55017,2024-04-12,Antwerp,Antwerp,8714,8883,0.5713,Fog,4.7,117.67,Electronics,Sea,1,26.7,2024-05-08 16:48:00,26.7,Ambarli
SC-76320,2024-05-04,Antwerp,Valencia,7958,7984,0.57,Clear,2.9,114.82,Auto Parts,Sea,0,18.5,2024-05-22 12:00:00,18.5,Ambarli
SC-37751,2024-11-08,Singapore,İzmir,8058,11239,0.8581,Clear,1.1,137.27,Electronics,Sea,0,26.0,2024-12-04 00:00:00,26.0,Barcelona
SC-88069,2024-10-12,İzmir,Hamburg,6843,9088,0.7159,Clear,2.9,96.88,Chemicals,Sea,0,21.0,2024-11-02 00:00:00,21.0,Barcelona
SC-64748,2024-08-17,Los Angeles,Dubai,11941,6768,0.9446,Clear,4.2,140.28,Electronics,Sea,0,15.7,2024-09-01 16:48:00,15.7,Singapore
SC-15801,2024-05-25,Antwerp,Dubai,8532,3064,0.656,Clear,3.6,140.53,Machinery,Sea,0,7.1,2024-06-01 02:24:00,7.1,Trieste
SC-29190,2024-07-15,Trieste,Tokyo,3220,5821,0.5212,Fog,4.9,137.88,Textiles,Sea,1,17.5,2024-08-01 12:00:00,17.5,Mersin
SC-59689,2024-08-08,Ambarli,Busan,3551,10759,0.8249,Clear,4.4,103.9,Electronics,Sea,0,24.9,2024-09-01 21:36:00,24.9,New York
SC-60993,2024-02-29,Shanghai,Trieste,12761,3436,0.8421,Clear,3.1,91.38,Electronics,Sea,0,8.0,2024-03-08 00:00:00,8.0,Piraeus
SC-39592,2024-04-07,Marsilya,Dubai,3719,8097,0.7768,Clear,1.8,113.26,Machinery,Sea,0,18.7,2024-04-25 16:48:00,18.7,İzmir
SC-20647,2024-06-19,Barcelona,Singapore,6293,4483,0.8417,Fog,1.0,98.19,Machinery,Sea,1,13.5,2024-07-02 12:00:00,13.5,Piraeus
SC-18716,2024-06-21,Marsilya,Los Angeles,9390,9719,0.7619,Fog,4.9,83.65,Electronics,Sea,1,29.2,2024-07-20 04:48:00,29.2,Trieste
SC-98891,2024-05-30,Atina,Los Angeles,6623,6800,0.8463,Clear,4.8,99.56,Chemicals,Sea,0,15.7,2024-06-14 16:48:00,15.7,Marsaxlokk
SC-97545,2024-12-15,Mersin,Hamburg,3762,8382,0.522,Clear,2.1,112.84,Electronics,Sea,1,25.2,2025-01-09 04:48:00,25.2,Marsaxlokk
SC-99912,2024-05-01,Dubai,Dubai,13404,6829,0.6842,Rain,3.6,87.89,Chemicals,Sea,1,20.6,2024-05-21 14:24:00,20.6,Singapore
SC-80316,2024-04-17,Atina,Busan,3998,8153,0.6054,Rain,3.9,146.1,Textiles,Sea,0,18.9,2024-05-05 21:36:00,18.9,İzmir
SC-12368,2024-01-04,Singapore,Barcelona,12733,4794,0.5497,Clear,3.3,125.93,Auto Parts,Sea,0,11.1,2024-01-15 02:24:00,11.1,Dubai
SC-87575,2024-04-02,İzmir,New York,8857,9612,0.617,Clear,4.4,89.54,Textiles,Sea,0,22.2,2024-04-24 04:48:00,22.2,Barcelona
SC-16655,2024-01-06,Ambarli,Los Angeles,8180,3097,0.5957,Rain,1.3,136.84,Electronics,Sea,0,7.2,2024-01-13 04:48:00,7.2,New York
SC-80031,2024-10-14,Tokyo,Busan,4232,3638,0.9866,Clear,4.6,144.97,Electronics,Sea,0,8.4,2024-10-22 09:36:00,8.4,Marsaxlokk
SC-86429,2024-04-15,Busan,İzmir,2558,11850,0.6433,Clear,2.6,98.39,Chemicals,Sea,0,27.4,2024-05-12 09:36:00,27.4,Dubai
SC-97922,2024-05-25,Felixstowe,Barcelona,5312,11317,0.6155,Clear,2.9,90.03,Machinery,Sea,0,26.2,2024-06-20 04:48:00,26.2,New York
SC-65766,2024-09-27,Rotterdam,Singapore,9353,10455,0.9174,Clear,2.8,102.57,Chemicals,Sea,0,24.2,2024-10-21 04:48:00,24.2,Trieste
SC-23403,2024-04-05,Antwerp,Barcelona,4780,2160,0.7096,Fog,3.1,138.26,Machinery,Sea,0,5.0,2024-04-10 00:00:00,5.0,İzmir
SC-42097,2024-08-16,Marsilya,Ningbo,14908,11448,0.7107,Clear,3.4,92.26,Machinery,Sea,0,26.5,2024-09-11 12:00:00,26.5,Marsaxlokk
SC-88657,2024-07-20,Atina,İzmir,5636,7906,0.7218,Rain,3.8,134.55,Machinery,Sea,1,23.8,2024-08-12 19:12:00,23.8,Singapore
SC-20966,2024-07-30,Barcelona,Rotterdam,8190,10502,0.7083,Clear,3.1,130.14,Machinery,Sea,0,24.3,2024-08-23 07:12:00,24.3,Marsaxlokk
SC-62921,2024-01-06,Marsilya,Marsilya,16297,10418,0.6633,Rain,3.7,125.6,Electronics,Sea,0,24.1,2024-01-30 02:24:00,24.1,Jebel Ali
SC-59726,2024-04-21,Antwerp,Los Angeles,7957,10464,0.6432,Clear,2.4,110.33,Auto Parts,Sea,0,24.2,2024-05-15 04:48:00,24.2,Piraeus
SC-60300,2024-11-18,Felixstowe,Ambarli,9480,9081,0.941,Clear,4.7,105.67,Auto Parts,Sea,0,21.0,2024-12-09 00:00:00,21.0,Jebel Ali
SC-32677,2024-04-15,İzmir,Mersin,8595,6412,0.5809,Fog,1.3,85.97,Textiles,Sea,0,14.8,2024-04-29 19:12:00,14.8,Barcelona
SC-65609,2024-05-18,Ambarli,Singapore,6712,5157,0.5905,Clear,3.2,105.01,Textiles,Sea,0,11.9,2024-05-29 21:36:00,11.9,New York
SC-66661,2024-10-25,Singapore,New York,9228,4338,0.7859,Clear,1.3,122.13,Textiles,Sea,0,10.0,2024-11-04 00:00:00,10.0,New York
SC-41024,2024-04-05,Tokyo,Ningbo,18927,7588,0.6718,Clear,2.8,142.87,Chemicals,Sea,0,17.6,2024-04-22 14:24:00,17.6,Mersin
SC-80313,2024-12-02,Felixstowe,Rotterdam,5172,3601,0.7108,Clear,2.0,138.32,Textiles,Sea,0,8.3,2024-12-10 07:12:00,8.3,Atina
SC-63006,2024-10-23,Tokyo,Valencia,8175,7888,0.9033,Clear,4.7,82.26,Textiles,Sea,0,18.3,2024-11-10 07:12:00,18.3,Piraeus
SC-25338,2024-08-01,Mersin,Shanghai,10759,5718,0.9518,Rain,1.1,89.72,Textiles,Sea,0,13.2,2024-08-14 04:48:00,13.2,Marsaxlokk
SC-78027,2024-10-17,Shanghai,Busan,5277,7546,0.8953,Clear,2.6,139.39,Electronics,Sea,0,17.5,2024-11-03 12:00:00,17.5,Atina
SC-90135,2024-01-22,Singapore,New York,8977,3925,0.6175,Clear,4.1,145.75,Textiles,Sea,0,9.1,2024-01-31 02:24:00,9.1,Atina
SC-29508,2024-07-11,Marsilya,İzmir,5231,10758,0.99,Clear,1.8,83.91,Auto Parts,Sea,0,24.9,2024-08-04 21:36:00,24.9,Jebel Ali
SC-13051,2024-05-29,Ambarli,New York,5395,4915,0.6816,Clear,4.3,129.09,Electronics,Sea,0,11.4,2024-06-09 09:36:00,11.4,Trieste
SC-58747,2024-09-03,Shanghai,Valencia,7502,8898,0.5845,Rain,4.4,105.6,Machinery,Sea,0,20.6,2024-09-23 14:24:00,20.6,Ambarli
SC-97142,2024-09-23,Singapore,Atina,2866,10443,0.7497,Fog,3.8,105.5,Chemicals,Sea,0,24.2,2024-10-17 04:48:00,24.2,Singapore
SC-97235,2024-09-07,Singapore,Ningbo,7763,7652,0.8626,Clear,1.8,124.99,Electronics,Sea,0,17.7,2024-09-24 16:48:00,17.7,Tanger Med
SC-64021,2024-01-03,Rotterdam,Singapore,9593,5501,0.5416,Clear,2.1,136.72,Electronics,Sea,0,12.7,2024-01-15 16:48:00,12.7,Dubai
SC-76412,2024-11-11,Barcelona,İzmir,4912,9274,0.8171,Clear,1.7,99.24,Auto Parts,Sea,0,21.5,2024-12-02 12:00:00,21.5,Singapore
SC-68335,2024-03-16,Shanghai,Shanghai,9794,3602,0.929,Clear,1.7,129.37,Textiles,Sea,0,8.3,2024-03-24 07:12:00,8.3,İzmir
SC-66179,2024-03-27,Antwerp,Dubai,13139,9359,0.6309,Clear,1.1,124.51,Machinery,Sea,0,21.7,2024-04-17 16:48:00,21.7,Barcelona
SC-42093,2024-09-26,Antwerp,Dubai,13443,2513,0.8466,Clear,4.4,116.21,Auto Parts,Sea,0,5.8,2024-10-01 19:12:00,5.8,Piraeus
SC-79678,2024-08-12,İzmir,Antwerp,4373,10633,0.7,Clear,3.1,122.17,Auto Parts,Sea,0,24.6,2024-09-05 14:24:00,24.6,Ambarli
SC-90738,2024-01-18,New York,İzmir,9943,10192,0.7071,Clear,2.3,81.26,Electronics,Sea,0,23.6,2024-02-10 14:24:00,23.6,Piraeus
SC-49734,2024-04-22,Mersin,İzmir,9434,8501,0.6404,Clear,2.2,80.28,Machinery,Sea,0,19.7,2024-05-11 16:48:00,19.7,Ambarli
SC-82615,2024-09-07,Shanghai,Los Angeles,12132,2902,0.8122,Clear,3.2,118.53,Auto Parts,Sea,0,6.7,2024-09-13 16:48:00,6.7,Dubai
SC-83523,2024-08-20,Valencia,Shanghai,4900,7719,0.6805,Storm,2.3,116.69,Chemicals,Sea,0,17.9,2024-09-06 21:36:00,17.9,Singapore
SC-27019,2024-11-24,Singapore,Rotterdam,10424,11412,0.9155,Clear,4.5,84.99,Chemicals,Sea,0,26.4,2024-12-20 09:36:00,26.4,Atina
SC-93613,2024-10-05,Marsilya,Atina,4488,10148,0.9815,Clear,1.8,114.44,Auto Parts,Sea,0,23.5,2024-10-28 12:00:00,23.5,Dubai
SC-96672,2024-07-20,Ningbo,Dubai,2753,4321,0.9675,Clear,4.5,133.03,Electronics,Sea,0,10.0,2024-07-30 00:00:00,10.0,Barcelona
SC-83847,2024-03-23,Antwerp,Los Angeles,6942,2855,0.5816,Rain,3.7,117.88,Chemicals,Sea,0,6.6,2024-03-29 14:24:00,6.6,New York
SC-92750,2024-05-04,Marsilya,Mersin,5497,3017,0.5071,Clear,4.8,116.23,Electronics,Sea,0,7.0,2024-05-11 00:00:00,7.0,Tanger Med
SC-89634,2024-06-23,Rotterdam,Mersin,12593,7279,0.7192,Clear,1.1,130.25,Textiles,Sea,0,16.8,2024-07-09 19:12:00,16.8,Tanger Med
SC-38251,2024-03-09,Dubai,Dubai,4420,9712,0.8644,Clear,1.2,92.03,Textiles,Sea,0,22.5,2024-03-31 12:00:00,22.5,New York
SC-35945,2024-02-16,Marsilya,Ambarli,13793,6680,0.9887,Rain,3.0,112.02,Electronics,Sea,1,20.1,2024-03-07 02:24:00,20.1,Dubai
SC-42217,2024-09-12,Ningbo,Barcelona,9630,9072,0.8917,Rain,4.6,90.36,Auto Parts,Sea,0,21.0,2024-10-03 00:00:00,21.0,Piraeus
SC-18308,2024-08-02,Singapore,Valencia,9331,8624,0.7903,Clear,3.9,116.67,Textiles,Sea,0,20.0,2024-08-22 00:00:00,20.0,Piraeus
SC-15949,2024-01-30,Hamburg,Ningbo,3554,2195,0.5132,Rain,3.5,121.44,Textiles,Sea,0,5.1,2024-02-04 02:24:00,5.1,Jebel Ali
SC-61990,2024-10-07,Dubai,Barcelona,8738,6694,0.9128,Rain,1.1,88.52,Chemicals,Sea,0,15.5,2024-10-22 12:00:00,15.5,Piraeus
SC-11150,2024-08-24,Ningbo,Los Angeles,4762,11524,0.5886,Storm,2.4,85.29,Auto Parts,Sea,1,34.7,2024-09-27 16:48:00,34.7,Jebel Ali
SC-99480,2024-09-04,Felixstowe,Ningbo,9144,6651,0.5278,Fog,2.4,91.67,Electronics,Sea,0,15.4,2024-09-19 09:36:00,15.4,Ambarli
SC-84740,2024-01-25,Singapore,Dubai,5257,8991,0.9252,Clear,3.2,121.04,Textiles,Sea,0,20.8,2024-02-14 19:12:00,20.8,Ambarli
SC-76617,2024-03-14,Shanghai,Rotterdam,4369,11709,0.7831,Rain,2.0,93.27,Auto Parts,Sea,0,27.1,2024-04-10 02:24:00,27.1,Mersin
SC-26896,2024-07-24,Atina,Felixstowe,3294,4697,0.5643,Clear,2.1,99.27,Textiles,Sea,0,10.9,2024-08-03 21:36:00,10.9,Marsaxlokk
SC-56175,2024-11-09,Barcelona,Dubai,4618,3057,0.6933,Clear,3.5,129.18,Chemicals,Sea,0,7.1,2024-11-16 02:24:00,7.1,Mersin
SC-17805,2024-04-03,New York,Singapore,13123,7207,0.5428,Clear,4.8,97.38,Auto Parts,Sea,0,16.7,2024-04-19 16:48:00,16.7,İzmir
SC-15237,2024-05-06,İzmir,Antwerp,9664,4792,0.819,Clear,3.6,107.83,Machinery,Sea,0,11.1,2024-05-17 02:24:00,11.1,Jebel Ali
SC-30056,2024-01-25,New York,Valencia,4479,2420,0.6412,Clear,3.7,145.02,Chemicals,Sea,0,5.6,2024-01-30 14:24:00,5.6,Trieste
SC-55543,2024-11-29,İzmir,Hamburg,14853,4814,0.933,Storm,4.9,137.75,Electronics,Sea,1,14.5,2024-12-13 12:00:00,14.5,Jebel Ali
SC-66556,2024-12-20,New York,Mersin,13970,4840,0.6789,Clear,1.6,97.88,Auto Parts,Sea,0,11.2,2024-12-31 04:48:00,11.2,Singapore
SC-13343,2024-04-25,Ambarli,Rotterdam,4494,3031,0.7473,Clear,1.1,121.83,Textiles,Sea,0,7.0,2024-05-02 00:00:00,7.0,New York
SC-23500,2024-02-17,Valencia,Singapore,14074,9639,0.5318,Clear,4.0,126.61,Auto Parts,Sea,0,22.3,2024-03-10 07:12:00,22.3,Singapore
SC-63222,2024-08-13,Shanghai,Hamburg,7553,3491,0.6378,Clear,2.8,143.02,Electronics,Sea,0,8.1,2024-08-21 02:24:00,8.1,New York
SC-39375,2024-09-22,Trieste,Dubai,8721,6975,0.8384,Fog,2.7,118.32,Auto Parts,Sea,0,16.1,2024-10-08 02:24:00,16.1,Marsaxlokk
SC-19662,2024-04-08,Hamburg,Mersin,4500,6947,0.8681,Clear,1.9,119.29,Textiles,Sea,1,20.9,2024-04-28 21:36:00,20.9,Marsaxlokk
SC-26964,2024-01-11,İzmir,Hamburg,7333,2509,0.6214,Clear,3.0,142.19,Chemicals,Sea,0,5.8,2024-01-16 19:12:00,5.8,Mersin
SC-69638,2024-03-25,Ambarli,Singapore,2851,3859,0.7519,Fog,2.8,83.81,Chemicals,Sea,0,8.9,2024-04-02 21:36:00,8.9,Singapore
SC-83666,2024-08-01,Barcelona,New York,6148,7061,0.9088,Clear,2.4,123.97,Textiles,Sea,0,16.3,2024-08-17 07:12:00,16.3,Marsaxlokk
SC-95067,2024-06-21,Hamburg,Rotterdam,7462,3858,0.69,Storm,2.8,109.17,Machinery,Sea,1,11.6,2024-07-02 14:24:00,11.6,Jebel Ali
SC-77215,2024-07-27,Los Angeles,New York,6929,11105,0.5669,Clear,2.5,143.68,Machinery,Sea,0,25.7,2024-08-21 16:48:00,25.7,Dubai
SC-79042,2024-03-04,Shanghai,Mersin,3010,7607,0.7159,Rain,4.8,147.24,Chemicals,Sea,0,17.6,2024-03-21 14:24:00,17.6,Singapore
SC-23284,2024-09-14,Shanghai,Busan,7232,4065,0.8003,Clear,4.9,91.92,Electronics,Sea,0,9.4,2024-09-23 09:36:00,9.4,Mersin
SC-82789,2024-11-27,Rotterdam,Antwerp,8208,4966,0.5037,Fog,4.4,99.7,Auto Parts,Sea,1,14.9,2024-12-11 21:36:00,14.9,Tanger Med
SC-94664,2024-04-30,Hamburg,Busan,5432,8773,0.6743,Clear,5.0,99.14,Textiles,Sea,0,20.3,2024-05-20 07:12:00,20.3,Ambarli
SC-71389,2024-10-24,Valencia,Ningbo,10639,9892,0.8037,Clear,2.1,87.04,Electronics,Sea,0,22.9,2024-11-15 21:36:00,22.9,Atina
SC-19435,2024-02-23,Valencia,Antwerp,13555,11788,0.976,Fog,4.4,113.81,Auto Parts,Sea,1,35.5,2024-03-29 12:00:00,35.5,Marsaxlokk
SC-64340,2024-11-26,New York,Tokyo,2990,6442,0.7043,Clear,2.6,115.92,Chemicals,Sea,0,14.9,2024-12-10 21:36:00,14.9,Marsaxlokk
SC-54078,2024-09-28,Shanghai,İzmir,2891,11247,0.5815,Rain,4.0,120.11,Textiles,Sea,1,33.8,2024-10-31 19:12:00,33.8,Marsaxlokk
SC-88832,2024-08-28,Trieste,Barcelona,5223,11215,0.7671,Rain,1.8,126.41,Electronics,Sea,0,26.0,2024-09-23 00:00:00,26.0,Atina
SC-61293,2024-08-30,Atina,Mersin,9019,5204,0.6429,Clear,4.2,84.4,Auto Parts,Sea,0,12.0,2024-09-11 00:00:00,12.0,New York
SC-88781,2024-01-18,Tokyo,Tokyo,9712,2575,0.6074,Clear,1.3,123.57,Chemicals,Sea,0,6.0,2024-01-24 00:00:00,6.0,Dubai
SC-70403,2024-07-05,Tokyo,Busan,8383,2198,0.7952,Fog,2.1,143.97,Chemicals,Sea,1,6.6,2024-07-11 14:24:00,6.6,New York
SC-39124,2024-12-11,Ningbo,Busan,18487,9423,0.9579,Rain,4.3,111.85,Auto Parts,Sea,0,21.8,2025-01-01 19:12:00,21.8,Singapore
SC-53919,2024-05-23,Trieste,Rotterdam,4727,3365,0.9176,Clear,4.0,87.47,Machinery,Sea,0,7.8,2024-05-30 19:12:00,7.8,Marsaxlokk
SC-45247,2024-09-18,Singapore,Tokyo,9188,9834,0.5911,Clear,3.0,86.02,Machinery,Sea,0,22.8,2024-10-10 19:12:00,22.8,Dubai
SC-72752,2024-12-29,Mersin,Ningbo,8084,3998,0.8829,Clear,3.7,99.72,Auto Parts,Sea,0,9.3,2025-01-07 07:12:00,9.3,İzmir
SC-66573,2024-08-26,Atina,Dubai,9412,7350,0.6149,Clear,1.7,132.68,Auto Parts,Sea,0,17.0,2024-09-12 00:00:00,17.0,Atina
SC-69101,2024-10-30,Dubai,Dubai,4406,8444,0.6454,Clear,3.7,98.27,Auto Parts,Sea,0,19.5,2024-11-18 12:00:00,19.5,Tanger Med
SC-36646,2024-10-24,İzmir,Trieste,5883,3016,0.96,Rain,1.0,137.0,Chemicals,Sea,0,7.0,2024-10-31 00:00:00,7.0,Singapore
SC-33049,2024-03-16,Barcelona,Barcelona,6675,5618,0.9555,Rain,4.3,137.38,Textiles,Sea,0,13.0,2024-03-29 00:00:00,13.0,Trieste
SC-89605,2024-07-06,Trieste,Dubai,14746,2025,0.5843,Rain,3.1,112.0,Chemicals,Sea,1,6.1,2024-07-12 02:24:00,6.1,Ambarli
SC-78385,2024-11-28,Trieste,Shanghai,8988,11750,0.5321,Clear,4.8,101.06,Chemicals,Sea,0,27.2,2024-12-25 04:48:00,27.2,Ambarli
SC-50158,2024-09-02,Shanghai,Busan,7730,5724,0.6466,Clear,2.9,121.84,Machinery,Sea,0,13.2,2024-09-15 04:48:00,13.2,Barcelona
SC-75417,2024-05-09,Dubai,Singapore,10427,5458,0.7909,Rain,2.7,136.74,Auto Parts,Sea,1,16.4,2024-05-25 09:36:00,16.4,Atina
SC-33289,2024-11-10,Shanghai,Atina,15353,8593,0.9384,Rain,2.8,84.52,Chemicals,Sea,0,19.9,2024-11-29 21:36:00,19.9,Trieste
SC-19823,2024-10-09,Rotterdam,Atina,7075,10662,0.5594,Clear,2.4,146.74,Chemicals,Sea,0,24.7,2024-11-02 16:48:00,24.7,Ambarli
SC-70160,2024-03-19,Singapore,Los Angeles,12952,9280,0.7075,Clear,1.7,125.21,Auto Parts,Sea,0,21.5,2024-04-09 12:00:00,21.5,İzmir
SC-51975,2024-03-12,Los Angeles,Mersin,4877,10069,0.6359,Clear,4.4,107.87,Textiles,Sea,0,23.3,2024-04-04 07:12:00,23.3,Marsaxlokk
SC-19540,2024-09-19,Trieste,Atina,9003,6746,0.5075,Clear,2.6,115.42,Machinery,Sea,0,15.6,2024-10-04 14:24:00,15.6,Trieste
SC-26364,2024-07-09,Mersin,Ambarli,10450,9589,0.8942,Clear,3.1,106.99,Electronics,Sea,0,22.2,2024-07-31 04:48:00,22.2,Barcelona
SC-14611,2024-03-03,Marsilya,Trieste,8614,11077,0.9066,Clear,1.1,108.88,Chemicals,Sea,0,25.6,2024-03-28 14:24:00,25.6,Trieste
SC-37663,2024-01-12,Los Angeles,Felixstowe,8177,8978,0.6106,Clear,1.2,121.69,Textiles,Sea,0,20.8,2024-02-01 19:12:00,20.8,İzmir
SC-61991,2024-05-20,Shanghai,Antwerp,5712,11067,0.5756,Fog,3.4,84.22,Electronics,Sea,1,33.3,2024-06-22 07:12:00,33.3,İzmir
SC-67679,2024-09-10,Rotterdam,Felixstowe,5760,11133,0.5723,Clear,4.5,92.28,Auto Parts,Sea,0,25.8,2024-10-05 19:12:00,25.8,Atina
SC-40977,2024-02-12,İzmir,Trieste,8081,5041,0.732,Clear,3.0,95.89,Electronics,Sea,0,11.7,2024-02-23 16:48:00,11.7,Atina
SC-59115,2024-01-17,Busan,Barcelona,13405,9765,0.6232,Rain,1.7,108.53,Auto Parts,Sea,0,22.6,2024-02-08 14:24:00,22.6,Singapore
SC-98223,2024-03-03,Felixstowe,Busan,5923,7404,0.7557,Clear,1.5,105.97,Textiles,Sea,0,17.1,2024-03-20 02:24:00,17.1,Trieste
SC-70890,2024-09-09,Atina,Ningbo,6831,2571,0.6924,Rain,4.6,130.55,Electronics,Sea,0,6.0,2024-09-15 00:00:00,6.0,Jebel Ali
SC-76387,2024-10-18,Antwerp,Antwerp,10754,10796,0.6054,Rain,3.8,98.14,Machinery,Sea,0,25.0,2024-11-12 00:00:00,25.0,Singapore
SC-28071,2024-01-08,Dubai,Tokyo,6765,6980,0.8756,Fog,4.9,84.0,Textiles,Sea,0,16.2,2024-01-24 04:48:00,16.2,Jebel Ali
SC-69275,2024-11-20,Rotterdam,Marsilya,2723,10573,0.5752,Clear,1.3,83.88,Electronics,Sea,0,24.5,2024-12-14 12:00:00,24.5,Tanger Med
SC-82369,2024-03-30,Shanghai,Los Angeles,8265,3236,0.8995,Clear,4.6,80.79,Chemicals,Sea,0,7.5,2024-04-06 12:00:00,7.5,New York
SC-21938,2024-07-26,Rotterdam,Barcelona,6981,4380,0.7807,Clear,4.4,82.66,Electronics,Sea,0,10.1,2024-08-05 02:24:00,10.1,New York
SC-45195,2024-10-18,Hamburg,Antwerp,4420,9177,0.916,Rain,4.6,140.11,Electronics,Sea,0,21.2,2024-11-08 04:48:00,21.2,Jebel Ali
SC-14000,2024-10-10,Dubai,Dubai,4713,3517,0.5024,Clear,1.0,128.81,Machinery,Sea,0,8.1,2024-10-18 02:24:00,8.1,İzmir
SC-80588,2024-04-27,Shanghai,Barcelona,11534,3533,0.8746,Clear,4.0,149.72,Textiles,Sea,0,8.2,2024-05-05 04:48:00,8.2,Piraeus
SC-48304,2024-12-14,Antwerp,Valencia,12535,7887,0.5258,Clear,3.2,81.42,Chemicals,Sea,0,18.3,2025-01-01 07:12:00,18.3,Marsaxlokk
SC-79449,2024-06-23,Los Angeles,Hamburg,3031,9859,0.975,Clear,3.3,139.43,Textiles,Sea,0,22.8,2024-07-15 19:12:00,22.8,Dubai
SC-92986,2024-03-16,Shanghai,Barcelona,13030,5489,0.8514,Rain,2.9,128.72,Textiles,Sea,0,12.7,2024-03-28 16:48:00,12.7,Atina
SC-99643,2024-04-10,Shanghai,Marsilya,12515,6642,0.6601,Clear,4.0,124.82,Chemicals,Sea,0,15.4,2024-04-25 09:36:00,15.4,Jebel Ali
SC-30764,2024-05-30,Busan,Barcelona,3248,11062,0.6599,Clear,5.0,104.96,Chemicals,Sea,0,25.6,2024-06-24 14:24:00,25.6,Tanger Med
SC-96027,2024-09-26,Atina,Atina,6649,4150,0.9307,Clear,3.8,106.37,Machinery,Sea,0,9.6,2024-10-05 14:24:00,9.6,Dubai
SC-48494,2024-03-11,Valencia,Busan,3196,7319,0.9514,Rain,3.7,139.19,Auto Parts,Sea,0,16.9,2024-03-27 21:36:00,16.9,Singapore
SC-13373,2024-06-28,Marsilya,New York,10227,5766,0.9458,Fog,3.6,129.94,Machinery,Sea,0,13.3,2024-07-11 07:12:00,13.3,Jebel Ali
SC-22161,2024-05-03,Trieste,Los Angeles,3206,6960,0.9044,Clear,3.8,126.92,Chemicals,Sea,0,16.1,2024-05-19 02:24:00,16.1,Singapore
SC-37350,2024-10-19,Mersin,Tokyo,6324,8061,0.9095,Clear,2.4,82.15,Electronics,Sea,0,18.7,2024-11-06 16:48:00,18.7,Atina
SC-35351,2024-10-11,Atina,Rotterdam,7201,7857,0.7864,Clear,2.3,92.9,Electronics,Sea,0,18.2,2024-10-29 04:48:00,18.2,Tanger Med
SC-98668,2024-07-13,Tokyo,Dubai,5778,6487,0.5141,Clear,4.1,147.38,Textiles,Sea,0,15.0,2024-07-28 00:00:00,15.0,Tanger Med
SC-25305,2024-08-15,Ambarli,Los Angeles,14624,9750,0.5434,Clear,1.2,111.81,Textiles,Sea,0,22.6,2024-09-06 14:24:00,22.6,New York
SC-85353,2024-10-01,Shanghai,Barcelona,6756,11804,0.8248,Clear,4.0,134.7,Auto Parts,Sea,0,27.3,2024-10-28 07:12:00,27.3,Mersin
SC-86797,2024-04-15,Tokyo,Trieste,9584,3077,0.7006,Fog,4.3,107.25,Auto Parts,Sea,1,9.3,2024-04-24 07:12:00,9.3,Singapore
SC-75953,2024-01-21,Ningbo,Los Angeles,7892,3300,0.7837,Fog,3.1,133.5,Auto Parts,Sea,0,7.6,2024-01-28 14:24:00,7.6,Atina
SC-67458,2024-03-04,Singapore,Busan,7184,8649,0.6155,Clear,4.6,88.34,Auto Parts,Sea,0,20.0,2024-03-24 00:00:00,20.0,Mersin
SC-30358,2024-06-13,Barcelona,Valencia,3733,9181,0.8247,Clear,2.9,82.95,Electronics,Sea,0,21.3,2024-07-04 07:12:00,21.3,Atina
SC-13267,2024-01-27,Ningbo,Atina,10234,10138,0.6214,Clear,1.7,112.63,Chemicals,Sea,0,23.5,2024-02-19 12:00:00,23.5,Barcelona
SC-92745,2024-11-06,Tokyo,Atina,9508,4529,0.7304,Clear,2.4,121.42,Auto Parts,Sea,0,10.5,2024-11-16 12:00:00,10.5,Marsaxlokk
SC-99588,2024-10-11,Barcelona,Trieste,5123,5260,0.7394,Clear,4.6,102.66,Machinery,Sea,0,12.2,2024-10-23 04:48:00,12.2,Trieste
SC-48513,2024-05-27,Valencia,Trieste,7169,2363,0.5888,Rain,5.0,130.12,Auto Parts,Sea,0,5.5,2024-06-01 12:00:00,5.5,Tanger Med
SC-36092,2024-10-07,Mersin,Ningbo,17906,2845,0.9381,Clear,2.7,114.71,Electronics,Sea,0,6.6,2024-10-13 14:24:00,6.6,Ambarli
SC-21338,2024-11-21,New York,New York,7561,5032,0.7629,Rain,1.7,144.98,Textiles,Sea,0,11.6,2024-12-02 14:24:00,11.6,Atina
SC-10412,2024-11-14,Singapore,Los Angeles,8628,3327,0.9334,Clear,2.1,85.95,Machinery,Sea,0,7.7,2024-11-21 16:48:00,7.7,Marsaxlokk
SC-17543,2024-06-12,Dubai,Antwerp,11896,10583,0.6313,Storm,3.2,84.66,Auto Parts,Sea,1,31.8,2024-07-13 19:12:00,31.8,Atina
SC-43496,2024-08-11,Shanghai,Antwerp,3824,5255,0.5862,Clear,3.3,143.36,Electronics,Sea,0,12.2,2024-08-23 04:48:00,12.2,Tanger Med
SC-70692,2024-09-28,Mersin,Antwerp,7558,7136,0.509,Rain,3.5,126.84,Textiles,Sea,0,16.5,2024-10-14 12:00:00,16.5,İzmir
SC-99084,2024-05-25,Ningbo,İzmir,5330,9108,0.5469,Clear,4.3,126.98,Auto Parts,Sea,0,21.1,2024-06-15 02:24:00,21.1,New York
SC-54425,2024-12-21,Trieste,New York,8683,5237,0.5737,Rain,3.8,81.93,Electronics,Sea,0,12.1,2025-01-02 02:24:00,12.1,Jebel Ali
SC-48756,2024-01-30,Dubai,Ambarli,4886,11497,0.5394,Clear,2.0,145.64,Electronics,Sea,0,26.6,2024-02-25 14:24:00,26.6,Tanger Med
SC-28888,2024-02-14,Los Angeles,Hamburg,10325,7668,0.9484,Clear,2.6,134.03,Chemicals,Sea,0,17.8,2024-03-02 19:12:00,17.8,Jebel Ali
SC-45735,2024-10-01,Valencia,Felixstowe,7371,8312,0.9557,Clear,4.4,133.5,Electronics,Sea,0,19.2,2024-10-20 04:48:00,19.2,Trieste
SC-57295,2024-02-03,Marsilya,Ambarli,5943,10956,0.9687,Clear,3.5,143.84,Auto Parts,Sea,0,25.4,2024-02-28 09:36:00,25.4,Jebel Ali
SC-93042,2024-05-20,Barcelona,Los Angeles,5380,7465,0.9799,Clear,1.7,120.47,Electronics,Sea,0,17.3,2024-06-06 07:12:00,17.3,Marsaxlokk
SC-95999,2024-11-13,Felixstowe,Busan,12295,2498,0.7459,Clear,2.3,107.63,Machinery,Sea,0,5.8,2024-11-18 19:12:00,5.8,Dubai
SC-27955,2024-08-08,Dubai,Barcelona,6957,8062,0.765,Clear,4.2,113.65,Electronics,Sea,0,18.7,2024-08-26 16:48:00,18.7,Piraeus
SC-47841,2024-12-21,Shanghai,Trieste,9240,4944,0.5654,Storm,1.7,134.41,Electronics,Sea,0,11.4,2025-01-01 09:36:00,11.4,Ambarli
SC-80640,2024-01-22,Marsilya,Busan,6075,9952,0.5685,Clear,3.8,133.81,Machinery,Sea,0,23.0,2024-02-14 00:00:00,23.0,Piraeus
SC-75510,2024-06-28,Los Angeles,Hamburg,7467,7856,0.8864,Rain,3.3,122.67,Auto Parts,Sea,0,18.2,2024-07-16 04:48:00,18.2,New York
SC-44911,2024-11-24,Atina,Marsilya,3879,9838,0.9279,Clear,1.6,95.27,Textiles,Sea,0,22.8,2024-12-16 19:12:00,22.8,Barcelona
SC-69031,2024-08-18,Busan,Barcelona,8071,8077,0.8924,Clear,3.8,137.32,Chemicals,Sea,0,18.7,2024-09-05 16:48:00,18.7,İzmir
SC-98726,2024-02-07,Tokyo,Dubai,2529,2135,0.9173,Clear,1.6,125.31,Textiles,Sea,0,4.9,2024-02-11 21:36:00,4.9,Dubai
SC-17357,2024-03-10,Rotterdam,Hamburg,6190,11292,0.6383,Clear,2.6,95.49,Auto Parts,Sea,0,26.1,2024-04-05 02:24:00,26.1,Jebel Ali
SC-42479,2024-04-25,Ningbo,Dubai,16960,6033,0.733,Clear,2.2,113.65,Auto Parts,Sea,0,14.0,2024-05-09 00:00:00,14.0,New York
SC-71476,2024-08-26,Shanghai,Shanghai,15585,8700,0.7296,Clear,3.8,149.8,Machinery,Sea,0,20.1,2024-09-15 02:24:00,20.1,Singapore
SC-54811,2024-11-30,Dubai,Tokyo,8843,6113,0.9976,Clear,4.1,102.99,Textiles,Sea,0,14.2,2024-12-14 04:48:00,14.2,Marsaxlokk
SC-46208,2024-05-27,Barcelona,Ningbo,5019,8546,0.9746,Fog,1.7,88.16,Electronics,Sea,0,19.8,2024-06-15 19:12:00,19.8,Mersin
SC-30150,2024-01-09,New York,Ambarli,9770,10396,0.7992,Clear,4.2,81.52,Machinery,Sea,0,24.1,2024-02-02 02:24:00,24.1,Marsaxlokk
SC-81180,2024-10-14,Atina,New York,6247,6594,0.569,Rain,1.0,92.92,Machinery,Sea,0,15.3,2024-10-29 07:12:00,15.3,Trieste
SC-53286,2024-02-19,Tokyo,Dubai,4691,2561,0.6293,Storm,3.1,93.09,Chemicals,Sea,0,5.9,2024-02-24 21:36:00,5.9,Piraeus
SC-78450,2024-12-03,Ningbo,Atina,6909,7400,0.6819,Clear,3.1,140.06,Machinery,Sea,0,17.1,2024-12-20 02:24:00,17.1,Marsaxlokk
SC-31352,2024-01-05,Tokyo,Dubai,4413,9333,0.9366,Fog,3.5,90.93,Textiles,Sea,1,28.1,2024-02-02 02:24:00,28.1,Ambarli
SC-65069,2024-12-08,Hamburg,Valencia,5475,5314,0.5853,Clear,2.0,140.39,Auto Parts,Sea,0,12.3,2024-12-20 07:12:00,12.3,Dubai
SC-24397,2024-05-05,İzmir,Ambarli,7368,5960,0.6099,Rain,1.0,86.07,Chemicals,Sea,0,13.8,2024-05-18 19:12:00,13.8,Barcelona
SC-51555,2024-03-15,Hamburg,Marsilya,3113,4211,0.6747,Clear,2.8,143.47,Electronics,Sea,0,9.7,2024-03-24 16:48:00,9.7,Marsaxlokk
SC-56959,2024-06-13,Antwerp,Los Angeles,4332,4371,0.9635,Clear,1.3,97.94,Textiles,Sea,0,10.1,2024-06-23 02:24:00,10.1,Atina
SC-10728,2024-10-04,Atina,Felixstowe,5622,8974,0.7519,Clear,4.6,122.8,Electronics,Sea,0,20.8,2024-10-24 19:12:00,20.8,Dubai
SC-60517,2024-11-19,Singapore,Rotterdam,7303,4681,0.8234,Fog,1.7,91.18,Machinery,Sea,0,10.8,2024-11-29 19:12:00,10.8,Mersin
SC-76234,2024-10-26,Barcelona,Ningbo,5819,4806,0.6936,Fog,2.7,107.3,Textiles,Sea,1,14.5,2024-11-09 12:00:00,14.5,Ambarli
SC-49954,2024-10-16,Mersin,Barcelona,4634,4255,0.5943,Clear,2.7,86.0,Chemicals,Sea,0,9.8,2024-10-25 19:12:00,9.8,New York
SC-57280,2024-03-17,Antwerp,Rotterdam,3186,11092,0.6114,Clear,3.2,120.57,Chemicals,Sea,1,33.4,2024-04-19 09:36:00,33.4,Ambarli
SC-89459,2024-10-24,Busan,Mersin,3276,8382,0.9013,Rain,4.1,104.21,Electronics,Sea,0,19.4,2024-11-12 09:36:00,19.4,Jebel Ali
SC-26779,2024-05-16,İzmir,Rotterdam,3510,11942,0.9467,Rain,2.9,139.65,Auto Parts,Sea,0,27.6,2024-06-12 14:24:00,27.6,Atina
SC-73932,2024-04-15,Rotterdam,Barcelona,6808,6899,0.7465,Clear,1.1,92.73,Chemicals,Sea,0,16.0,2024-05-01 00:00:00,16.0,Jebel Ali
SC-82936,2024-04-04,Trieste,Marsilya,2645,5159,0.6785,Clear,4.1,99.6,Electronics,Sea,0,11.9,2024-04-15 21:36:00,11.9,İzmir
SC-34466,2024-05-14,Shanghai,Busan,4689,7656,0.9039,Rain,1.3,92.41,Auto Parts,Sea,0,17.7,2024-05-31 16:48:00,17.7,Barcelona
SC-46939,2024-03-08,Trieste,Felixstowe,18829,3452,0.8365,Rain,3.6,119.47,Textiles,Sea,0,8.0,2024-03-16 00:00:00,8.0,Jebel Ali
SC-79896,2024-05-26,Antwerp,Rotterdam,19214,11435,0.5204,Clear,4.2,87.82,Chemicals,Sea,0,26.5,2024-06-21 12:00:00,26.5,İzmir
SC-45270,2024-06-07,New York,Shanghai,3716,4322,0.6754,Rain,2.1,93.25,Chemicals,Sea,0,10.0,2024-06-17 00:00:00,10.0,Marsaxlokk
SC-69163,2024-06-11,Singapore,New York,14678,11862,0.8411,Clear,2.8,127.49,Electronics,Sea,0,27.5,2024-07-08 12:00:00,27.5,Mersin
SC-92637,2024-12-06,Rotterdam,Rotterdam,5603,9097,0.7868,Fog,1.1,85.21,Chemicals,Sea,0,21.1,2024-12-27 02:24:00,21.1,Dubai
SC-61934,2024-07-07,Los Angeles,New York,8383,3768,0.989,Clear,4.2,132.02,Electronics,Sea,0,8.7,2024-07-15 16:48:00,8.7,New York
SC-74895,2024-12-04,Shanghai,Rotterdam,4890,8096,0.9331,Clear,3.8,87.3,Chemicals,Sea,0,18.7,2024-12-22 16:48:00,18.7,Marsaxlokk
SC-42307,2024-04-04,Ambarli,İzmir,3585,7185,0.5299,Rain,1.9,120.98,Electronics,Sea,0,16.6,2024-04-20 14:24:00,16.6,Tanger Med
SC-64098,2024-06-29,Dubai,Ambarli,2902,3169,0.8629,Clear,2.6,149.85,Chemicals,Sea,0,7.3,2024-07-06 07:12:00,7.3,İzmir
SC-70921,2024-10-14,Busan,Antwerp,2715,6710,0.6682,Fog,3.8,92.17,Textiles,Sea,0,15.5,2024-10-29 12:00:00,15.5,Mersin
SC-15486,2024-11-17,Hamburg,Hamburg,11741,8590,0.841,Clear,2.4,98.28,Textiles,Sea,0,19.9,2024-12-06 21:36:00,19.9,Singapore
SC-18335,2024-07-05,Dubai,Ambarli,17757,2386,0.8086,Fog,1.6,142.89,Electronics,Sea,0,5.5,2024-07-10 12:00:00,5.5,Barcelona
SC-96900,2024-05-17,Barcelona,Dubai,15640,4430,0.7515,Clear,3.1,123.84,Textiles,Sea,0,10.3,2024-05-27 07:12:00,10.3,Barcelona
SC-99112,2024-05-09,Atina,Los Angeles,6145,3405,0.9265,Clear,3.9,114.48,Electronics,Sea,0,7.9,2024-05-16 21:36:00,7.9,New York
SC-21130,2024-07-12,Atina,Barcelona,2739,2123,0.8543,Rain,2.3,119.39,Electronics,Sea,0,4.9,2024-07-16 21:36:00,4.9,Piraeus
SC-97508,2024-11-11,New York,Busan,3465,5997,0.9448,Rain,1.5,100.68,Machinery,Sea,0,13.9,2024-11-24 21:36:00,13.9,Barcelona
SC-70566,2024-09-29,Shanghai,Hamburg,8542,7909,0.6408,Clear,4.3,139.87,Textiles,Sea,0,18.3,2024-10-17 07:12:00,18.3,Tanger Med
SC-76703,2024-12-17,Tokyo,İzmir,2708,5896,0.6741,Clear,2.0,132.17,Machinery,Sea,1,17.7,2025-01-03 16:48:00,17.7,New York
SC-37192,2024-05-23,Valencia,Marsilya,2894,11816,0.811,Clear,3.1,124.97,Machinery,Sea,0,27.4,2024-06-19 09:36:00,27.4,Marsaxlokk
SC-11062,2024-01-16,Antwerp,Marsilya,4268,10066,0.9832,Clear,3.8,145.22,Chemicals,Sea,0,23.3,2024-02-08 07:12:00,23.3,Tanger Med
SC-94076,2024-10-28,Dubai,Valencia,7062,11373,0.6858,Rain,2.3,120.47,Electronics,Sea,0,26.3,2024-11-23 07:12:00,26.3,Jebel Ali
SC-99780,2024-09-01,Valencia,Dubai,5499,2727,0.5161,Clear,3.6,115.83,Auto Parts,Sea,0,6.3,2024-09-07 07:12:00,6.3,Marsaxlokk
SC-31545,2024-04-16,Atina,Tokyo,3077,9039,0.7229,Rain,2.8,148.3,Machinery,Sea,0,20.9,2024-05-06 21:36:00,20.9,Barcelona
SC-31689,2024-03-28,Shanghai,Los Angeles,8415,9715,0.772,Clear,3.3,94.42,Chemicals,Sea,0,22.5,2024-04-19 12:00:00,22.5,Atina
SC-21174,2024-05-08,Valencia,Antwerp,8817,5670,0.9005,Clear,3.4,89.94,Textiles,Sea,0,13.1,2024-05-21 02:24:00,13.1,Marsaxlokk
SC-98461,2024-12-06,Barcelona,Antwerp,6365,3141,0.8643,Clear,4.3,91.36,Auto Parts,Sea,0,7.3,2024-12-13 07:12:00,7.3,Tanger Med
SC-19348,2024-01-04,Marsilya,New York,5402,6031,0.9823,Clear,3.6,149.26,Electronics,Sea,0,14.0,2024-01-18 00:00:00,14.0,Trieste
SC-33714,2024-11-22,Ningbo,Dubai,14365,10550,0.8913,Clear,2.1,125.66,Chemicals,Sea,0,24.4,2024-12-16 09:36:00,24.4,Tanger Med
SC-48102,2024-11-01,Ningbo,Tokyo,5822,5742,0.6493,Clear,1.2,101.41,Auto Parts,Sea,0,13.3,2024-11-14 07:12:00,13.3,Barcelona
SC-84460,2024-04-04,Ningbo,Busan,7873,4844,0.8207,Rain,1.0,97.43,Electronics,Sea,0,11.2,2024-04-15 04:48:00,11.2,Tanger Med
SC-99930,2024-07-27,İzmir,Dubai,8714,4211,0.8361,Clear,4.6,83.96,Electronics,Sea,0,9.7,2024-08-05 16:48:00,9.7,Atina
SC-16801,2024-08-12,Ambarli,Trieste,7365,2972,0.999,Hurricane,4.8,89.24,Auto Parts,Sea,1,8.9,2024-08-20 21:36:00,8.9,Dubai
SC-82267,2024-12-13,Trieste,Trieste,6969,2360,0.5694,Fog,1.4,143.57,Chemicals,Sea,1,7.1,2024-12-20 02:24:00,7.1,Singapore
SC-58136,2024-11-16,Busan,Los Angeles,5889,4632,0.5957,Clear,2.9,132.31,Auto Parts,Sea,0,10.7,2024-11-26 16:48:00,10.7,Singapore
SC-33625,2024-02-16,Valencia,Marsilya,4469,5190,0.5778,Fog,1.6,145.91,Machinery,Sea,0,12.0,2024-02-28 00:00:00,12.0,Marsaxlokk
SC-92873,2024-06-29,Mersin,Busan,2972,6948,0.7945,Clear,4.8,109.66,Electronics,Sea,0,16.1,2024-07-15 02:24:00,16.1,Piraeus
SC-82592,2024-04-15,Shanghai,Ningbo,3472,3624,0.5677,Clear,2.0,122.09,Textiles,Sea,0,8.4,2024-04-23 09:36:00,8.4,Tanger Med
SC-87052,2024-07-17,Shanghai,Dubai,9331,3756,0.828,Clear,3.0,113.86,Auto Parts,Sea,0,8.7,2024-07-25 16:48:00,8.7,Singapore
SC-54261,2024-04-15,Ambarli,Ambarli,6825,9818,0.9019,Rain,1.7,141.7,Auto Parts,Sea,0,22.7,2024-05-07 16:48:00,22.7,Mersin
SC-11542,2024-10-06,Hamburg,Felixstowe,8535,7119,0.7164,Fog,2.3,149.4,Electronics,Sea,0,16.5,2024-10-22 12:00:00,16.5,Singapore
SC-31677,2024-09-16,Ningbo,Felixstowe,4309,8026,0.7803,Clear,2.1,145.29,Electronics,Sea,0,18.6,2024-10-04 14:24:00,18.6,İzmir
SC-56732,2024-04-17,Rotterdam,Trieste,6125,10432,0.9564,Clear,2.9,121.86,Auto Parts,Sea,0,24.1,2024-05-11 02:24:00,24.1,Dubai
SC-60343,2024-01-19,Valencia,Ningbo,6025,8975,0.7848,Clear,2.7,84.33,Textiles,Sea,0,20.8,2024-02-08 19:12:00,20.8,Jebel Ali
SC-49081,2024-10-22,Mersin,Dubai,5564,2975,0.6043,Clear,2.3,123.23,Electronics,Sea,0,6.9,2024-10-28 21:36:00,6.9,Piraeus
SC-72856,2024-11-01,İzmir,Dubai,2945,6318,0.6716,Clear,1.4,86.79,Electronics,Sea,0,14.6,2024-11-15 14:24:00,14.6,Barcelona
SC-98858,2024-06-19,Mersin,Marsilya,5542,7923,0.7649,Rain,2.9,89.72,Machinery,Sea,0,18.3,2024-07-07 07:12:00,18.3,Tanger Med
SC-29065,2024-11-26,Shanghai,Singapore,4597,4313,0.5774,Clear,4.4,93.39,Chemicals,Sea,0,10.0,2024-12-06 00:00:00,10.0,Atina
SC-93460,2024-07-13,Barcelona,Tokyo,4074,11497,0.8063,Clear,3.9,105.44,Machinery,Sea,0,26.6,2024-08-08 14:24:00,26.6,Marsaxlokk
SC-98092,2024-01-12,Busan,Rotterdam,6341,2787,0.9996,Clear,3.9,121.43,Textiles,Sea,0,6.5,2024-01-18 12:00:00,6.5,İzmir
SC-64693,2024-07-13,Singapore,New York,7625,4428,0.8263,Clear,2.5,103.35,Chemicals,Sea,0,10.2,2024-07-23 04:48:00,10.2,Jebel Ali
SC-36962,2024-10-09,Rotterdam,Tokyo,14472,10747,0.6862,Clear,3.8,111.66,Auto Parts,Sea,0,24.9,2024-11-02 21:36:00,24.9,Singapore
SC-38295,2024-06-30,Busan,Singapore,2501,8664,0.6659,Clear,2.9,83.31,Textiles,Sea,0,20.1,2024-07-20 02:24:00,20.1,Marsaxlokk
SC-23807,2024-10-31,Barcelona,Barcelona,4861,11751,0.9658,Storm,1.6,123.38,Textiles,Sea,1,35.4,2024-12-05 09:36:00,35.4,Singapore
SC-52348,2024-05-23,Mersin,Mersin,2936,9483,0.9358,Rain,2.7,125.99,Machinery,Sea,0,22.0,2024-06-14 00:00:00,22.0,Piraeus
SC-36432,2024-11-11,Mersin,Barcelona,2735,3363,0.7362,Clear,1.5,86.96,Chemicals,Sea,0,7.8,2024-11-18 19:12:00,7.8,Barcelona
SC-93285,2024-06-30,Marsilya,Busan,8851,5959,0.6767,Clear,1.5,134.96,Textiles,Sea,0,13.8,2024-07-13 19:12:00,13.8,Trieste
SC-67854,2024-01-30,Shanghai,Atina,4314,10781,0.8552,Clear,1.1,125.32,Chemicals,Sea,0,25.0,2024-02-24 00:00:00,25.0,New York
SC-50262,2024-03-24,Felixstowe,İzmir,9659,3749,0.6573,Rain,2.1,114.28,Auto Parts,Sea,0,8.7,2024-04-01 16:48:00,8.7,Jebel Ali
SC-47080,2024-06-14,Mersin,Felixstowe,13560,8671,0.5597,Clear,2.3,118.7,Chemicals,Sea,0,20.1,2024-07-04 02:24:00,20.1,İzmir
SC-11324,2024-10-10,Los Angeles,Rotterdam,6612,2540,0.6551,Storm,3.8,115.21,Machinery,Sea,1,7.6,2024-10-17 14:24:00,7.6,Trieste
SC-45909,2024-10-07,Valencia,Valencia,5749,9634,0.7171,Storm,3.2,83.77,Machinery,Sea,1,29.0,2024-11-05 00:00:00,29.0,Dubai
SC-99339,2024-04-05,Valencia,Valencia,2831,10482,0.6277,Clear,4.4,131.46,Textiles,Sea,0,24.3,2024-04-29 07:12:00,24.3,New York
SC-29870,2024-09-22,Felixstowe,Mersin,2505,5935,0.6084,Storm,1.7,115.83,Chemicals,Sea,0,13.7,2024-10-05 16:48:00,13.7,Marsaxlokk
SC-44578,2024-10-24,Hamburg,Atina,5865,5958,0.5031,Fog,2.1,92.1,Machinery,Sea,1,17.9,2024-11-10 21:36:00,17.9,Singapore
SC-82124,2024-10-22,Ningbo,Mersin,2518,5859,0.8154,Clear,4.8,127.65,Electronics,Sea,0,13.6,2024-11-04 14:24:00,13.6,Barcelona
SC-36790,2024-08-12,Los Angeles,Atina,4458,10050,0.8072,Clear,2.8,128.65,Machinery,Sea,0,23.3,2024-09-04 07:12:00,23.3,Marsaxlokk
SC-35289,2024-11-28,New York,Tokyo,9823,11447,0.594,Rain,4.2,94.94,Auto Parts,Sea,0,26.5,2024-12-24 12:00:00,26.5,Atina
SC-65129,2024-12-26,Dubai,Marsilya,3252,7331,0.9718,Clear,3.0,135.75,Electronics,Sea,0,17.0,2025-01-12 00:00:00,17.0,Jebel Ali
SC-25485,2024-02-11,Marsilya,Felixstowe,4073,10199,0.7048,Clear,2.9,111.96,Chemicals,Sea,1,30.7,2024-03-12 16:48:00,30.7,İzmir
SC-54482,2024-10-29,Valencia,İzmir,9098,3657,0.5127,Clear,1.6,92.64,Textiles,Sea,0,8.5,2024-11-06 12:00:00,8.5,Mersin
SC-96188,2024-09-02,Hamburg,Antwerp,3268,8185,0.6099,Clear,4.4,126.03,Electronics,Sea,0,18.9,2024-09-20 21:36:00,18.9,Singapore
SC-14748,2024-07-26,Valencia,Atina,3688,6428,0.846,Fog,1.3,121.77,Machinery,Sea,1,19.3,2024-08-14 07:12:00,19.3,Dubai
SC-96769,2024-08-24,Atina,Ambarli,14389,11448,0.6008,Clear,2.2,91.93,Textiles,Sea,0,26.5,2024-09-19 12:00:00,26.5,Piraeus
SC-19435,2024-01-22,Valencia,Los Angeles,9912,9237,0.527,Rain,3.7,141.06,Textiles,Sea,0,21.4,2024-02-12 09:36:00,21.4,Jebel Ali
SC-13709,2024-07-03,Ambarli,Singapore,4756,3039,0.8089,Clear,3.0,139.82,Textiles,Sea,0,7.0,2024-07-10 00:00:00,7.0,Mersin
SC-40355,2024-08-29,İzmir,Mersin,8040,4116,0.7592,Rain,4.5,138.54,Textiles,Sea,0,9.5,2024-09-07 12:00:00,9.5,Tanger Med
SC-65771,2024-12-28,Rotterdam,Atina,5927,10876,0.8806,Clear,1.2,107.95,Chemicals,Sea,0,25.2,2025-01-22 04:48:00,25.2,Atina
SC-67799,2024-10-09,Trieste,Shanghai,12486,6018,0.8863,Clear,3.6,137.72,Chemicals,Sea,1,18.1,2024-10-27 02:24:00,18.1,Barcelona
SC-23116,2024-02-10,Busan,New York,3981,11989,0.98,Clear,2.9,139.14,Chemicals,Sea,0,27.8,2024-03-08 19:12:00,27.8,Trieste
SC-35470,2024-12-01,Rotterdam,Dubai,6628,9546,0.5285,Rain,1.6,149.76,Machinery,Sea,0,22.1,2024-12-23 02:24:00,22.1,Dubai
SC-52344,2024-06-10,Ambarli,Dubai,9754,3824,0.5195,Clear,4.0,147.03,Chemicals,Sea,0,8.9,2024-06-18 21:36:00,8.9,New York
SC-52918,2024-06-08,Ningbo,New York,5370,5534,0.9936,Rain,2.6,106.8,Textiles,Sea,0,12.8,2024-06-20 19:12:00,12.8,Mersin
SC-62224,2024-03-29,Singapore,Rotterdam,14646,8670,0.8224,Clear,3.1,93.87,Electronics,Sea,0,20.1,2024-04-18 02:24:00,20.1,Barcelona
SC-49298,2024-11-17,Singapore,Dubai,6873,10254,0.8577,Clear,4.9,100.47,Electronics,Sea,0,23.7,2024-12-10 16:48:00,23.7,Singapore
SC-90219,2024-01-12,Shanghai,Marsilya,9406,10452,0.5482,Fog,2.9,114.63,Electronics,Sea,1,31.5,2024-02-12 12:00:00,31.5,Dubai
SC-71629,2024-03-13,Mersin,Ambarli,6038,5571,0.5349,Clear,4.3,136.38,Electronics,Sea,0,12.9,2024-03-25 21:36:00,12.9,Trieste
SC-76040,2024-03-16,Ambarli,Antwerp,7980,5192,0.5801,Clear,4.1,130.61,Electronics,Sea,0,12.0,2024-03-28 00:00:00,12.0,İzmir
SC-38016,2024-12-11,Ningbo,Tokyo,10006,6953,0.7136,Clear,3.7,135.14,Auto Parts,Sea,0,16.1,2024-12-27 02:24:00,16.1,Mersin
SC-33960,2024-07-19,Ningbo,İzmir,6611,11680,0.5551,Clear,4.6,106.59,Electronics,Sea,0,27.0,2024-08-15 00:00:00,27.0,Mersin
SC-43591,2024-01-10,Mersin,Trieste,19732,11322,0.7232,Rain,2.0,97.28,Electronics,Sea,0,26.2,2024-02-05 04:48:00,26.2,New York
SC-92848,2024-12-17,Mersin,Barcelona,12684,6275,0.7808,Clear,4.3,81.69,Electronics,Sea,0,14.5,2024-12-31 12:00:00,14.5,Atina
SC-77641,2024-08-13,Los Angeles,Ambarli,9608,2354,0.5002,Rain,2.5,123.83,Machinery,Sea,0,5.4,2024-08-18 09:36:00,5.4,Mersin
SC-46395,2024-06-24,Antwerp,Felixstowe,6261,7029,0.5571,Rain,4.2,135.65,Auto Parts,Sea,0,16.3,2024-07-10 07:12:00,16.3,Trieste
SC-32700,2024-10-02,Trieste,Felixstowe,5739,4774,0.6876,Clear,3.0,142.24,Electronics,Sea,0,11.1,2024-10-13 02:24:00,11.1,Mersin
SC-44620,2024-02-08,İzmir,Valencia,6640,2588,0.5267,Clear,4.4,113.34,Chemicals,Sea,0,6.0,2024-02-14 00:00:00,6.0,New York
SC-30559,2024-02-29,Dubai,Tokyo,3678,2604,0.5668,Storm,4.6,144.94,Machinery,Sea,0,6.0,2024-03-06 00:00:00,6.0,İzmir
SC-71642,2024-03-06,New York,Atina,8698,10365,0.6159,Storm,3.4,94.17,Auto Parts,Sea,0,24.0,2024-03-30 00:00:00,24.0,Tanger Med
SC-86539,2024-11-16,Singapore,Singapore,5780,2353,0.7148,Clear,3.0,116.01,Chemicals,Sea,0,5.4,2024-11-21 09:36:00,5.4,New York
SC-31732,2024-05-03,Rotterdam,Busan,3805,7434,0.8574,Clear,4.1,94.96,Chemicals,Sea,1,22.4,2024-05-25 09:36:00,22.4,İzmir
SC-40354,2024-06-12,New York,Los Angeles,2521,2433,0.5663,Clear,2.1,93.17,Machinery,Sea,0,5.6,2024-06-17 14:24:00,5.6,Atina
SC-23843,2024-06-07,Singapore,Ambarli,3709,10450,0.869,Clear,1.1,146.74,Chemicals,Sea,0,24.2,2024-07-01 04:48:00,24.2,Ambarli
SC-81726,2024-02-26,Los Angeles,Rotterdam,3108,2867,0.9275,Rain,2.6,137.24,Textiles,Sea,1,8.6,2024-03-05 14:24:00,8.6,Dubai
SC-27640,2024-03-18,Mersin,Trieste,8676,10787,0.8257,Clear,3.0,80.83,Machinery,Sea,0,25.0,2024-04-12 00:00:00,25.0,Tanger Med
SC-62528,2024-07-12,Trieste,Hamburg,7654,7764,0.5219,Clear,2.2,98.8,Machinery,Sea,0,18.0,2024-07-30 00:00:00,18.0,Tanger Med
SC-48413,2024-10-11,Tokyo,Tokyo,4881,2393,0.7203,Rain,2.5,94.36,Textiles,Sea,1,7.2,2024-10-18 04:48:00,7.2,Ambarli
SC-62638,2024-01-15,Trieste,Valencia,12452,5754,0.83,Fog,1.5,90.3,Machinery,Sea,0,13.3,2024-01-28 07:12:00,13.3,Mersin
SC-62736,2024-01-12,Valencia,Ningbo,8905,6370,0.9893,Fog,2.1,128.82,Chemicals,Sea,0,14.7,2024-01-26 16:48:00,14.7,Mersin
SC-78866,2024-04-10,Ningbo,Valencia,11363,6521,0.9759,Clear,2.0,119.68,Chemicals,Sea,0,15.1,2024-04-25 02:24:00,15.1,Marsaxlokk
SC-29087,2024-06-04,Dubai,Trieste,9585,9699,0.6979,Clear,2.2,111.78,Chemicals,Sea,0,22.5,2024-06-26 12:00:00,22.5,Barcelona
SC-51430,2024-12-05,Rotterdam,Mersin,8715,6578,0.808,Clear,2.2,93.26,Textiles,Sea,0,15.2,2024-12-20 04:48:00,15.2,Barcelona
SC-34504,2024-05-04,İzmir,New York,6598,10405,0.9454,Rain,3.2,99.43,Chemicals,Sea,0,24.1,2024-05-28 02:24:00,24.1,Ambarli
SC-17114,2024-12-24,Antwerp,Los Angeles,7420,4126,0.9155,Fog,2.0,104.93,Textiles,Sea,0,9.6,2025-01-02 14:24:00,9.6,Ambarli
SC-88859,2024-10-06,İzmir,New York,2695,10330,0.7397,Fog,4.8,134.98,Textiles,Sea,1,31.1,2024-11-06 02:24:00,31.1,Jebel Ali
SC-20975,2024-04-19,Ningbo,Singapore,11068,6193,0.6306,Rain,3.0,149.24,Textiles,Sea,0,14.3,2024-05-03 07:12:00,14.3,Ambarli
SC-21023,2024-11-29,Atina,Mersin,4859,5960,0.5685,Clear,1.5,92.88,Machinery,Sea,0,13.8,2024-12-12 19:12:00,13.8,İzmir
SC-31447,2024-12-22,Dubai,New York,3112,2663,0.744,Clear,2.1,103.91,Auto Parts,Sea,0,6.2,2024-12-28 04:48:00,6.2,Marsaxlokk
SC-33959,2024-05-25,Mersin,Rotterdam,2862,4832,0.8614,Clear,3.9,99.61,Textiles,Sea,0,11.2,2024-06-05 04:48:00,11.2,Piraeus
SC-76203,2024-08-03,Marsilya,Busan,8089,11265,0.9849,Fog,1.1,83.08,Chemicals,Sea,1,33.9,2024-09-05 21:36:00,33.9,Mersin
SC-39703,2024-06-10,Dubai,Marsilya,7295,6574,0.9309,Clear,4.8,95.35,Textiles,Sea,0,15.2,2024-06-25 04:48:00,15.2,Piraeus
SC-19337,2024-05-07,Trieste,Mersin,10797,8371,0.6021,Clear,2.8,143.11,Electronics,Sea,1,25.2,2024-06-01 04:48:00,25.2,Marsaxlokk
SC-56427,2024-11-09,Busan,Atina,14005,9624,0.8599,Clear,3.1,139.0,Machinery,Sea,0,22.3,2024-12-01 07:12:00,22.3,Barcelona
SC-71529,2024-11-27,Shanghai,Valencia,4229,8292,0.6446,Clear,5.0,91.73,Chemicals,Sea,0,19.2,2024-12-16 04:48:00,19.2,Marsaxlokk
SC-94665,2024-05-29,İzmir,Tokyo,3698,7177,0.8417,Rain,3.0,105.63,Machinery,Sea,0,16.6,2024-06-14 14:24:00,16.6,Ambarli
SC-41921,2024-02-05,Ambarli,Barcelona,7551,10353,0.8329,Clear,4.8,101.76,Machinery,Sea,0,24.0,2024-02-29 00:00:00,24.0,New York
SC-43307,2024-06-21,Antwerp,Antwerp,13135,9006,0.6362,Rain,4.7,90.34,Electronics,Sea,0,20.8,2024-07-11 19:12:00,20.8,Ambarli
SC-37355,2024-01-22,Marsilya,Felixstowe,2537,11692,0.6172,Clear,4.8,123.55,Textiles,Sea,0,27.1,2024-02-18 02:24:00,27.1,Atina
SC-14835,2024-07-24,Trieste,Tokyo,7090,5178,0.552,Clear,4.2,119.01,Chemicals,Sea,0,12.0,2024-08-05 00:00:00,12.0,Dubai
SC-30159,2024-05-06,Ningbo,Antwerp,8611,7546,0.5253,Clear,2.2,109.89,Auto Parts,Sea,0,17.5,2024-05-23 12:00:00,17.5,Jebel Ali
SC-57605,2024-12-01,Los Angeles,Dubai,9310,6490,0.9292,Fog,2.4,139.88,Machinery,Sea,1,19.5,2024-12-20 12:00:00,19.5,Jebel Ali
SC-48088,2024-12-21,Rotterdam,Trieste,8504,6896,0.5249,Clear,2.5,123.38,Auto Parts,Sea,0,16.0,2025-01-06 00:00:00,16.0,Atina
SC-88752,2024-08-04,Rotterdam,Singapore,10005,2185,0.5444,Clear,4.9,98.15,Auto Parts,Sea,0,5.1,2024-08-09 02:24:00,5.1,Jebel Ali
SC-65284,2024-04-05,İzmir,Ambarli,7430,6653,0.6194,Clear,2.4,106.16,Textiles,Sea,0,15.4,2024-04-20 09:36:00,15.4,Tanger Med
SC-67043,2024-06-12,Ningbo,Tokyo,2621,3980,0.9438,Clear,1.4,90.51,Auto Parts,Sea,0,9.2,2024-06-21 04:48:00,9.2,İzmir
SC-45547,2024-05-27,Hamburg,Mersin,9441,6541,0.6665,Clear,4.1,121.4,Chemicals,Sea,0,15.1,2024-06-11 02:24:00,15.1,Piraeus
SC-92844,2024-01-18,Barcelona,Atina,15962,9808,0.5959,Clear,2.5,121.06,Textiles,Sea,0,22.7,2024-02-09 16:48:00,22.7,Barcelona
SC-37532,2024-10-20,Valencia,Los Angeles,6526,2829,0.8578,Storm,3.5,140.91,Auto Parts,Sea,0,6.5,2024-10-26 12:00:00,6.5,Barcelona
SC-44349,2024-07-13,Marsilya,Dubai,4191,5519,0.6595,Rain,4.7,139.91,Textiles,Sea,0,12.8,2024-07-25 19:12:00,12.8,Jebel Ali
SC-55445,2024-05-30,Dubai,Singapore,5861,10008,0.6667,Clear,3.3,138.59,Chemicals,Sea,0,23.2,2024-06-22 04:48:00,23.2,Jebel Ali
SC-15713,2024-12-30,Tokyo,Marsilya,6803,7909,0.8695,Rain,3.6,118.43,Machinery,Sea,0,18.3,2025-01-17 07:12:00,18.3,Tanger Med
SC-66178,2024-05-02,Valencia,Hamburg,8701,3225,0.6258,Rain,3.6,125.64,Electronics,Sea,0,7.5,2024-05-09 12:00:00,7.5,Ambarli
SC-59407,2024-07-05,Rotterdam,İzmir,10991,7774,0.9484,Fog,3.4,134.29,Textiles,Sea,0,18.0,2024-07-23 00:00:00,18.0,Jebel Ali
SC-80340,2024-05-28,Felixstowe,Hamburg,12808,4844,0.7807,Clear,1.6,86.42,Electronics,Sea,0,11.2,2024-06-08 04:48:00,11.2,Marsaxlokk
SC-60990,2024-04-13,Trieste,Shanghai,6175,9347,0.7689,Clear,2.8,101.04,Machinery,Sea,0,21.6,2024-05-04 14:24:00,21.6,Singapore
SC-85672,2024-08-30,Trieste,Tokyo,3302,4733,0.6324,Rain,1.0,91.84,Chemicals,Sea,0,11.0,2024-09-10 00:00:00,11.0,Mersin
SC-75545,2024-08-18,Trieste,New York,6728,6420,0.9175,Rain,3.5,115.8,Machinery,Sea,0,14.9,2024-09-01 21:36:00,14.9,Barcelona
SC-94791,2024-07-24,Felixstowe,Atina,3649,5996,0.7864,Clear,3.3,138.64,Electronics,Sea,0,13.9,2024-08-06 21:36:00,13.9,Trieste
SC-68141,2024-07-16,New York,Rotterdam,14076,11690,0.5778,Clear,2.3,96.15,Chemicals,Sea,0,27.1,2024-08-12 02:24:00,27.1,Piraeus
SC-33793,2024-12-02,Busan,Singapore,8003,3688,0.6031,Clear,3.1,131.16,Auto Parts,Sea,0,8.5,2024-12-10 12:00:00,8.5,Mersin
SC-66570,2024-03-27,Dubai,Marsilya,6284,4447,0.7341,Clear,3.0,108.41,Auto Parts,Sea,0,10.3,2024-04-06 07:12:00,10.3,Atina
SC-47892,2024-05-21,Mersin,Tokyo,7255,2867,0.8898,Clear,2.0,143.22,Textiles,Sea,1,8.6,2024-05-29 14:24:00,8.6,Mersin
SC-11015,2024-11-12,Antwerp,Singapore,11623,8952,0.9696,Clear,2.2,123.88,Auto Parts,Sea,0,20.7,2024-12-02 16:48:00,20.7,Jebel Ali
SC-71813,2024-07-17,Tokyo,Los Angeles,5065,8084,0.8317,Clear,4.1,148.36,Electronics,Sea,0,18.7,2024-08-04 16:48:00,18.7,Jebel Ali
SC-37712,2024-02-15,Shanghai,Mersin,5914,10431,0.7531,Clear,4.0,97.2,Auto Parts,Sea,1,31.4,2024-03-17 09:36:00,31.4,Dubai
SC-18415,2024-10-14,Rotterdam,İzmir,18608,7305,0.6254,Clear,2.9,144.68,Textiles,Sea,0,16.9,2024-10-30 21:36:00,16.9,Dubai
SC-72292,2024-01-15,Trieste,Singapore,3665,10239,0.8364,Clear,3.9,104.99,Chemicals,Sea,0,23.7,2024-02-07 16:48:00,23.7,Dubai
SC-33833,2024-02-13,Shanghai,Los Angeles,4489,6049,0.9911,Clear,2.8,123.54,Auto Parts,Sea,0,14.0,2024-02-27 00:00:00,14.0,İzmir
SC-14158,2024-06-17,Busan,Rotterdam,7139,5457,0.7381,Clear,4.4,92.22,Textiles,Sea,0,12.6,2024-06-29 14:24:00,12.6,Barcelona
SC-72680,2024-11-05,Singapore,Felixstowe,6955,5228,0.5811,Clear,2.3,133.18,Auto Parts,Sea,0,12.1,2024-11-17 02:24:00,12.1,Trieste
SC-30309,2024-02-13,Singapore,Rotterdam,2714,3248,0.5517,Clear,4.7,148.48,Auto Parts,Sea,0,7.5,2024-02-20 12:00:00,7.5,Dubai
SC-16970,2024-04-07,Los Angeles,Antwerp,7369,3167,0.6346,Clear,3.2,135.12,Electronics,Sea,0,7.3,2024-04-14 07:12:00,7.3,Ambarli
SC-82474,2024-09-17,Antwerp,Dubai,12435,5490,0.7847,Clear,3.1,123.11,Textiles,Sea,0,12.7,2024-09-29 16:48:00,12.7,New York
SC-96704,2024-04-18,Singapore,Shanghai,2622,3897,0.9734,Clear,3.7,111.37,Textiles,Sea,0,9.0,2024-04-27 00:00:00,9.0,Dubai
SC-56540,2024-10-09,Felixstowe,Felixstowe,4395,4179,0.6496,Clear,2.4,104.17,Machinery,Sea,0,9.7,2024-10-18 16:48:00,9.7,Ambarli
SC-30384,2024-12-08,Busan,New York,2861,7955,0.6527,Rain,3.9,109.33,Machinery,Sea,0,18.4,2024-12-26 09:36:00,18.4,Trieste
SC-28017,2024-04-13,Singapore,Trieste,5625,4720,0.7406,Clear,2.3,102.98,Textiles,Sea,0,10.9,2024-04-23 21:36:00,10.9,Tanger Med
SC-85880,2024-09-12,Los Angeles,Tokyo,2988,3943,0.9593,Rain,2.6,138.29,Electronics,Sea,0,9.1,2024-09-21 02:24:00,9.1,Singapore
SC-18702,2024-07-24,Mersin,Marsilya,3017,7912,0.7095,Clear,3.7,142.52,Auto Parts,Sea,0,18.3,2024-08-11 07:12:00,18.3,Singapore
SC-10384,2024-11-30,Dubai,Singapore,7757,9686,0.6116,Fog,2.5,146.48,Chemicals,Sea,1,29.1,2024-12-29 02:24:00,29.1,Ambarli
SC-10404,2024-02-12,Dubai,Tokyo,4165,5696,0.5816,Clear,1.8,109.29,Auto Parts,Sea,0,13.2,2024-02-25 04:48:00,13.2,Jebel Ali
SC-50943,2024-12-18,İzmir,Dubai,3236,4825,0.7285,Clear,4.5,118.24,Chemicals,Sea,0,11.2,2024-12-29 04:48:00,11.2,Dubai
SC-57926,2024-09-01,Hamburg,Busan,3375,10414,0.9003,Clear,4.7,120.38,Electronics,Sea,0,24.1,2024-09-25 02:24:00,24.1,İzmir
SC-39189,2024-10-13,Busan,Dubai,6473,3746,0.6457,Fog,3.5,125.58,Machinery,Sea,0,8.7,2024-10-21 16:48:00,8.7,Jebel Ali
SC-22763,2024-12-20,Shanghai,Hamburg,7589,2529,0.7563,Clear,4.2,80.17,Textiles,Sea,0,5.9,2024-12-25 21:36:00,5.9,İzmir
SC-28384,2024-09-29,Tokyo,Shanghai,8420,8384,0.8015,Rain,4.9,138.99,Electronics,Sea,0,19.4,2024-10-18 09:36:00,19.4,Ambarli
SC-70100,2024-03-23,Barcelona,Marsilya,16872,10325,0.7252,Clear,3.5,98.77,Chemicals,Sea,0,23.9,2024-04-15 21:36:00,23.9,Singapore
SC-19860,2024-04-19,Singapore,Atina,5532,6486,0.5958,Rain,4.6,113.05,Textiles,Sea,0,15.0,2024-05-04 00:00:00,15.0,Atina
SC-90642,2024-07-08,Antwerp,Dubai,14983,2101,0.9609,Fog,2.4,138.91,Chemicals,Sea,0,4.9,2024-07-12 21:36:00,4.9,Trieste
SC-60612,2024-10-14,Dubai,Ningbo,5705,5723,0.7827,Hurricane,3.8,149.78,Auto Parts,Sea,1,17.2,2024-10-31 04:48:00,17.2,Mersin
SC-33574,2024-09-07,Felixstowe,Ambarli,2744,4728,0.8646,Rain,1.2,135.64,Auto Parts,Sea,0,10.9,2024-09-17 21:36:00,10.9,Singapore
SC-33524,2024-07-30,Shanghai,Busan,6259,4545,0.818,Clear,4.2,81.74,Auto Parts,Sea,0,10.5,2024-08-09 12:00:00,10.5,Atina
SC-79172,2024-10-17,Ningbo,Antwerp,8632,4558,0.999,Clear,4.3,105.81,Textiles,Sea,0,10.6,2024-10-27 14:24:00,10.6,New York
SC-20916,2024-05-12,Dubai,Dubai,5509,8846,0.7282,Clear,2.6,97.3,Machinery,Sea,0,20.5,2024-06-01 12:00:00,20.5,Atina
SC-14809,2024-07-19,Barcelona,Ambarli,5425,2948,0.7125,Clear,3.6,147.49,Machinery,Sea,0,6.8,2024-07-25 19:12:00,6.8,Ambarli
SC-42201,2024-10-11,Trieste,Los Angeles,9226,11760,0.6801,Clear,4.4,98.5,Chemicals,Sea,0,27.2,2024-11-07 04:48:00,27.2,Dubai
SC-63330,2024-11-21,Valencia,Shanghai,9751,6936,0.6808,Clear,4.5,146.03,Machinery,Sea,0,16.1,2024-12-07 02:24:00,16.1,Ambarli
SC-23456,2024-04-04,Antwerp,Tokyo,13747,4053,0.6379,Rain,1.4,145.63,Machinery,Sea,0,9.4,2024-04-13 09:36:00,9.4,İzmir
SC-66397,2024-10-04,Shanghai,Rotterdam,7542,2193,0.9903,Clear,4.3,138.76,Chemicals,Sea,0,5.1,2024-10-09 02:24:00,5.1,Jebel Ali
SC-48765,2024-11-20,Atina,Felixstowe,6976,10933,0.9354,Clear,2.1,86.87,Chemicals,Sea,0,25.3,2024-12-15 07:12:00,25.3,Jebel Ali
SC-44816,2024-08-06,Trieste,Rotterdam,3383,9304,0.6583,Clear,3.9,80.14,Chemicals,Sea,0,21.5,2024-08-27 12:00:00,21.5,Trieste
SC-55106,2024-03-29,Shanghai,Antwerp,5105,4959,0.6526,Fog,2.3,135.57,Textiles,Sea,0,11.5,2024-04-09 12:00:00,11.5,Barcelona
SC-63932,2024-03-12,Rotterdam,Ambarli,4330,10174,0.5518,Clear,1.2,139.03,Chemicals,Sea,0,23.6,2024-04-04 14:24:00,23.6,Atina
SC-27100,2024-09-03,Rotterdam,Atina,3780,4923,0.9385,Clear,1.8,147.35,Textiles,Sea,0,11.4,2024-09-14 09:36:00,11.4,Piraeus
SC-67091,2024-05-08,New York,Mersin,7668,5239,0.6859,Storm,2.6,95.29,Textiles,Sea,1,15.8,2024-05-23 19:12:00,15.8,Jebel Ali
SC-31949,2024-07-30,New York,Shanghai,5143,5865,0.7863,Clear,4.0,131.32,Textiles,Sea,0,13.6,2024-08-12 14:24:00,13.6,Marsaxlokk
SC-80080,2024-12-08,Busan,Trieste,8094,10229,0.9502,Rain,1.4,116.33,Chemicals,Sea,0,23.7,2024-12-31 16:48:00,23.7,New York
SC-47744,2024-04-05,Antwerp,Trieste,6410,11890,0.7041,Fog,4.3,102.99,Machinery,Sea,1,35.8,2024-05-10 19:12:00,35.8,Mersin
SC-55543,2024-03-15,Los Angeles,İzmir,7784,6566,0.9034,Clear,5.0,122.44,Machinery,Sea,0,15.2,2024-03-30 04:48:00,15.2,Piraeus
SC-46187,2024-02-23,Atina,Ningbo,3311,8595,0.7151,Storm,4.2,118.37,Chemicals,Sea,1,25.9,2024-03-19 21:36:00,25.9,Trieste
SC-17239,2024-12-09,Barcelona,Tokyo,3106,7609,0.8505,Rain,2.9,100.46,Machinery,Sea,0,17.6,2024-12-26 14:24:00,17.6,Atina
SC-24489,2024-02-23,Felixstowe,Antwerp,5735,5213,0.7156,Clear,3.3,98.79,Chemicals,Sea,0,12.1,2024-03-06 02:24:00,12.1,Trieste
SC-68017,2024-08-05,Antwerp,New York,8815,7108,0.6964,Clear,1.0,114.06,Textiles,Sea,0,16.5,2024-08-21 12:00:00,16.5,Piraeus
SC-71877,2024-01-16,Barcelona,Mersin,7331,3783,0.9954,Clear,1.8,113.18,Auto Parts,Sea,0,8.8,2024-01-24 19:12:00,8.8,Barcelona
SC-53125,2024-04-08,Ningbo,Mersin,3229,10294,0.8062,Fog,4.6,101.14,Electronics,Sea,0,23.8,2024-05-01 19:12:00,23.8,Tanger Med
SC-59922,2024-01-20,Marsilya,Felixstowe,4045,7830,0.6837,Clear,1.1,98.46,Chemicals,Sea,0,18.1,2024-02-07 02:24:00,18.1,Trieste
SC-42049,2024-02-15,Trieste,Valencia,7508,7831,0.6289,Rain,4.6,146.8,Textiles,Sea,0,18.1,2024-03-04 02:24:00,18.1,Trieste
SC-47131,2024-07-11,New York,Los Angeles,15285,2041,0.5199,Clear,1.5,140.37,Auto Parts,Sea,0,4.7,2024-07-15 16:48:00,4.7,İzmir
SC-52944,2024-02-27,New York,Felixstowe,11251,8209,0.8533,Rain,1.5,137.17,Textiles,Sea,0,19.0,2024-03-17 00:00:00,19.0,İzmir
SC-83963,2024-04-20,Tokyo,Singapore,7794,3061,0.6861,Clear,1.7,95.0,Electronics,Sea,0,7.1,2024-04-27 02:24:00,7.1,Tanger Med
SC-34285,2024-05-08,Valencia,Hamburg,2656,11868,0.9106,Clear,4.2,93.25,Machinery,Sea,0,27.5,2024-06-04 12:00:00,27.5,Jebel Ali
SC-47626,2024-12-02,Rotterdam,Hamburg,5660,5689,0.6819,Clear,2.9,136.65,Machinery,Sea,0,13.2,2024-12-15 04:48:00,13.2,İzmir
SC-52808,2024-07-12,Hamburg,Trieste,13250,9595,0.6867,Rain,1.6,92.93,Textiles,Sea,0,22.2,2024-08-03 04:48:00,22.2,Mersin
SC-98464,2024-12-05,Dubai,Busan,9814,8807,0.8896,Clear,3.7,115.25,Electronics,Sea,0,20.4,2024-12-25 09:36:00,20.4,Mersin
SC-63871,2024-11-21,Trieste,Ambarli,9627,5997,0.7447,Rain,4.8,95.5,Textiles,Sea,0,13.9,2024-12-04 21:36:00,13.9,Dubai
SC-29198,2024-01-08,Trieste,Busan,4519,2325,0.9424,Clear,3.3,106.46,Machinery,Sea,0,5.4,2024-01-13 09:36:00,5.4,Ambarli
SC-29758,2024-01-29,Barcelona,Barcelona,8034,9205,0.7951,Rain,1.4,139.74,Textiles,Sea,0,21.3,2024-02-19 07:12:00,21.3,Singapore
SC-25254,2024-04-21,Mersin,Shanghai,11387,3120,0.6203,Rain,1.2,142.4,Auto Parts,Sea,0,7.2,2024-04-28 04:48:00,7.2,Trieste
SC-54238,2024-06-09,Barcelona,Rotterdam,6175,2107,0.7841,Clear,4.2,149.77,Electronics,Sea,0,4.9,2024-06-13 21:36:00,4.9,İzmir
SC-11252,2024-05-10,Shanghai,Hamburg,8261,8294,0.502,Rain,3.5,146.07,Machinery,Sea,1,25.0,2024-06-04 00:00:00,25.0,Atina
SC-49764,2024-07-06,Busan,Los Angeles,3748,7193,0.6562,Clear,4.7,126.99,Textiles,Sea,0,16.7,2024-07-22 16:48:00,16.7,New York
SC-87709,2024-06-11,Valencia,Los Angeles,7086,9224,0.604,Fog,3.2,110.22,Electronics,Sea,1,27.8,2024-07-08 19:12:00,27.8,Atina
SC-47441,2024-07-15,Dubai,Dubai,5363,10526,0.8271,Clear,1.2,84.04,Textiles,Sea,0,24.4,2024-08-08 09:36:00,24.4,Trieste
SC-63682,2024-12-29,Busan,Marsilya,5535,4039,0.568,Clear,2.6,122.57,Machinery,Sea,0,9.3,2025-01-07 07:12:00,9.3,Jebel Ali
SC-69494,2024-07-22,Hamburg,Tokyo,5260,2803,0.645,Rain,3.6,94.75,Electronics,Sea,0,6.5,2024-07-28 12:00:00,6.5,Piraeus
SC-91317,2024-07-30,Valencia,İzmir,17084,2766,0.6657,Rain,2.5,139.51,Machinery,Sea,0,6.4,2024-08-05 09:36:00,6.4,İzmir
SC-75215,2024-04-18,Dubai,Barcelona,2646,5527,0.5016,Clear,5.0,118.42,Auto Parts,Sea,0,12.8,2024-04-30 19:12:00,12.8,Piraeus
SC-88587,2024-10-02,İzmir,Singapore,8172,4306,0.5234,Storm,2.6,131.35,Auto Parts,Sea,1,13.0,2024-10-15 00:00:00,13.0,Trieste
SC-16949,2024-03-13,Barcelona,Trieste,6069,3488,0.6556,Clear,3.2,127.14,Chemicals,Sea,0,8.1,2024-03-21 02:24:00,8.1,Atina
SC-65393,2024-06-15,Dubai,Ningbo,3099,6129,0.6112,Storm,1.9,104.31,Electronics,Sea,1,18.4,2024-07-03 09:36:00,18.4,Jebel Ali
SC-83553,2024-09-16,Busan,Marsilya,7545,4373,0.5585,Clear,1.6,133.14,Auto Parts,Sea,1,13.2,2024-09-29 04:48:00,13.2,Dubai
SC-16941,2024-08-30,Antwerp,Felixstowe,12926,11028,0.5771,Clear,3.6,139.04,Chemicals,Sea,0,25.5,2024-09-24 12:00:00,25.5,İzmir
SC-35934,2024-10-01,Dubai,Dubai,4072,5309,0.9178,Clear,3.4,132.09,Electronics,Sea,0,12.3,2024-10-13 07:12:00,12.3,Singapore
SC-33386,2024-04-11,Busan,Busan,6067,8834,0.8417,Storm,1.0,134.38,Machinery,Sea,1,26.6,2024-05-07 14:24:00,26.6,Atina
SC-71886,2024-06-21,Ningbo,Mersin,10707,7735,0.7421,Clear,2.1,105.2,Textiles,Sea,0,17.9,2024-07-08 21:36:00,17.9,Singapore
SC-85745,2024-06-19,Dubai,Tokyo,7207,6834,0.9544,Fog,3.6,146.06,Textiles,Sea,1,20.6,2024-07-09 14:24:00,20.6,New York
SC-93251,2024-05-20,Valencia,Felixstowe,7600,8990,0.5148,Rain,4.2,109.72,Machinery,Sea,0,20.8,2024-06-09 19:12:00,20.8,New York
SC-63413,2024-07-06,Hamburg,Mersin,11433,5983,0.6725,Clear,2.2,142.79,Auto Parts,Sea,0,13.8,2024-07-19 19:12:00,13.8,Trieste
SC-66800,2024-03-26,Marsilya,Marsilya,7353,5768,0.9117,Clear,3.6,140.05,Textiles,Sea,0,13.4,2024-04-08 09:36:00,13.4,Barcelona
SC-52318,2024-02-21,Marsilya,Rotterdam,9492,3504,0.8141,Clear,2.1,88.7,Machinery,Sea,0,8.1,2024-02-29 02:24:00,8.1,New York
SC-80173,2024-04-20,Barcelona,Dubai,8179,8793,0.9908,Clear,3.8,147.64,Chemicals,Sea,1,26.5,2024-05-16 12:00:00,26.5,Atina
SC-80390,2024-12-30,Busan,Ambarli,8706,4450,0.9723,Clear,3.8,149.74,Chemicals,Sea,0,10.3,2025-01-09 07:12:00,10.3,Singapore
SC-62329,2024-12-07,New York,Tokyo,10469,4033,0.585,Fog,1.5,122.43,Machinery,Sea,0,9.3,2024-12-16 07:12:00,9.3,Singapore
SC-53088,2024-02-12,Valencia,Busan,6762,10002,0.986,Clear,3.7,134.82,Electronics,Sea,0,23.2,2024-03-06 04:48:00,23.2,Dubai
SC-49811,2024-07-29,Ambarli,Hamburg,7384,11891,0.9728,Fog,2.3,145.36,Auto Parts,Sea,0,27.5,2024-08-25 12:00:00,27.5,Mersin
SC-65479,2024-07-18,Rotterdam,Valencia,3002,8019,0.6868,Clear,1.7,81.4,Auto Parts,Sea,0,18.6,2024-08-05 14:24:00,18.6,Dubai
SC-95392,2024-10-24,Barcelona,Ningbo,18243,3307,0.9914,Clear,3.0,145.1,Machinery,Sea,0,7.7,2024-10-31 16:48:00,7.7,Marsaxlokk
SC-97369,2024-12-11,Mersin,Felixstowe,5564,2975,0.5179,Clear,2.8,123.92,Textiles,Sea,0,6.9,2024-12-17 21:36:00,6.9,Ambarli
SC-29963,2024-08-27,Ningbo,İzmir,5089,6939,0.8304,Rain,4.1,137.99,Auto Parts,Sea,0,16.1,2024-09-12 02:24:00,16.1,Tanger Med
SC-65123,2024-04-24,Dubai,Los Angeles,16238,5733,0.6331,Clear,1.3,117.85,Auto Parts,Sea,0,13.3,2024-05-07 07:12:00,13.3,Atina
SC-83477,2024-01-26,Atina,Mersin,6677,10551,0.5647,Fog,4.2,117.14,Chemicals,Sea,0,24.4,2024-02-19 09:36:00,24.4,Jebel Ali
SC-24388,2024-10-25,Ambarli,Mersin,3536,4223,0.7888,Clear,1.4,142.83,Chemicals,Sea,0,9.8,2024-11-03 19:12:00,9.8,İzmir
SC-15569,2024-03-17,Dubai,Atina,9256,2484,0.6532,Fog,1.8,115.52,Chemicals,Sea,0,5.8,2024-03-22 19:12:00,5.8,Piraeus
SC-79836,2024-05-16,Tokyo,Singapore,13257,3428,0.8334,Fog,3.1,113.03,Auto Parts,Sea,1,10.3,2024-05-26 07:12:00,10.3,Marsaxlokk
SC-46586,2024-01-20,Shanghai,Tokyo,3191,4080,0.77,Rain,2.9,122.57,Auto Parts,Sea,0,9.4,2024-01-29 09:36:00,9.4,Jebel Ali
SC-22015,2024-07-29,Antwerp,Antwerp,3514,2695,0.6963,Clear,5.0,116.3,Auto Parts,Sea,0,6.2,2024-08-04 04:48:00,6.2,Singapore
SC-55002,2024-08-27,Ambarli,Hamburg,5103,8300,0.5909,Clear,3.4,111.24,Textiles,Sea,0,19.2,2024-09-15 04:48:00,19.2,Atina
SC-16254,2024-02-08,Ningbo,Atina,7614,6660,0.8006,Rain,2.3,92.64,Textiles,Sea,1,20.0,2024-02-28 00:00:00,20.0,Tanger Med
SC-27144,2024-09-24,Antwerp,Rotterdam,3821,2201,0.9146,Clear,4.6,107.82,Textiles,Sea,0,5.1,2024-09-29 02:24:00,5.1,İzmir
SC-34214,2024-07-25,Ningbo,Valencia,7983,11390,0.8,Rain,2.2,99.74,Electronics,Sea,0,26.4,2024-08-20 09:36:00,26.4,Atina
SC-90719,2024-09-23,Hamburg,Busan,5493,11459,0.8053,Rain,2.1,108.03,Auto Parts,Sea,0,26.5,2024-10-19 12:00:00,26.5,Singapore
SC-81774,2024-06-02,Shanghai,Dubai,19221,10265,0.7559,Clear,3.0,121.52,Auto Parts,Sea,0,23.8,2024-06-25 19:12:00,23.8,Trieste
SC-16090,2024-02-11,Tokyo,Tokyo,3243,10287,0.6941,Clear,4.7,122.62,Machinery,Sea,0,23.8,2024-03-05 19:12:00,23.8,Marsaxlokk
SC-21637,2024-01-11,New York,Barcelona,8570,5477,0.7287,Clear,3.8,96.71,Machinery,Sea,0,12.7,2024-01-23 16:48:00,12.7,Piraeus
SC-32415,2024-10-20,Mersin,Rotterdam,9737,4202,0.9948,Clear,3.7,85.91,Electronics,Sea,0,9.7,2024-10-29 16:48:00,9.7,Tanger Med
SC-34071,2024-04-07,Hamburg,Dubai,6710,9490,0.8748,Fog,3.9,132.11,Machinery,Sea,0,22.0,2024-04-29 00:00:00,22.0,Jebel Ali
SC-68243,2024-10-01,Mersin,Atina,7997,10449,0.7153,Rain,3.6,117.0,Textiles,Sea,0,24.2,2024-10-25 04:48:00,24.2,Tanger Med
SC-51240,2024-08-17,Atina,Ningbo,7943,8317,0.7286,Clear,4.0,110.95,Electronics,Sea,0,19.3,2024-09-05 07:12:00,19.3,Singapore
SC-93807,2024-08-07,Valencia,İzmir,11947,6425,0.7498,Rain,1.8,89.07,Electronics,Sea,0,14.9,2024-08-21 21:36:00,14.9,New York
SC-43434,2024-03-05,Felixstowe,Felixstowe,3287,7350,0.8297,Clear,1.7,109.03,Electronics,Sea,0,17.0,2024-03-22 00:00:00,17.0,Singapore
SC-79724,2024-12-20,Valencia,Shanghai,2756,4806,0.733,Clear,2.4,137.27,Chemicals,Sea,0,11.1,2024-12-31 02:24:00,11.1,New York
SC-85697,2024-08-19,Busan,Marsilya,19042,9163,0.8431,Clear,4.4,120.7,Machinery,Sea,0,21.2,2024-09-09 04:48:00,21.2,New York
SC-38732,2024-11-23,Trieste,New York,4229,2185,0.6646,Storm,3.9,86.37,Auto Parts,Sea,1,6.6,2024-11-29 14:24:00,6.6,Barcelona
SC-21314,2024-02-21,Dubai,Ambarli,11998,10070,0.7053,Storm,3.3,103.26,Chemicals,Sea,1,30.3,2024-03-22 07:12:00,30.3,Marsaxlokk
SC-33954,2024-09-19,Los Angeles,Dubai,2816,10334,0.932,Clear,1.1,148.59,Textiles,Sea,1,31.1,2024-10-20 02:24:00,31.1,Jebel Ali
SC-67108,2024-09-23,İzmir,Rotterdam,9749,9050,0.6645,Clear,1.9,118.12,Chemicals,Sea,0,20.9,2024-10-13 21:36:00,20.9,Tanger Med
SC-97044,2024-12-24,Mersin,Rotterdam,9912,10831,0.9822,Clear,4.2,100.05,Textiles,Sea,0,25.1,2025-01-18 02:24:00,25.1,Jebel Ali
SC-97505,2024-11-12,Barcelona,Dubai,15272,4074,0.5863,Rain,2.0,143.94,Auto Parts,Sea,0,9.4,2024-11-21 09:36:00,9.4,Dubai
SC-46668,2024-11-19,Trieste,Antwerp,6421,9654,0.6208,Clear,3.9,103.52,Auto Parts,Sea,0,22.3,2024-12-11 07:12:00,22.3,Jebel Ali
SC-33061,2024-06-02,Felixstowe,Mersin,9097,2201,0.7318,Clear,1.7,131.09,Machinery,Sea,0,5.1,2024-06-07 02:24:00,5.1,Piraeus
SC-89252,2024-12-23,Shanghai,Los Angeles,8876,7710,0.8987,Rain,3.4,90.31,Chemicals,Sea,0,17.8,2025-01-09 19:12:00,17.8,Trieste
SC-49749,2024-05-19,Valencia,Ningbo,11679,5165,0.8658,Clear,3.5,90.95,Auto Parts,Sea,0,12.0,2024-05-31 00:00:00,12.0,Piraeus
SC-26907,2024-02-20,Rotterdam,Mersin,7767,4102,0.5872,Clear,4.0,119.29,Textiles,Sea,0,9.5,2024-02-29 12:00:00,9.5,Mersin
SC-28777,2024-04-26,Singapore,New York,9770,11102,0.6183,Clear,2.8,96.79,Auto Parts,Sea,0,25.7,2024-05-21 16:48:00,25.7,Jebel Ali
SC-61745,2024-02-15,Tokyo,New York,12613,3571,0.7876,Rain,3.5,83.45,Machinery,Sea,0,8.3,2024-02-23 07:12:00,8.3,Atina
SC-91818,2024-11-04,Barcelona,Busan,8821,7125,0.6476,Storm,2.9,144.85,Textiles,Sea,1,21.4,2024-11-25 09:36:00,21.4,Mersin
SC-33624,2024-03-28,Rotterdam,Tokyo,2876,8697,0.7112,Clear,4.8,83.92,Electronics,Sea,0,20.1,2024-04-17 02:24:00,20.1,Piraeus
SC-33321,2024-07-26,Los Angeles,Antwerp,3957,7169,0.7433,Clear,3.1,130.22,Machinery,Sea,0,16.6,2024-08-11 14:24:00,16.6,Trieste
SC-20488,2024-09-25,New York,New York,5495,4159,0.7971,Clear,1.8,103.31,Machinery,Sea,0,9.6,2024-10-04 14:24:00,9.6,Mersin
SC-32574,2024-03-29,Singapore,Mersin,13290,3329,0.6255,Clear,3.7,145.35,Electronics,Sea,0,7.7,2024-04-05 16:48:00,7.7,Dubai
SC-15240,2024-04-27,Trieste,Mersin,4230,5613,0.5816,Clear,3.2,149.02,Auto Parts,Sea,0,13.0,2024-05-10 00:00:00,13.0,Ambarli
SC-53221,2024-02-23,Trieste,Valencia,14832,10652,0.6993,Clear,4.2,103.48,Machinery,Sea,0,24.7,2024-03-18 16:48:00,24.7,Singapore
SC-20478,2024-04-25,Tokyo,New York,5496,10998,0.541,Clear,1.7,121.38,Electronics,Sea,0,25.5,2024-05-20 12:00:00,25.5,New York
SC-65645,2024-04-27,Dubai,Busan,17015,5699,0.7634,Rain,2.0,134.11,Electronics,Sea,0,13.2,2024-05-10 04:48:00,13.2,Mersin
SC-29262,2024-09-16,Hamburg,Rotterdam,9424,8027,0.9198,Clear,4.7,88.64,Machinery,Sea,0,18.6,2024-10-04 14:24:00,18.6,New York
SC-62796,2024-03-15,Busan,Tokyo,8529,4273,0.5595,Storm,4.7,129.66,Chemicals,Sea,0,9.9,2024-03-24 21:36:00,9.9,İzmir
SC-14432,2024-10-31,Antwerp,Antwerp,7170,10250,0.5564,Clear,2.8,143.43,Machinery,Sea,0,23.7,2024-11-23 16:48:00,23.7,Atina
SC-74291,2024-01-07,Ambarli,Felixstowe,5708,6823,0.5401,Clear,1.2,92.5,Chemicals,Sea,0,15.8,2024-01-22 19:12:00,15.8,Barcelona
SC-89104,2024-05-01,Felixstowe,Barcelona,2753,11347,0.9239,Clear,2.2,138.71,Auto Parts,Sea,0,26.3,2024-05-27 07:12:00,26.3,Jebel Ali
SC-69399,2024-01-11,Busan,Dubai,7475,9075,0.5404,Clear,2.0,88.09,Electronics,Sea,0,21.0,2024-02-01 00:00:00,21.0,Ambarli
SC-89714,2024-12-13,Los Angeles,Singapore,14586,2497,0.9917,Fog,2.7,119.78,Textiles,Sea,0,5.8,2024-12-18 19:12:00,5.8,Tanger Med
SC-60428,2024-08-02,New York,Barcelona,8743,8959,0.6792,Rain,2.3,103.76,Machinery,Sea,0,20.7,2024-08-22 16:48:00,20.7,New York
SC-97731,2024-10-05,Barcelona,Rotterdam,7026,8210,0.6644,Clear,4.3,113.02,Textiles,Sea,0,19.0,2024-10-24 00:00:00,19.0,Tanger Med
SC-10302,2024-01-28,New York,Los Angeles,4275,9126,0.5458,Rain,1.0,101.04,Auto Parts,Sea,0,21.1,2024-02-18 02:24:00,21.1,New York
SC-92558,2024-08-22,Trieste,Valencia,11078,5976,0.7928,Storm,3.6,98.24,Machinery,Sea,0,13.8,2024-09-04 19:12:00,13.8,Trieste
SC-10055,2024-11-08,Marsilya,Tokyo,7648,8420,0.7929,Clear,3.7,132.02,Textiles,Sea,0,19.5,2024-11-27 12:00:00,19.5,İzmir
SC-18717,2024-01-26,Shanghai,Felixstowe,4970,3607,0.7469,Clear,3.6,95.62,Auto Parts,Sea,0,8.3,2024-02-03 07:12:00,8.3,Jebel Ali
SC-38699,2024-02-23,Barcelona,Shanghai,8058,10912,0.6555,Clear,3.1,108.59,Chemicals,Sea,0,25.3,2024-03-19 07:12:00,25.3,Ambarli
SC-83686,2024-01-29,Shanghai,Busan,7295,3274,0.6843,Rain,3.4,99.22,Auto Parts,Sea,1,9.9,2024-02-07 21:36:00,9.9,Jebel Ali
SC-77661,2024-12-18,Antwerp,Marsilya,5852,2690,0.6603,Clear,4.2,96.7,Machinery,Sea,0,6.2,2024-12-24 04:48:00,6.2,Piraeus
SC-54247,2024-06-12,Tokyo,Los Angeles,8433,6023,0.7131,Clear,4.1,123.9,Machinery,Sea,1,18.1,2024-06-30 02:24:00,18.1,Singapore
SC-26748,2024-09-26,Singapore,Rotterdam,5534,9247,0.6709,Clear,1.1,83.18,Machinery,Sea,0,21.4,2024-10-17 09:36:00,21.4,Singapore
SC-14621,2024-11-29,Atina,İzmir,6354,5437,0.8378,Clear,1.1,135.22,Auto Parts,Sea,0,12.6,2024-12-11 14:24:00,12.6,Singapore
SC-25034,2024-02-04,Ningbo,Dubai,18852,4355,0.6479,Rain,4.4,118.24,Machinery,Sea,0,10.1,2024-02-14 02:24:00,10.1,Marsaxlokk
SC-15126,2024-10-12,Singapore,Hamburg,4628,7581,0.6754,Clear,3.3,137.99,Auto Parts,Sea,0,17.5,2024-10-29 12:00:00,17.5,New York
SC-15122,2024-12-13,Hamburg,Rotterdam,7825,2749,0.7177,Clear,4.8,94.91,Electronics,Sea,0,6.4,2024-12-19 09:36:00,6.4,Atina
SC-28030,2024-09-29,Hamburg,Barcelona,3071,5051,0.502,Storm,2.7,129.66,Electronics,Sea,1,15.2,2024-10-14 04:48:00,15.2,Piraeus
SC-92838,2024-07-26,Ambarli,Atina,8006,9763,0.746,Clear,1.7,109.44,Electronics,Sea,0,22.6,2024-08-17 14:24:00,22.6,Barcelona
SC-94717,2024-08-25,Shanghai,Shanghai,2859,5564,0.6279,Clear,2.9,85.38,Textiles,Sea,0,12.9,2024-09-06 21:36:00,12.9,Mersin
SC-65658,2024-04-02,Valencia,Trieste,2547,7758,0.5281,Rain,2.7,132.67,Electronics,Sea,0,18.0,2024-04-20 00:00:00,18.0,New York
SC-48638,2024-06-21,Rotterdam,Singapore,4419,3704,0.9555,Rain,3.1,133.35,Electronics,Sea,0,8.6,2024-06-29 14:24:00,8.6,İzmir
SC-77067,2024-03-19,Ningbo,Felixstowe,2895,8074,0.6612,Clear,4.2,98.96,Auto Parts,Sea,0,18.7,2024-04-06 16:48:00,18.7,Atina
SC-98869,2024-04-19,Tokyo,Atina,7382,4377,0.713,Clear,3.6,144.12,Auto Parts,Sea,0,10.1,2024-04-29 02:24:00,10.1,Dubai
SC-44674,2024-08-04,Trieste,Valencia,9665,10019,0.9137,Rain,1.7,133.48,Machinery,Sea,1,30.1,2024-09-03 02:24:00,30.1,Singapore
SC-45854,2024-12-23,Felixstowe,Ningbo,9514,7274,0.5834,Clear,3.9,101.47,Machinery,Sea,0,16.8,2025-01-08 19:12:00,16.8,Mersin
SC-56271,2024-04-15,Ambarli,New York,4130,5231,0.9252,Rain,3.4,96.74,Machinery,Sea,0,12.1,2024-04-27 02:24:00,12.1,Atina
SC-83688,2024-02-16,Rotterdam,Dubai,5029,8409,0.6208,Rain,3.3,110.81,Auto Parts,Sea,0,19.5,2024-03-06 12:00:00,19.5,Dubai
SC-48518,2024-06-29,Rotterdam,New York,3152,4215,0.7945,Clear,3.7,100.5,Auto Parts,Sea,0,9.8,2024-07-08 19:12:00,9.8,New York
SC-20267,2024-03-04,Mersin,İzmir,9103,8288,0.8428,Rain,3.3,95.19,Electronics,Sea,0,19.2,2024-03-23 04:48:00,19.2,Jebel Ali
SC-11062,2024-09-02,Ambarli,Marsilya,7512,8329,0.9525,Clear,2.8,107.94,Chemicals,Sea,0,19.3,2024-09-21 07:12:00,19.3,New York
SC-60448,2024-08-31,Singapore,Valencia,16571,2885,0.8038,Rain,3.6,81.8,Auto Parts,Sea,1,8.7,2024-09-08 16:48:00,8.7,Piraeus
SC-16229,2024-11-15,Los Angeles,New York,6501,2864,0.7266,Rain,3.9,108.1,Chemicals,Sea,0,6.6,2024-11-21 14:24:00,6.6,Marsaxlokk
SC-66793,2024-03-27,İzmir,Mersin,11754,8917,0.7861,Clear,1.9,95.52,Auto Parts,Sea,0,20.6,2024-04-16 14:24:00,20.6,Ambarli
SC-57915,2024-08-04,Barcelona,Busan,6247,5054,0.601,Clear,3.0,98.5,Auto Parts,Sea,0,11.7,2024-08-15 16:48:00,11.7,Marsaxlokk
SC-14632,2024-01-07,Mersin,Barcelona,2915,10977,0.8445,Clear,2.8,85.78,Textiles,Sea,0,25.4,2024-02-01 09:36:00,25.4,Ambarli
SC-13596,2024-10-04,Shanghai,Ambarli,6856,10648,0.5934,Clear,1.2,121.23,Chemicals,Sea,0,24.6,2024-10-28 14:24:00,24.6,New York
SC-16168,2024-12-02,Rotterdam,Felixstowe,9105,10536,0.7786,Clear,4.3,113.04,Textiles,Sea,0,24.4,2024-12-26 09:36:00,24.4,Mersin
SC-17561,2024-07-28,Dubai,Mersin,8812,2553,0.8238,Rain,2.5,132.54,Electronics,Sea,0,5.9,2024-08-02 21:36:00,5.9,Dubai
SC-83794,2024-06-17,Shanghai,Antwerp,4616,7116,0.9493,Clear,1.3,149.1,Textiles,Sea,0,16.5,2024-07-03 12:00:00,16.5,Barcelona
SC-92152,2024-11-25,Los Angeles,Singapore,15108,9683,0.7251,Clear,2.8,88.37,Textiles,Sea,0,22.4,2024-12-17 09:36:00,22.4,New York
SC-36734,2024-05-17,Dubai,Marsilya,9952,2787,0.8877,Rain,1.6,99.07,Electronics,Sea,0,6.5,2024-05-23 12:00:00,6.5,Atina
SC-16371,2024-11-01,Dubai,Busan,10254,10896,0.5838,Clear,3.8,127.77,Chemicals,Sea,0,25.2,2024-11-26 04:48:00,25.2,Marsaxlokk
SC-36069,2024-08-17,Mersin,Ambarli,6822,6907,0.5781,Rain,3.3,96.61,Machinery,Sea,0,16.0,2024-09-02 00:00:00,16.0,Jebel Ali
SC-89905,2024-11-03,İzmir,Felixstowe,6249,9190,0.7624,Clear,2.1,82.11,Auto Parts,Sea,0,21.3,2024-11-24 07:12:00,21.3,Jebel Ali
SC-22910,2024-06-09,Dubai,Hamburg,10442,11144,0.7982,Clear,4.8,87.69,Chemicals,Sea,0,25.8,2024-07-04 19:12:00,25.8,Marsaxlokk
SC-83479,2024-01-01,Los Angeles,Hamburg,9855,2814,0.8162,Clear,2.2,110.35,Electronics,Sea,0,6.5,2024-01-07 12:00:00,6.5,Marsaxlokk
SC-87735,2024-08-23,Los Angeles,Busan,3605,11740,0.8728,Fog,3.2,110.15,Textiles,Sea,0,27.2,2024-09-19 04:48:00,27.2,Marsaxlokk
SC-91264,2024-07-06,Tokyo,Barcelona,3988,10335,0.6475,Clear,4.2,148.06,Machinery,Sea,0,23.9,2024-07-29 21:36:00,23.9,İzmir
SC-33275,2024-01-04,Marsilya,Marsilya,6196,4777,0.8113,Clear,3.1,112.62,Textiles,Sea,0,11.1,2024-01-15 02:24:00,11.1,Trieste
SC-82274,2024-05-11,Singapore,Hamburg,6520,5766,0.5941,Clear,4.8,127.46,Auto Parts,Sea,0,13.3,2024-05-24 07:12:00,13.3,Barcelona
SC-91449,2024-08-05,Ambarli,Shanghai,9553,6958,0.6095,Rain,4.4,114.45,Electronics,Sea,0,16.1,2024-08-21 02:24:00,16.1,Ambarli
SC-70004,2024-09-16,Singapore,İzmir,12404,5825,0.5337,Clear,4.7,98.89,Machinery,Sea,0,13.5,2024-09-29 12:00:00,13.5,Marsaxlokk
SC-72981,2024-01-01,Dubai,Ambarli,11153,3216,0.8735,Rain,2.5,87.38,Chemicals,Sea,0,7.4,2024-01-08 09:36:00,7.4,New York
SC-94659,2024-03-11,Ambarli,Dubai,3352,11999,0.7535,Rain,3.2,140.14,Chemicals,Sea,0,27.8,2024-04-07 19:12:00,27.8,Tanger Med
SC-64553,2024-06-26,Antwerp,İzmir,9459,6470,0.6191,Clear,4.4,90.69,Electronics,Sea,1,19.5,2024-07-15 12:00:00,19.5,Atina
SC-58447,2024-07-07,Valencia,Singapore,4796,8772,0.7781,Clear,4.6,86.78,Electronics,Sea,0,20.3,2024-07-27 07:12:00,20.3,Piraeus
SC-44529,2024-10-17,Atina,Los Angeles,9770,11481,0.6771,Clear,4.8,94.97,Textiles,Sea,0,26.6,2024-11-12 14:24:00,26.6,Trieste
SC-85703,2024-01-08,Mersin,Ambarli,5179,9717,0.9186,Clear,4.5,80.17,Machinery,Sea,1,29.2,2024-02-06 04:48:00,29.2,Barcelona
SC-86090,2024-09-09,Antwerp,Barcelona,7692,10747,0.7641,Clear,3.9,85.04,Auto Parts,Sea,0,24.9,2024-10-03 21:36:00,24.9,Atina
SC-27260,2024-10-18,Hamburg,Barcelona,9087,2862,0.5149,Clear,1.1,124.46,Electronics,Sea,0,6.6,2024-10-24 14:24:00,6.6,Ambarli
SC-13812,2024-08-31,Marsilya,Shanghai,6192,8217,0.9925,Clear,2.3,97.05,Machinery,Sea,0,19.0,2024-09-19 00:00:00,19.0,Mersin
SC-38024,2024-05-02,Felixstowe,Antwerp,8160,7938,0.5371,Clear,1.5,103.7,Electronics,Sea,1,23.9,2024-05-25 21:36:00,23.9,Tanger Med
SC-68656,2024-10-25,Shanghai,Marsilya,8088,4355,0.848,Clear,1.6,138.47,Electronics,Sea,0,10.1,2024-11-04 02:24:00,10.1,Dubai
SC-37285,2024-10-09,Singapore,Rotterdam,16797,11157,0.7186,Clear,2.2,134.1,Chemicals,Sea,0,25.8,2024-11-03 19:12:00,25.8,Ambarli
SC-11605,2024-02-01,Rotterdam,Mersin,8907,4395,0.6247,Fog,1.3,114.46,Machinery,Sea,1,13.2,2024-02-14 04:48:00,13.2,İzmir
SC-81158,2024-11-29,İzmir,Mersin,3078,10667,0.8382,Clear,2.0,122.91,Chemicals,Sea,0,24.7,2024-12-23 16:48:00,24.7,Mersin
SC-82303,2024-05-25,New York,Marsilya,9279,11530,0.5629,Clear,4.8,86.01,Chemicals,Sea,0,26.7,2024-06-20 16:48:00,26.7,Trieste
SC-37139,2024-06-04,Ningbo,Felixstowe,2635,2524,0.9291,Clear,2.2,133.31,Machinery,Sea,0,5.8,2024-06-09 19:12:00,5.8,Mersin
SC-87149,2024-01-16,Singapore,Busan,3258,2561,0.6253,Clear,1.6,116.13,Chemicals,Sea,0,5.9,2024-01-21 21:36:00,5.9,Barcelona
SC-66138,2024-12-20,Trieste,Marsilya,7661,10167,0.6807,Clear,3.9,119.97,Textiles,Sea,0,23.5,2025-01-12 12:00:00,23.5,Dubai
SC-86125,2024-02-16,Singapore,Ningbo,3326,10113,0.8163,Clear,4.3,126.59,Auto Parts,Sea,0,23.4,2024-03-10 09:36:00,23.4,Marsaxlokk
SC-23918,2024-09-07,Dubai,Antwerp,6739,9416,0.5005,Clear,2.3,115.01,Auto Parts,Sea,0,21.8,2024-09-28 19:12:00,21.8,Marsaxlokk
SC-95655,2024-07-05,Dubai,Singapore,8252,6664,0.7364,Rain,2.1,116.52,Textiles,Sea,0,15.4,2024-07-20 09:36:00,15.4,New York
SC-37446,2024-01-31,Felixstowe,Rotterdam,4675,3205,0.9471,Fog,2.0,114.97,Electronics,Sea,0,7.4,2024-02-07 09:36:00,7.4,Jebel Ali
SC-23046,2024-09-16,Trieste,Hamburg,8964,4238,0.8402,Clear,2.6,114.78,Chemicals,Sea,0,9.8,2024-09-25 19:12:00,9.8,Trieste
SC-34818,2024-01-17,Barcelona,Trieste,11698,3160,0.694,Rain,1.3,132.51,Auto Parts,Sea,1,9.5,2024-01-26 12:00:00,9.5,Ambarli
SC-14324,2024-02-08,Valencia,Felixstowe,9611,7239,0.8302,Clear,3.7,109.9,Machinery,Sea,0,16.8,2024-02-24 19:12:00,16.8,Jebel Ali
SC-86323,2024-10-30,Mersin,Dubai,5207,8974,0.9683,Clear,4.3,80.2,Electronics,Sea,0,20.8,2024-11-19 19:12:00,20.8,Piraeus
SC-19111,2024-02-08,Los Angeles,Busan,16619,2071,0.5939,Clear,3.7,122.84,Auto Parts,Sea,0,4.8,2024-02-12 19:12:00,4.8,Mersin
SC-48110,2024-05-11,Trieste,Los Angeles,9772,2754,0.7659,Clear,2.7,146.69,Chemicals,Sea,0,6.4,2024-05-17 09:36:00,6.4,Barcelona
SC-26389,2024-01-30,Antwerp,Marsilya,12107,9298,0.6174,Clear,2.2,97.99,Auto Parts,Sea,0,21.5,2024-02-20 12:00:00,21.5,Tanger Med
SC-51427,2024-06-06,Ningbo,Dubai,7205,8600,0.9271,Rain,2.6,137.13,Chemicals,Sea,0,19.9,2024-06-25 21:36:00,19.9,Singapore
SC-89579,2024-10-04,Tokyo,Atina,9086,11096,0.8605,Clear,2.7,111.88,Electronics,Sea,0,25.7,2024-10-29 16:48:00,25.7,Piraeus
SC-38746,2024-07-21,Ningbo,Rotterdam,15372,10152,0.9005,Clear,3.7,125.01,Textiles,Sea,0,23.5,2024-08-13 12:00:00,23.5,İzmir
SC-97886,2024-03-06,Los Angeles,Dubai,9144,10243,0.9715,Clear,4.7,142.36,Chemicals,Sea,1,30.8,2024-04-05 19:12:00,30.8,İzmir
SC-10117,2024-04-17,Felixstowe,Dubai,10669,4621,0.6162,Clear,1.3,133.97,Chemicals,Sea,0,10.7,2024-04-27 16:48:00,10.7,Atina
SC-94471,2024-09-24,Busan,Atina,3316,5190,0.5244,Clear,4.8,141.92,Electronics,Sea,0,12.0,2024-10-06 00:00:00,12.0,New York
SC-23234,2024-08-09,Barcelona,Antwerp,3719,5948,0.6455,Clear,4.6,80.67,Electronics,Sea,0,13.8,2024-08-22 19:12:00,13.8,Mersin
SC-63441,2024-10-18,Dubai,Singapore,7506,3287,0.6996,Clear,1.5,93.11,Machinery,Sea,0,7.6,2024-10-25 14:24:00,7.6,New York
SC-10846,2024-01-18,Rotterdam,İzmir,9954,7358,0.8126,Clear,1.7,109.64,Electronics,Sea,0,17.0,2024-02-04 00:00:00,17.0,Trieste
SC-20954,2024-03-30,Dubai,Ningbo,3683,9518,0.8989,Clear,2.2,139.35,Auto Parts,Sea,0,22.0,2024-04-21 00:00:00,22.0,Atina
SC-89239,2024-06-29,Tokyo,Felixstowe,9304,9036,0.6749,Clear,3.2,138.69,Chemicals,Sea,0,20.9,2024-07-19 21:36:00,20.9,Dubai
SC-56514,2024-09-11,Valencia,Tokyo,9792,6780,0.7367,Clear,1.5,92.96,Textiles,Sea,0,15.7,2024-09-26 16:48:00,15.7,Ambarli
SC-98236,2024-09-09,Trieste,Los Angeles,9878,3772,0.8927,Clear,1.8,89.96,Electronics,Sea,0,8.7,2024-09-17 16:48:00,8.7,Marsaxlokk
SC-16469,2024-09-13,Busan,Ningbo,5534,5902,0.6127,Clear,4.6,138.43,Chemicals,Sea,1,17.8,2024-09-30 19:12:00,17.8,Marsaxlokk
SC-40105,2024-12-11,Ningbo,New York,7732,7726,0.6086,Clear,1.4,117.9,Textiles,Sea,0,17.9,2024-12-28 21:36:00,17.9,Marsaxlokk
SC-52101,2024-03-27,Dubai,Antwerp,2859,8200,0.7946,Clear,2.6,123.87,Machinery,Sea,0,19.0,2024-04-15 00:00:00,19.0,Marsaxlokk
SC-74323,2024-03-30,Dubai,Los Angeles,2594,11141,0.718,Clear,4.1,136.64,Auto Parts,Sea,0,25.8,2024-04-24 19:12:00,25.8,Piraeus
SC-68067,2024-08-24,Valencia,Singapore,5201,5138,0.9744,Rain,4.6,94.82,Machinery,Sea,0,11.9,2024-09-04 21:36:00,11.9,İzmir
SC-59376,2024-03-10,Tokyo,Atina,7664,9213,0.6785,Clear,2.3,89.55,Electronics,Sea,0,21.3,2024-03-31 07:12:00,21.3,Trieste
SC-55587,2024-02-13,Ambarli,Ambarli,5253,4416,0.8798,Fog,1.7,140.13,Auto Parts,Sea,1,13.3,2024-02-26 07:12:00,13.3,Singapore
SC-46976,2024-07-18,Hamburg,Los Angeles,4889,11617,0.7915,Clear,3.9,87.82,Machinery,Sea,0,26.9,2024-08-13 21:36:00,26.9,Jebel Ali
SC-77584,2024-05-31,Ambarli,Hamburg,5126,9051,0.5273,Rain,4.1,86.17,Chemicals,Sea,0,21.0,2024-06-21 00:00:00,21.0,Atina
SC-88477,2024-03-26,Tokyo,Busan,9179,3584,0.5422,Rain,4.9,99.4,Electronics,Sea,1,10.8,2024-04-05 19:12:00,10.8,İzmir
SC-52533,2024-01-19,Mersin,Trieste,9088,3046,0.6016,Fog,1.6,102.18,Machinery,Sea,1,9.2,2024-01-28 04:48:00,9.2,İzmir
SC-11828,2024-04-10,Mersin,Antwerp,5951,8984,0.5716,Fog,3.8,96.88,Auto Parts,Sea,1,27.0,2024-05-07 00:00:00,27.0,Dubai
SC-11917,2024-04-04,Antwerp,Los Angeles,12587,4165,0.6647,Clear,2.7,131.91,Auto Parts,Sea,0,9.6,2024-04-13 14:24:00,9.6,Piraeus
SC-30618,2024-09-10,Ningbo,New York,5141,7719,0.7895,Clear,4.7,148.13,Textiles,Sea,0,17.9,2024-09-27 21:36:00,17.9,Marsaxlokk
SC-42254,2024-12-22,Los Angeles,Trieste,2972,9222,0.8012,Clear,2.6,93.97,Auto Parts,Sea,0,21.3,2025-01-12 07:12:00,21.3,Atina
SC-57362,2024-01-30,Mersin,Barcelona,6839,3176,0.7939,Clear,2.8,134.73,Auto Parts,Sea,0,7.4,2024-02-06 09:36:00,7.4,Jebel Ali
SC-30128,2024-09-05,Busan,Trieste,3499,8411,0.5588,Rain,1.5,83.1,Electronics,Sea,0,19.5,2024-09-24 12:00:00,19.5,Tanger Med
SC-69383,2024-02-02,Dubai,Trieste,5603,10074,0.8001,Clear,2.3,88.32,Auto Parts,Sea,0,23.3,2024-02-25 07:12:00,23.3,Dubai
SC-75545,2024-08-16,Los Angeles,Atina,6995,11223,0.7049,Rain,2.6,116.06,Textiles,Sea,0,26.0,2024-09-11 00:00:00,26.0,Barcelona
SC-92180,2024-01-12,Ningbo,Tokyo,3349,5288,0.9515,Clear,1.1,149.97,Auto Parts,Sea,0,12.2,2024-01-24 04:48:00,12.2,Atina
SC-97958,2024-04-27,Busan,Dubai,14888,3315,0.956,Clear,2.8,146.46,Textiles,Sea,0,7.7,2024-05-04 16:48:00,7.7,Trieste
SC-19865,2024-12-15,Singapore,İzmir,9975,2892,0.8841,Storm,2.3,87.84,Chemicals,Sea,1,8.7,2024-12-23 16:48:00,8.7,Marsaxlokk
SC-12219,2024-06-03,İzmir,Dubai,18270,7169,0.8516,Clear,4.2,96.78,Textiles,Sea,0,16.6,2024-06-19 14:24:00,16.6,Tanger Med
SC-49809,2024-09-02,Dubai,Atina,11327,10298,0.5575,Clear,1.4,146.21,Electronics,Sea,0,23.8,2024-09-25 19:12:00,23.8,Singapore
SC-15287,2024-11-27,Felixstowe,Mersin,9912,5080,0.5423,Clear,4.0,90.55,Machinery,Sea,0,11.8,2024-12-08 19:12:00,11.8,Trieste
SC-44387,2024-09-03,New York,Dubai,12011,10936,0.9204,Rain,3.9,132.0,Machinery,Sea,1,32.9,2024-10-05 21:36:00,32.9,Jebel Ali
SC-18512,2024-01-29,Mersin,Valencia,8921,8466,0.7135,Rain,2.0,80.08,Chemicals,Sea,0,19.6,2024-02-17 14:24:00,19.6,Piraeus
SC-11342,2024-06-09,Valencia,Hamburg,9444,10813,0.7257,Rain,1.3,124.22,Electronics,Sea,1,32.5,2024-07-11 12:00:00,32.5,Piraeus
SC-73076,2024-08-22,Atina,Valencia,9516,7090,0.9239,Clear,4.4,114.62,Chemicals,Sea,0,16.4,2024-09-07 09:36:00,16.4,Marsaxlokk
SC-29216,2024-07-08,Antwerp,Dubai,2855,6240,0.8107,Clear,2.0,112.97,Chemicals,Sea,0,14.4,2024-07-22 09:36:00,14.4,Atina
SC-89767,2024-04-26,Atina,Tokyo,12203,11012,0.5897,Clear,1.6,138.04,Auto Parts,Sea,0,25.5,2024-05-21 12:00:00,25.5,Trieste
SC-36614,2024-09-27,Hamburg,Atina,6085,2411,0.6055,Clear,2.4,85.65,Auto Parts,Sea,0,5.6,2024-10-02 14:24:00,5.6,Jebel Ali
SC-46258,2024-09-14,Hamburg,Mersin,10959,10305,0.5032,Clear,2.6,106.41,Electronics,Sea,0,23.9,2024-10-07 21:36:00,23.9,Jebel Ali
SC-52078,2024-06-28,Dubai,Ningbo,3278,4446,0.8553,Clear,2.3,111.22,Machinery,Sea,0,10.3,2024-07-08 07:12:00,10.3,Marsaxlokk
SC-93524,2024-06-20,İzmir,Tokyo,4643,5346,0.7428,Clear,4.9,88.67,Textiles,Sea,1,16.1,2024-07-06 02:24:00,16.1,Trieste
SC-22219,2024-09-30,Singapore,Shanghai,6619,2085,0.975,Clear,4.5,86.0,Auto Parts,Sea,0,4.8,2024-10-04 19:12:00,4.8,Jebel Ali
SC-10235,2024-09-15,Trieste,Dubai,8841,9749,0.857,Clear,4.5,92.57,Electronics,Sea,1,29.3,2024-10-14 07:12:00,29.3,Dubai
SC-52929,2024-05-14,Singapore,Dubai,9756,6142,0.5516,Clear,2.6,96.87,Electronics,Sea,0,14.2,2024-05-28 04:48:00,14.2,Marsaxlokk
SC-77444,2024-06-19,Valencia,New York,12451,9087,0.5808,Clear,4.9,147.62,Machinery,Sea,0,21.0,2024-07-10 00:00:00,21.0,Trieste
SC-18567,2024-07-28,Felixstowe,Los Angeles,6923,9368,0.7509,Clear,3.7,113.29,Electronics,Sea,0,21.7,2024-08-18 16:48:00,21.7,Marsaxlokk
SC-80792,2024-08-23,Dubai,Mersin,4450,11764,0.9624,Clear,4.3,115.72,Electronics,Sea,1,35.4,2024-09-27 09:36:00,35.4,Mersin
SC-75441,2024-07-04,Mersin,Marsilya,6347,7834,0.6236,Rain,3.0,129.49,Machinery,Sea,0,18.1,2024-07-22 02:24:00,18.1,Piraeus
SC-94555,2024-12-29,Felixstowe,Rotterdam,8769,2803,0.9128,Clear,1.6,127.9,Auto Parts,Sea,0,6.5,2025-01-04 12:00:00,6.5,Jebel Ali
SC-83698,2024-04-04,Rotterdam,Trieste,3541,8719,0.6561,Rain,4.5,115.19,Machinery,Sea,1,26.2,2024-04-30 04:48:00,26.2,Barcelona
SC-15415,2024-01-11,Valencia,Singapore,16402,8085,0.6349,Clear,2.9,103.79,Chemicals,Sea,0,18.7,2024-01-29 16:48:00,18.7,Singapore
SC-46159,2024-03-08,Valencia,Felixstowe,5903,11261,0.9507,Clear,4.9,103.17,Auto Parts,Sea,0,26.1,2024-04-03 02:24:00,26.1,Dubai
SC-53925,2024-07-28,İzmir,Busan,9631,6182,0.5236,Clear,2.0,84.04,Chemicals,Sea,0,14.3,2024-08-11 07:12:00,14.3,Singapore
SC-15951,2024-07-14,Ningbo,Ambarli,9195,11600,0.8304,Clear,5.0,142.97,Electronics,Sea,0,26.9,2024-08-09 21:36:00,26.9,Trieste
SC-97388,2024-04-07,Singapore,Trieste,9378,2264,0.5216,Clear,1.9,133.86,Chemicals,Sea,0,5.2,2024-04-12 04:48:00,5.2,Trieste
SC-18007,2024-04-02,Atina,Trieste,4905,5093,0.9004,Clear,2.5,123.63,Machinery,Sea,1,15.3,2024-04-17 07:12:00,15.3,Ambarli
SC-51832,2024-01-22,Trieste,Felixstowe,4758,6798,0.9147,Fog,3.4,107.73,Machinery,Sea,0,15.7,2024-02-06 16:48:00,15.7,Trieste
SC-68596,2024-06-20,Singapore,New York,15565,11665,0.9467,Clear,3.8,120.77,Textiles,Sea,0,27.0,2024-07-17 00:00:00,27.0,Mersin
SC-40523,2024-05-13,Los Angeles,Los Angeles,3094,10143,0.593,Clear,3.9,113.96,Electronics,Sea,0,23.5,2024-06-05 12:00:00,23.5,Piraeus
SC-98861,2024-01-25,Hamburg,Antwerp,3659,2325,0.5622,Clear,2.9,99.18,Machinery,Sea,0,5.4,2024-01-30 09:36:00,5.4,Tanger Med
SC-96740,2024-07-03,Ningbo,Trieste,13874,3206,0.7518,Clear,1.3,100.9,Auto Parts,Sea,0,7.4,2024-07-10 09:36:00,7.4,Singapore
SC-25524,2024-03-25,Ambarli,Hamburg,5962,11696,0.6358,Rain,3.0,141.21,Machinery,Sea,1,35.2,2024-04-29 04:48:00,35.2,Trieste
SC-29282,2024-02-24,Felixstowe,Shanghai,8377,3440,0.8031,Clear,2.3,124.44,Auto Parts,Sea,1,10.4,2024-03-05 09:36:00,10.4,New York
SC-33930,2024-09-07,Marsilya,Singapore,6199,7184,0.7569,Clear,3.6,80.1,Electronics,Sea,0,16.6,2024-09-23 14:24:00,16.6,Barcelona
SC-10077,2024-05-23,Atina,Ambarli,6297,11147,0.5724,Clear,1.7,102.88,Textiles,Sea,0,25.8,2024-06-17 19:12:00,25.8,Barcelona
SC-30611,2024-12-16,Singapore,Trieste,2909,10746,0.8696,Clear,2.6,103.8,Textiles,Sea,0,24.9,2025-01-09 21:36:00,24.9,Trieste
SC-26984,2024-06-15,Tokyo,Trieste,5795,7136,0.9019,Clear,4.9,129.44,Chemicals,Sea,0,16.5,2024-07-01 12:00:00,16.5,Piraeus
SC-24060,2024-08-11,Shanghai,Dubai,4676,10140,0.9815,Clear,1.4,129.03,Machinery,Sea,0,23.5,2024-09-03 12:00:00,23.5,Jebel Ali
SC-92985,2024-08-07,Barcelona,Valencia,11370,7819,0.6978,Rain,3.4,112.49,Electronics,Sea,0,18.1,2024-08-25 02:24:00,18.1,Piraeus
SC-94056,2024-06-27,Barcelona,Felixstowe,13107,10069,0.6689,Clear,1.4,146.57,Chemicals,Sea,0,23.3,2024-07-20 07:12:00,23.3,Mersin
SC-53303,2024-04-28,Trieste,Dubai,4296,4036,0.5961,Clear,1.6,141.06,Electronics,Sea,0,9.3,2024-05-07 07:12:00,9.3,Piraeus
SC-69207,2024-09-21,Ambarli,New York,5719,11478,0.5904,Rain,3.4,140.63,Electronics,Sea,0,26.6,2024-10-17 14:24:00,26.6,New York
SC-85046,2024-05-29,Shanghai,Tokyo,4865,11389,0.6605,Clear,2.8,104.38,Chemicals,Sea,0,26.4,2024-06-24 09:36:00,26.4,Ambarli
SC-39287,2024-08-02,Barcelona,Marsilya,4636,7560,0.9909,Clear,3.2,110.17,Electronics,Sea,0,17.5,2024-08-19 12:00:00,17.5,Ambarli
SC-49711,2024-07-15,Valencia,Tokyo,3212,5629,0.5461,Fog,4.5,109.33,Chemicals,Sea,0,13.0,2024-07-28 00:00:00,13.0,Tanger Med
SC-21954,2024-02-11,Felixstowe,Busan,7759,10963,0.6297,Clear,4.3,110.82,Machinery,Sea,0,25.4,2024-03-07 09:36:00,25.4,Dubai
SC-83340,2024-02-22,Valencia,Dubai,14744,7314,0.543,Clear,4.6,142.24,Chemicals,Sea,0,16.9,2024-03-09 21:36:00,16.9,Trieste
SC-82101,2024-11-25,Dubai,Dubai,2839,4456,0.6368,Clear,3.5,97.44,Machinery,Sea,0,10.3,2024-12-05 07:12:00,10.3,Singapore
SC-81520,2024-09-07,Hamburg,Dubai,4504,10662,0.5462,Rain,3.0,136.15,Textiles,Sea,0,24.7,2024-10-01 16:48:00,24.7,Atina
SC-97062,2024-10-21,Dubai,Marsilya,3912,3370,0.7542,Clear,2.8,115.98,Chemicals,Sea,0,7.8,2024-10-28 19:12:00,7.8,Marsaxlokk
SC-28574,2024-09-27,Singapore,Ambarli,9705,9629,0.7192,Rain,4.0,97.44,Textiles,Sea,0,22.3,2024-10-19 07:12:00,22.3,Jebel Ali
SC-19184,2024-05-02,Felixstowe,İzmir,8414,10863,0.587,Clear,3.1,116.91,Chemicals,Sea,0,25.1,2024-05-27 02:24:00,25.1,İzmir
SC-29096,2024-12-04,Shanghai,Shanghai,12224,3174,0.5874,Clear,1.4,93.68,Electronics,Sea,0,7.3,2024-12-11 07:12:00,7.3,Jebel Ali
SC-77728,2024-09-22,Los Angeles,Trieste,3329,2110,0.8131,Clear,1.6,87.57,Textiles,Sea,0,4.9,2024-09-26 21:36:00,4.9,Trieste
SC-44016,2024-12-13,Shanghai,Mersin,13149,5559,0.6936,Clear,2.4,138.67,Auto Parts,Sea,0,12.9,2024-12-25 21:36:00,12.9,İzmir
SC-21246,2024-01-29,İzmir,Tokyo,4907,8692,0.5281,Rain,1.3,128.95,Auto Parts,Sea,0,20.1,2024-02-18 02:24:00,20.1,Atina
SC-55558,2024-02-04,Ningbo,Dubai,8631,11218,0.9601,Rain,2.0,94.35,Auto Parts,Sea,0,26.0,2024-03-01 00:00:00,26.0,Jebel Ali
SC-28381,2024-01-06,Trieste,Dubai,8712,5233,0.7025,Clear,3.6,145.96,Textiles,Sea,0,12.1,2024-01-18 02:24:00,12.1,New York
SC-46455,2024-04-20,Dubai,Dubai,9358,3472,0.7955,Clear,1.0,81.71,Machinery,Sea,0,8.0,2024-04-28 00:00:00,8.0,Singapore
SC-14018,2024-10-20,Atina,Busan,9320,6872,0.9427,Clear,3.4,103.33,Chemicals,Sea,0,15.9,2024-11-04 21:36:00,15.9,Mersin
SC-21302,2024-03-17,Hamburg,Dubai,5940,6753,0.7011,Clear,4.1,81.52,Electronics,Sea,0,15.6,2024-04-01 14:24:00,15.6,Barcelona
SC-77506,2024-12-14,Shanghai,Ningbo,3238,3833,0.9103,Clear,1.7,89.96,Electronics,Sea,0,8.9,2024-12-22 21:36:00,8.9,Jebel Ali
SC-51157,2024-05-26,Los Angeles,Felixstowe,8455,7928,0.9574,Rain,1.7,92.61,Textiles,Sea,0,18.4,2024-06-13 09:36:00,18.4,Piraeus
SC-64917,2024-03-07,Ambarli,Singapore,7106,10645,0.587,Clear,1.1,136.72,Auto Parts,Sea,0,24.6,2024-03-31 14:24:00,24.6,Barcelona
SC-93122,2024-01-08,Atina,Busan,6594,8816,0.9462,Clear,3.0,149.51,Electronics,Sea,0,20.4,2024-01-28 09:36:00,20.4,Trieste
SC-34519,2024-05-01,Barcelona,Tokyo,3287,2740,0.5599,Rain,3.6,140.71,Electronics,Sea,1,8.2,2024-05-09 04:48:00,8.2,Piraeus
SC-97487,2024-12-05,İzmir,Singapore,2697,9256,0.6376,Clear,2.8,124.46,Machinery,Sea,0,21.4,2024-12-26 09:36:00,21.4,Trieste
SC-66819,2024-06-23,Antwerp,Ningbo,6012,4380,0.9041,Rain,2.6,130.6,Electronics,Sea,0,10.1,2024-07-03 02:24:00,10.1,Atina
SC-90910,2024-06-27,Singapore,Los Angeles,3640,11635,0.9503,Rain,2.8,116.6,Electronics,Sea,0,26.9,2024-07-23 21:36:00,26.9,Singapore
SC-81324,2024-03-25,Shanghai,Ambarli,15563,5680,0.8421,Clear,4.1,109.58,Chemicals,Sea,0,13.1,2024-04-07 02:24:00,13.1,Dubai
SC-15408,2024-02-14,Mersin,İzmir,8996,11940,0.5524,Clear,1.1,128.45,Electronics,Sea,0,27.6,2024-03-12 14:24:00,27.6,New York
SC-69379,2024-05-15,Marsilya,Ningbo,6698,4401,0.7615,Clear,4.1,148.12,Chemicals,Sea,0,10.2,2024-05-25 04:48:00,10.2,Mersin
SC-35053,2024-12-08,Felixstowe,Tokyo,9220,9177,0.7863,Rain,3.7,82.02,Auto Parts,Sea,0,21.2,2024-12-29 04:48:00,21.2,Tanger Med
SC-19446,2024-01-16,Busan,Ambarli,9650,4006,0.6409,Clear,2.0,101.99,Machinery,Sea,0,9.3,2024-01-25 07:12:00,9.3,Ambarli
SC-10922,2024-11-28,Shanghai,Barcelona,3869,11978,0.9956,Rain,3.1,103.1,Electronics,Sea,0,27.7,2024-12-25 16:48:00,27.7,Trieste
SC-61356,2024-07-13,Atina,Los Angeles,5183,3409,0.6678,Clear,1.2,109.0,Machinery,Sea,0,7.9,2024-07-20 21:36:00,7.9,Dubai
SC-20789,2024-01-09,New York,Dubai,3784,3762,0.6051,Clear,2.5,123.88,Machinery,Sea,0,8.7,2024-01-17 16:48:00,8.7,Ambarli
SC-76656,2024-11-11,Antwerp,Rotterdam,19807,2909,0.5551,Storm,1.7,115.96,Machinery,Sea,1,8.8,2024-11-19 19:12:00,8.8,Ambarli
SC-54028,2024-11-29,Rotterdam,Busan,9879,2760,0.6893,Clear,1.1,81.31,Textiles,Sea,0,6.4,2024-12-05 09:36:00,6.4,Tanger Med
SC-74484,2024-11-28,Trieste,Mersin,4690,8638,0.8463,Fog,2.4,108.81,Chemicals,Sea,0,20.0,2024-12-18 00:00:00,20.0,Ambarli
SC-42154,2024-11-22,Felixstowe,Hamburg,3631,7612,0.6157,Clear,3.9,123.36,Machinery,Sea,0,17.6,2024-12-09 14:24:00,17.6,Mersin
SC-92870,2024-01-15,Hamburg,Mersin,13746,5240,0.8848,Clear,4.7,115.34,Auto Parts,Sea,0,12.1,2024-01-27 02:24:00,12.1,İzmir
SC-12336,2024-11-22,Shanghai,Los Angeles,4589,2530,0.5677,Clear,3.6,141.04,Electronics,Sea,0,5.9,2024-11-27 21:36:00,5.9,Tanger Med
SC-77779,2024-04-11,Barcelona,Felixstowe,7522,11551,0.7202,Fog,2.6,107.9,Machinery,Sea,0,26.7,2024-05-07 16:48:00,26.7,Jebel Ali
SC-29029,2024-08-13,Trieste,Dubai,8966,4560,0.8512,Fog,5.0,80.88,Machinery,Sea,1,13.7,2024-08-26 16:48:00,13.7,Ambarli
SC-69201,2024-10-04,Hamburg,Singapore,2928,4177,0.5677,Rain,2.1,99.94,Electronics,Sea,0,9.7,2024-10-13 16:48:00,9.7,Ambarli
SC-42265,2024-04-22,Felixstowe,Felixstowe,14295,7103,0.7989,Clear,1.7,89.5,Auto Parts,Sea,0,16.4,2024-05-08 09:36:00,16.4,İzmir
SC-53872,2024-01-01,Valencia,Dubai,7796,9706,0.8995,Clear,2.9,97.52,Machinery,Sea,0,22.5,2024-01-23 12:00:00,22.5,Dubai
SC-56197,2024-09-22,Valencia,Ambarli,4858,3537,0.7978,Clear,3.0,105.35,Machinery,Sea,0,8.2,2024-09-30 04:48:00,8.2,Mersin
SC-65180,2024-07-26,Tokyo,Ambarli,3571,11465,0.7557,Clear,2.4,127.37,Auto Parts,Sea,0,26.5,2024-08-21 12:00:00,26.5,Atina
SC-33710,2024-04-19,Ningbo,Mersin,6302,4781,0.9191,Rain,3.8,102.69,Machinery,Sea,0,11.1,2024-04-30 02:24:00,11.1,Atina
SC-39486,2024-07-18,Ningbo,Atina,8395,2946,0.9927,Rain,1.7,141.89,Auto Parts,Sea,0,6.8,2024-07-24 19:12:00,6.8,Atina
SC-81907,2024-11-01,İzmir,Ambarli,10236,7257,0.5907,Clear,3.0,100.97,Machinery,Sea,0,16.8,2024-11-17 19:12:00,16.8,Ambarli
SC-81895,2024-01-12,İzmir,Hamburg,16891,11490,0.8457,Rain,3.0,89.59,Electronics,Sea,1,34.6,2024-02-15 14:24:00,34.6,Dubai
SC-74435,2024-12-10,İzmir,Busan,14668,7097,0.5403,Rain,4.3,91.82,Auto Parts,Sea,0,16.4,2024-12-26 09:36:00,16.4,Singapore
SC-50631,2024-07-06,Ambarli,Rotterdam,2994,4511,0.5214,Fog,4.7,145.42,Electronics,Sea,0,10.4,2024-07-16 09:36:00,10.4,Piraeus
SC-30103,2024-06-02,Trieste,İzmir,2558,4188,0.6404,Clear,3.7,111.84,Electronics,Sea,0,9.7,2024-06-11 16:48:00,9.7,Piraeus
SC-74772,2024-11-29,Ambarli,Trieste,12431,8063,0.9855,Rain,2.2,108.22,Machinery,Sea,0,18.7,2024-12-17 16:48:00,18.7,Dubai
SC-24382,2024-10-05,New York,Atina,7536,2881,0.7761,Clear,3.8,84.82,Auto Parts,Sea,0,6.7,2024-10-11 16:48:00,6.7,Barcelona
SC-94291,2024-06-19,Tokyo,Felixstowe,5381,3847,0.6341,Clear,2.0,131.33,Textiles,Sea,0,8.9,2024-06-27 21:36:00,8.9,Tanger Med
SC-13756,2024-05-13,Barcelona,Singapore,6009,8599,0.5663,Clear,4.9,128.63,Electronics,Sea,0,19.9,2024-06-01 21:36:00,19.9,Singapore
SC-30609,2024-01-25,Dubai,Shanghai,3777,3975,0.9601,Clear,4.3,106.3,Electronics,Sea,0,9.2,2024-02-03 04:48:00,9.2,Tanger Med
SC-26478,2024-01-18,Antwerp,Singapore,9291,8577,0.6812,Clear,2.7,128.42,Electronics,Sea,0,19.9,2024-02-06 21:36:00,19.9,İzmir
SC-49666,2024-07-08,Barcelona,Shanghai,14433,7726,0.6533,Clear,4.1,105.72,Machinery,Sea,1,23.2,2024-07-31 04:48:00,23.2,Mersin
SC-85683,2024-05-20,Los Angeles,Ningbo,14286,6568,0.929,Rain,2.6,85.12,Machinery,Sea,0,15.2,2024-06-04 04:48:00,15.2,Atina
SC-81315,2024-02-12,Felixstowe,Barcelona,9850,9163,0.8022,Clear,1.3,131.67,Electronics,Sea,0,21.2,2024-03-04 04:48:00,21.2,Marsaxlokk
SC-87834,2024-11-29,Felixstowe,Mersin,3246,8582,0.5843,Clear,3.8,147.56,Machinery,Sea,0,19.9,2024-12-18 21:36:00,19.9,Marsaxlokk
SC-24153,2024-10-10,Hamburg,Hamburg,3405,10689,0.7108,Clear,2.6,125.38,Machinery,Sea,0,24.7,2024-11-03 16:48:00,24.7,Tanger Med
SC-86325,2024-05-25,Singapore,New York,13902,4216,0.9641,Clear,4.7,99.35,Machinery,Sea,0,9.8,2024-06-03 19:12:00,9.8,Trieste
SC-22999,2024-11-10,Hamburg,Los Angeles,7528,11180,0.9506,Clear,2.2,98.89,Chemicals,Sea,0,25.9,2024-12-05 21:36:00,25.9,Tanger Med
SC-65318,2024-11-14,Valencia,Busan,5299,7701,0.5351,Clear,4.4,145.03,Auto Parts,Sea,0,17.8,2024-12-01 19:12:00,17.8,Atina
SC-10814,2024-04-01,Dubai,Rotterdam,6209,10017,0.6343,Rain,3.7,101.23,Machinery,Sea,1,30.1,2024-05-01 02:24:00,30.1,Tanger Med
SC-86077,2024-06-27,Los Angeles,Los Angeles,8998,4608,0.5773,Rain,4.4,133.77,Chemicals,Sea,0,10.7,2024-07-07 16:48:00,10.7,Tanger Med
SC-12443,2024-02-25,Dubai,Shanghai,7521,11562,0.7669,Clear,2.2,125.0,Chemicals,Sea,0,26.8,2024-03-22 19:12:00,26.8,Atina
SC-85993,2024-06-03,Los Angeles,Valencia,4838,6809,0.875,Clear,2.8,121.48,Machinery,Sea,0,15.8,2024-06-18 19:12:00,15.8,Piraeus
SC-85916,2024-06-08,Antwerp,Hamburg,5565,8345,0.6478,Clear,4.3,92.68,Chemicals,Sea,0,19.3,2024-06-27 07:12:00,19.3,New York
SC-83319,2024-04-20,Atina,Rotterdam,3678,2178,0.879,Clear,3.6,82.41,Textiles,Sea,0,5.0,2024-04-25 00:00:00,5.0,İzmir
SC-27368,2024-05-16,Los Angeles,Marsilya,13295,9771,0.8344,Clear,2.4,114.21,Chemicals,Sea,0,22.6,2024-06-07 14:24:00,22.6,Singapore
SC-25328,2024-08-19,Antwerp,Antwerp,8666,9971,0.8641,Rain,3.0,149.17,Auto Parts,Sea,1,30.0,2024-09-18 00:00:00,30.0,Ambarli
SC-66942,2024-08-07,Ambarli,Trieste,13136,3929,0.9741,Clear,5.0,93.7,Chemicals,Sea,0,9.1,2024-08-16 02:24:00,9.1,Jebel Ali
SC-37306,2024-03-08,Rotterdam,Hamburg,7295,4548,0.7123,Rain,4.0,117.58,Machinery,Sea,0,10.5,2024-03-18 12:00:00,10.5,Ambarli
SC-95451,2024-10-28,Barcelona,Ningbo,8031,6834,0.6713,Clear,3.5,126.97,Electronics,Sea,0,15.8,2024-11-12 19:12:00,15.8,Tanger Med
SC-49915,2024-09-05,Rotterdam,Barcelona,3753,2111,0.8419,Clear,4.3,113.86,Textiles,Sea,0,4.9,2024-09-09 21:36:00,4.9,Jebel Ali
SC-47219,2024-11-18,Barcelona,Rotterdam,2609,9948,0.9038,Clear,2.8,115.49,Chemicals,Sea,1,29.9,2024-12-17 21:36:00,29.9,Ambarli
SC-90879,2024-01-06,Marsilya,Marsilya,12687,2714,0.5957,Clear,4.8,126.29,Textiles,Sea,1,8.2,2024-01-14 04:48:00,8.2,Dubai
SC-74644,2024-10-06,Singapore,Valencia,8164,11593,0.9234,Clear,3.2,137.04,Auto Parts,Sea,0,26.8,2024-11-01 19:12:00,26.8,Tanger Med
SC-70279,2024-04-03,Dubai,Tokyo,4995,8034,0.5289,Clear,2.3,103.33,Chemicals,Sea,0,18.6,2024-04-21 14:24:00,18.6,Trieste
SC-63028,2024-09-25,Los Angeles,Hamburg,7285,3381,0.5032,Clear,1.3,142.95,Chemicals,Sea,0,7.8,2024-10-02 19:12:00,7.8,Marsaxlokk
SC-10126,2024-07-15,İzmir,Dubai,10784,5127,0.5792,Clear,2.5,113.94,Textiles,Sea,0,11.9,2024-07-26 21:36:00,11.9,Trieste
SC-62329,2024-01-25,Ningbo,Dubai,5090,9483,0.9893,Clear,3.3,126.33,Chemicals,Sea,0,22.0,2024-02-16 00:00:00,22.0,Singapore
SC-37632,2024-05-27,Marsilya,Singapore,8578,3208,0.7618,Clear,3.8,87.46,Chemicals,Sea,0,7.4,2024-06-03 09:36:00,7.4,Singapore
SC-75310,2024-04-27,Ningbo,Atina,9197,2036,0.5233,Clear,4.5,114.47,Electronics,Sea,0,4.7,2024-05-01 16:48:00,4.7,Ambarli
SC-65176,2024-12-03,Tokyo,Los Angeles,5764,3828,0.9986,Clear,4.8,81.13,Textiles,Sea,0,8.9,2024-12-11 21:36:00,8.9,Mersin
SC-96066,2024-12-03,Trieste,Tokyo,2720,5341,0.8725,Clear,1.4,107.37,Machinery,Sea,0,12.4,2024-12-15 09:36:00,12.4,Atina
SC-54327,2024-03-06,Felixstowe,Dubai,10894,9006,0.919,Clear,3.4,83.81,Machinery,Sea,0,20.8,2024-03-26 19:12:00,20.8,Atina
SC-78904,2024-10-27,Rotterdam,Valencia,7527,9675,0.6065,Fog,3.7,142.79,Auto Parts,Sea,0,22.4,2024-11-18 09:36:00,22.4,Mersin
SC-13797,2024-06-23,Singapore,Dubai,9349,7347,0.5527,Rain,1.7,127.1,Electronics,Sea,0,17.0,2024-07-10 00:00:00,17.0,Ambarli
SC-57882,2024-11-14,Busan,Ambarli,3729,9890,0.7575,Fog,3.2,135.43,Textiles,Sea,1,29.8,2024-12-13 19:12:00,29.8,Ambarli
SC-23718,2024-03-16,Atina,Tokyo,9427,2809,0.8861,Clear,2.3,112.74,Textiles,Sea,1,8.5,2024-03-24 12:00:00,8.5,New York
SC-44560,2024-04-23,Tokyo,Hamburg,3469,6118,0.8189,Clear,1.3,139.63,Electronics,Sea,0,14.2,2024-05-07 04:48:00,14.2,Jebel Ali
SC-86589,2024-04-20,Trieste,Dubai,10037,3526,0.8155,Rain,1.3,141.11,Electronics,Sea,0,8.2,2024-04-28 04:48:00,8.2,Ambarli
SC-32116,2024-09-05,Singapore,Atina,12740,2495,0.8785,Clear,4.0,104.98,Auto Parts,Sea,0,5.8,2024-09-10 19:12:00,5.8,Mersin
SC-46244,2024-07-21,Busan,Singapore,8086,2424,0.6135,Clear,3.5,106.38,Machinery,Sea,0,5.6,2024-07-26 14:24:00,5.6,New York
SC-11645,2024-05-26,Ningbo,Los Angeles,17306,4747,0.8308,Clear,3.9,115.58,Textiles,Sea,0,11.0,2024-06-06 00:00:00,11.0,Trieste
SC-57523,2024-02-04,Marsilya,Los Angeles,15963,3982,0.6961,Clear,3.7,82.96,Electronics,Sea,0,9.2,2024-02-13 04:48:00,9.2,Atina
SC-29256,2024-11-04,Ambarli,Felixstowe,9802,3468,0.5349,Clear,1.5,149.7,Textiles,Sea,0,8.0,2024-11-12 00:00:00,8.0,Mersin
SC-63173,2024-01-26,Dubai,Antwerp,6565,9728,0.6011,Clear,1.6,105.14,Machinery,Sea,0,22.5,2024-02-17 12:00:00,22.5,Jebel Ali
SC-47430,2024-08-25,Dubai,Ningbo,12173,8770,0.897,Clear,2.0,112.96,Textiles,Sea,0,20.3,2024-09-14 07:12:00,20.3,Mersin
SC-49282,2024-01-14,Mersin,Mersin,5642,3233,0.948,Fog,2.6,132.83,Textiles,Sea,0,7.5,2024-01-21 12:00:00,7.5,Piraeus
SC-73374,2024-02-14,Ningbo,New York,11293,11989,0.6414,Clear,4.8,100.83,Electronics,Sea,0,27.8,2024-03-12 19:12:00,27.8,Barcelona
SC-78244,2024-08-03,Dubai,Ambarli,8699,10756,0.5952,Clear,3.7,94.11,Electronics,Sea,0,24.9,2024-08-27 21:36:00,24.9,Tanger Med
SC-21694,2024-08-20,Dubai,Dubai,5646,5019,0.5134,Fog,2.0,88.92,Electronics,Sea,0,11.6,2024-08-31 14:24:00,11.6,Trieste
SC-66264,2024-07-11,Singapore,Rotterdam,8200,3304,0.9738,Clear,1.2,116.96,Machinery,Sea,0,7.6,2024-07-18 14:24:00,7.6,Marsaxlokk
SC-85060,2024-02-20,Valencia,Shanghai,2633,10034,0.8419,Rain,3.7,80.38,Chemicals,Sea,0,23.2,2024-03-14 04:48:00,23.2,Tanger Med
SC-67545,2024-08-01,Barcelona,Marsilya,8789,2132,0.9785,Clear,3.5,129.67,Machinery,Sea,0,4.9,2024-08-05 21:36:00,4.9,Mersin
SC-49224,2024-05-30,Antwerp,Trieste,9342,2448,0.9319,Clear,3.7,112.3,Electronics,Sea,0,5.7,2024-06-04 16:48:00,5.7,Tanger Med
SC-23224,2024-10-01,Mersin,Felixstowe,4758,8407,0.6702,Fog,2.0,117.23,Auto Parts,Sea,1,25.3,2024-10-26 07:12:00,25.3,Dubai
SC-50738,2024-12-03,Atina,Los Angeles,17827,2849,0.5563,Clear,3.1,98.42,Textiles,Sea,0,6.6,2024-12-09 14:24:00,6.6,Marsaxlokk
SC-35150,2024-03-16,Mersin,Los Angeles,6274,7357,0.7495,Clear,2.4,92.48,Textiles,Sea,0,17.0,2024-04-02 00:00:00,17.0,Singapore
SC-73731,2024-08-07,Tokyo,Barcelona,4534,5962,0.5134,Clear,4.3,129.0,Textiles,Sea,0,13.8,2024-08-20 19:12:00,13.8,Piraeus
SC-59688,2024-12-13,Dubai,Antwerp,7842,11672,0.575,Clear,1.3,94.72,Textiles,Sea,0,27.0,2025-01-09 00:00:00,27.0,İzmir
SC-83509,2024-07-05,İzmir,Felixstowe,14144,11092,0.6167,Rain,2.1,134.61,Auto Parts,Sea,0,25.7,2024-07-30 16:48:00,25.7,Jebel Ali
SC-18577,2024-10-15,Atina,İzmir,12496,6854,0.8328,Clear,3.4,94.26,Electronics,Sea,1,20.6,2024-11-04 14:24:00,20.6,İzmir
SC-18070,2024-01-28,Valencia,Ningbo,2525,3539,0.7549,Clear,1.8,122.89,Chemicals,Sea,0,8.2,2024-02-05 04:48:00,8.2,Dubai
SC-18666,2024-06-28,Atina,Felixstowe,17333,3899,0.6512,Rain,3.7,125.07,Textiles,Sea,0,9.0,2024-07-07 00:00:00,9.0,Mersin
SC-67761,2024-09-09,Trieste,New York,12203,4944,0.7824,Clear,1.5,115.4,Chemicals,Sea,0,11.4,2024-09-20 09:36:00,11.4,Barcelona
SC-46368,2024-05-05,Dubai,Tokyo,9184,6957,0.5626,Rain,1.1,149.78,Machinery,Sea,0,16.1,2024-05-21 02:24:00,16.1,Tanger Med
SC-16783,2024-06-25,Dubai,İzmir,3032,7943,0.8779,Clear,4.5,106.31,Machinery,Sea,0,18.4,2024-07-13 09:36:00,18.4,Trieste
SC-51914,2024-02-06,New York,Mersin,5557,5244,0.856,Clear,2.3,141.83,Textiles,Sea,0,12.1,2024-02-18 02:24:00,12.1,Dubai
SC-80507,2024-04-08,Antwerp,Antwerp,5318,8336,0.6083,Clear,1.6,91.85,Electronics,Sea,0,19.3,2024-04-27 07:12:00,19.3,Ambarli
SC-89026,2024-04-07,İzmir,Dubai,9131,10706,0.8032,Fog,1.7,103.6,Auto Parts,Sea,0,24.8,2024-05-01 19:12:00,24.8,Tanger Med
SC-77526,2024-05-06,Trieste,Hamburg,19893,3591,0.7517,Clear,4.5,90.18,Textiles,Sea,0,8.3,2024-05-14 07:12:00,8.3,Marsaxlokk
SC-80835,2024-06-16,Antwerp,Tokyo,6047,9953,0.5304,Clear,3.6,122.25,Machinery,Sea,0,23.0,2024-07-09 00:00:00,23.0,Tanger Med
SC-55765,2024-03-20,Singapore,Barcelona,12655,9855,0.6391,Clear,4.8,124.68,Machinery,Sea,0,22.8,2024-04-11 19:12:00,22.8,Atina
SC-29956,2024-10-20,Ambarli,Trieste,8938,9795,0.9997,Clear,4.2,111.75,Chemicals,Sea,0,22.7,2024-11-11 16:48:00,22.7,Mersin
SC-97895,2024-11-28,Busan,Singapore,12184,10275,0.5498,Clear,4.1,130.41,Auto Parts,Sea,0,23.8,2024-12-21 19:12:00,23.8,Marsaxlokk
SC-56240,2024-05-05,Dubai,Barcelona,8596,5742,0.7532,Rain,3.0,140.74,Textiles,Sea,0,13.3,2024-05-18 07:12:00,13.3,Marsaxlokk
SC-47148,2024-12-08,Hamburg,Dubai,9019,4127,0.9247,Clear,4.3,134.36,Electronics,Sea,0,9.6,2024-12-17 14:24:00,9.6,Singapore
SC-14757,2024-11-05,Tokyo,Tokyo,2979,3601,0.6503,Clear,2.7,96.92,Chemicals,Sea,0,8.3,2024-11-13 07:12:00,8.3,Atina
SC-29097,2024-05-29,Ambarli,Hamburg,5173,3222,0.6304,Clear,4.3,102.43,Auto Parts,Sea,0,7.5,2024-06-05 12:00:00,7.5,Jebel Ali
SC-20395,2024-01-16,Marsilya,Felixstowe,2506,7690,0.9454,Clear,4.0,106.62,Chemicals,Sea,0,17.8,2024-02-02 19:12:00,17.8,Mersin
SC-26241,2024-01-28,Tokyo,Hamburg,5757,3842,0.6524,Fog,3.7,94.26,Electronics,Sea,0,8.9,2024-02-05 21:36:00,8.9,Mersin
SC-37696,2024-06-21,Tokyo,Tokyo,7552,10058,0.8257,Clear,2.3,105.29,Machinery,Sea,0,23.3,2024-07-14 07:12:00,23.3,Jebel Ali
SC-80480,2024-02-15,Singapore,İzmir,9507,11781,0.8702,Rain,3.5,96.66,Textiles,Sea,0,27.3,2024-03-13 07:12:00,27.3,Barcelona
SC-56163,2024-11-23,Atina,Felixstowe,13291,7565,0.8943,Clear,3.0,149.7,Textiles,Sea,1,22.8,2024-12-15 19:12:00,22.8,Barcelona
SC-29816,2024-08-23,Tokyo,Hamburg,2873,6488,0.9974,Rain,2.8,134.83,Electronics,Sea,0,15.0,2024-09-07 00:00:00,15.0,Atina
SC-59840,2024-08-01,Ningbo,Dubai,7221,10200,0.9016,Clear,5.0,140.2,Textiles,Sea,0,23.6,2024-08-24 14:24:00,23.6,Jebel Ali
SC-62853,2024-03-25,Atina,Singapore,5003,8950,0.8285,Fog,3.0,144.55,Textiles,Sea,0,20.7,2024-04-14 16:48:00,20.7,Singapore
SC-34917,2024-10-08,Barcelona,Valencia,14660,10906,0.9477,Clear,1.1,126.55,Chemicals,Sea,0,25.2,2024-11-02 04:48:00,25.2,Atina
SC-31566,2024-08-19,New York,Rotterdam,14126,3927,0.9529,Rain,3.5,92.32,Electronics,Sea,0,9.1,2024-08-28 02:24:00,9.1,Tanger Med
SC-85452,2024-03-25,Dubai,Barcelona,9526,10301,0.9866,Clear,3.9,133.1,Chemicals,Sea,0,23.8,2024-04-17 19:12:00,23.8,Dubai
SC-72823,2024-03-05,Rotterdam,Mersin,4458,6929,0.8882,Clear,4.5,81.09,Textiles,Sea,0,16.0,2024-03-21 00:00:00,16.0,New York
SC-30806,2024-05-13,Atina,Antwerp,3740,10457,0.5975,Clear,3.5,87.93,Auto Parts,Sea,0,24.2,2024-06-06 04:48:00,24.2,New York
SC-85520,2024-05-30,Busan,Mersin,8240,7492,0.8549,Rain,1.1,82.07,Auto Parts,Sea,0,17.3,2024-06-16 07:12:00,17.3,Jebel Ali
SC-11759,2024-04-24,Los Angeles,Mersin,5246,5223,0.5376,Clear,1.5,89.48,Chemicals,Sea,0,12.1,2024-05-06 02:24:00,12.1,Dubai
SC-51949,2024-03-04,Hamburg,Busan,9071,8127,0.659,Rain,1.6,132.64,Machinery,Sea,0,18.8,2024-03-22 19:12:00,18.8,Jebel Ali
SC-12482,2024-12-08,Dubai,Marsilya,9618,7071,0.5579,Clear,1.8,141.98,Machinery,Sea,0,16.4,2024-12-24 09:36:00,16.4,Jebel Ali
SC-34442,2024-12-28,Ambarli,Busan,7039,2954,0.975,Hurricane,4.2,99.52,Electronics,Sea,1,8.9,2025-01-05 21:36:00,8.9,Barcelona
SC-43719,2024-12-17,Mersin,Antwerp,15213,9050,0.6694,Clear,2.2,88.34,Auto Parts,Sea,0,20.9,2025-01-06 21:36:00,20.9,Tanger Med
SC-68066,2024-06-06,Barcelona,Marsilya,7774,11541,0.8566,Clear,2.2,99.11,Auto Parts,Sea,0,26.7,2024-07-02 16:48:00,26.7,Singapore
SC-12079,2024-03-17,Tokyo,Mersin,4640,3574,0.7857,Clear,4.0,125.3,Chemicals,Sea,0,8.3,2024-03-25 07:12:00,8.3,Barcelona
SC-12717,2024-05-25,Marsilya,Mersin,7995,8668,0.5538,Clear,2.6,104.51,Textiles,Sea,0,20.1,2024-06-14 02:24:00,20.1,Jebel Ali
SC-69676,2024-12-08,New York,Mersin,19660,9095,0.7807,Clear,1.3,147.28,Electronics,Sea,0,21.1,2024-12-29 02:24:00,21.1,İzmir
SC-37952,2024-08-12,Singapore,Valencia,3023,9720,0.8305,Clear,3.3,89.17,Chemicals,Sea,1,29.2,2024-09-10 04:48:00,29.2,Barcelona
SC-96444,2024-11-08,Mersin,Ambarli,3534,5255,0.9408,Rain,1.5,149.32,Machinery,Sea,1,15.8,2024-11-23 19:12:00,15.8,Dubai
SC-52460,2024-04-12,Felixstowe,Antwerp,6260,3058,0.535,Rain,3.3,80.87,Textiles,Sea,0,7.1,2024-04-19 02:24:00,7.1,Atina
SC-82847,2024-12-12,Hamburg,Busan,9023,3957,0.6478,Clear,4.1,111.62,Electronics,Sea,0,9.2,2024-12-21 04:48:00,9.2,Singapore
SC-99106,2024-10-27,Tokyo,Singapore,6902,8648,0.8462,Clear,4.7,97.63,Textiles,Sea,0,20.0,2024-11-16 00:00:00,20.0,Atina
SC-28449,2024-03-28,Ambarli,Barcelona,3668,6944,0.5172,Clear,1.3,119.64,Machinery,Sea,0,16.1,2024-04-13 02:24:00,16.1,Barcelona
SC-43536,2024-10-29,Los Angeles,Barcelona,14189,7058,0.6018,Clear,2.2,86.76,Chemicals,Sea,0,16.3,2024-11-14 07:12:00,16.3,İzmir
SC-74077,2024-06-16,İzmir,Marsilya,5339,4519,0.6093,Clear,3.6,141.31,Chemicals,Sea,0,10.5,2024-06-26 12:00:00,10.5,Trieste
SC-48258,2024-06-18,Shanghai,Los Angeles,6035,9913,0.8347,Rain,2.3,89.56,Auto Parts,Sea,1,29.8,2024-07-17 19:12:00,29.8,Marsaxlokk
SC-58302,2024-05-14,Mersin,İzmir,9904,4570,0.643,Fog,2.8,121.12,Chemicals,Sea,1,13.8,2024-05-27 19:12:00,13.8,İzmir
SC-38865,2024-02-19,Felixstowe,Rotterdam,3580,9450,0.7998,Clear,1.1,82.33,Auto Parts,Sea,0,21.9,2024-03-11 21:36:00,21.9,Jebel Ali
SC-16645,2024-12-05,Barcelona,Rotterdam,8664,5887,0.9827,Clear,3.8,101.77,Chemicals,Sea,0,13.6,2024-12-18 14:24:00,13.6,Ambarli
SC-48000,2024-12-12,Shanghai,Hamburg,7400,9703,0.8966,Clear,4.5,90.48,Electronics,Sea,0,22.5,2025-01-03 12:00:00,22.5,Tanger Med
SC-36737,2024-05-13,Rotterdam,Barcelona,6362,8417,0.6665,Fog,4.9,148.45,Machinery,Sea,0,19.5,2024-06-01 12:00:00,19.5,Atina
SC-21485,2024-12-12,Felixstowe,Ningbo,10873,11079,0.7362,Clear,4.3,80.84,Textiles,Sea,0,25.6,2025-01-06 14:24:00,25.6,Tanger Med
SC-48565,2024-05-16,Singapore,Tokyo,6821,2744,0.6003,Clear,1.1,104.67,Machinery,Sea,0,6.4,2024-05-22 09:36:00,6.4,New York
SC-35522,2024-09-01,Shanghai,Rotterdam,8951,8420,0.5079,Rain,3.6,101.19,Machinery,Sea,0,19.5,2024-09-20 12:00:00,19.5,Dubai
SC-75155,2024-04-18,Busan,New York,9482,5514,0.6449,Clear,3.0,126.02,Auto Parts,Sea,0,12.8,2024-04-30 19:12:00,12.8,Mersin
SC-65168,2024-11-08,Ambarli,İzmir,7781,4930,0.6847,Clear,4.8,83.95,Auto Parts,Sea,0,11.4,2024-11-19 09:36:00,11.4,Ambarli
SC-62487,2024-10-13,Barcelona,Barcelona,4848,7537,0.7822,Clear,4.6,136.74,Electronics,Sea,0,17.4,2024-10-30 09:36:00,17.4,New York
SC-22342,2024-01-21,Ambarli,Hamburg,2864,8713,0.972,Rain,5.0,112.66,Textiles,Sea,0,20.2,2024-02-10 04:48:00,20.2,New York
SC-50806,2024-03-30,Trieste,Rotterdam,7428,2175,0.9739,Clear,4.4,111.69,Chemicals,Sea,0,5.0,2024-04-04 00:00:00,5.0,Piraeus
SC-58770,2024-10-22,Shanghai,Singapore,4086,2565,0.535,Storm,3.2,95.88,Chemicals,Sea,0,5.9,2024-10-27 21:36:00,5.9,Trieste
SC-88623,2024-04-21,Barcelona,Tokyo,9695,5217,0.8073,Fog,3.9,114.3,Machinery,Sea,1,15.7,2024-05-06 16:48:00,15.7,Ambarli
SC-85629,2024-10-27,Hamburg,Rotterdam,2833,6357,0.5212,Rain,4.9,105.47,Electronics,Sea,0,14.7,2024-11-10 16:48:00,14.7,New York
SC-62603,2024-03-17,Busan,Busan,8389,7973,0.824,Clear,3.3,97.16,Textiles,Sea,0,18.5,2024-04-04 12:00:00,18.5,Atina
SC-91974,2024-06-25,Antwerp,Singapore,3146,11586,0.5589,Rain,4.4,91.81,Chemicals,Sea,0,26.8,2024-07-21 19:12:00,26.8,Trieste
SC-36399,2024-12-08,Rotterdam,Barcelona,8282,7802,0.9732,Clear,4.8,130.98,Machinery,Sea,0,18.1,2024-12-26 02:24:00,18.1,New York
SC-95382,2024-05-27,Los Angeles,Antwerp,8231,9034,0.9322,Clear,3.3,89.94,Electronics,Sea,0,20.9,2024-06-16 21:36:00,20.9,Piraeus
SC-91244,2024-04-10,Antwerp,Shanghai,8039,11412,0.5112,Clear,1.6,91.76,Textiles,Sea,1,34.3,2024-05-14 07:12:00,34.3,Dubai
SC-86534,2024-09-02,Atina,İzmir,3036,2947,0.8911,Clear,1.6,120.39,Machinery,Sea,1,8.9,2024-09-10 21:36:00,8.9,New York
SC-65106,2024-04-26,Antwerp,Ambarli,12308,10776,0.8179,Rain,1.5,95.83,Machinery,Sea,0,24.9,2024-05-20 21:36:00,24.9,New York
SC-40678,2024-04-01,Felixstowe,Trieste,13015,11812,0.7477,Fog,2.9,112.16,Electronics,Sea,0,27.3,2024-04-28 07:12:00,27.3,Dubai
SC-86218,2024-01-28,Marsilya,Singapore,11735,5355,0.8013,Clear,2.9,118.7,Electronics,Sea,0,12.4,2024-02-09 09:36:00,12.4,İzmir
SC-73230,2024-01-25,Rotterdam,Ambarli,6814,7251,0.8391,Rain,3.5,99.21,Electronics,Sea,0,16.8,2024-02-10 19:12:00,16.8,Trieste
SC-84055,2024-02-27,Ningbo,Felixstowe,9979,5191,0.9422,Fog,2.9,104.05,Electronics,Sea,0,12.0,2024-03-10 00:00:00,12.0,Jebel Ali
SC-66373,2024-10-23,Dubai,Trieste,17620,7847,0.8837,Fog,4.9,94.71,Textiles,Sea,1,23.6,2024-11-15 14:24:00,23.6,Mersin
SC-41480,2024-05-13,Los Angeles,Dubai,17794,8716,0.7877,Clear,2.2,112.23,Electronics,Sea,0,20.2,2024-06-02 04:48:00,20.2,Tanger Med
SC-95230,2024-11-26,İzmir,Tokyo,3836,2531,0.9123,Clear,4.5,149.47,Electronics,Sea,0,5.9,2024-12-01 21:36:00,5.9,Singapore
SC-78836,2024-09-05,Valencia,Hamburg,3878,3231,0.9935,Clear,1.4,105.39,Electronics,Sea,0,7.5,2024-09-12 12:00:00,7.5,Trieste
SC-82258,2024-02-07,İzmir,New York,7763,3697,0.6501,Clear,3.4,125.73,Textiles,Sea,1,11.1,2024-02-18 02:24:00,11.1,Mersin
SC-49986,2024-03-15,Atina,Los Angeles,17735,5370,0.5592,Clear,3.6,124.51,Chemicals,Sea,0,12.4,2024-03-27 09:36:00,12.4,Marsaxlokk
SC-34160,2024-05-21,Dubai,Valencia,11890,3545,0.8657,Storm,4.1,135.05,Machinery,Sea,0,8.2,2024-05-29 04:48:00,8.2,Ambarli
SC-95595,2024-11-17,Dubai,Barcelona,8812,3437,0.9893,Fog,3.0,129.83,Auto Parts,Sea,0,8.0,2024-11-25 00:00:00,8.0,Trieste
SC-89111,2024-06-16,Dubai,Dubai,3141,10562,0.5584,Clear,1.8,80.82,Machinery,Sea,0,24.4,2024-07-10 09:36:00,24.4,Mersin
SC-74929,2024-09-15,Shanghai,Dubai,8649,6504,0.7159,Clear,2.5,101.65,Textiles,Sea,0,15.1,2024-09-30 02:24:00,15.1,Singapore
SC-83506,2024-12-20,Dubai,Ambarli,9277,7502,0.5311,Clear,2.1,140.92,Electronics,Sea,0,17.4,2025-01-06 09:36:00,17.4,Marsaxlokk
SC-44911,2024-08-12,Ningbo,Ambarli,7744,9608,0.8883,Clear,2.7,117.77,Textiles,Sea,0,22.2,2024-09-03 04:48:00,22.2,Jebel Ali
SC-97127,2024-05-31,Dubai,Rotterdam,5308,7997,0.9744,Clear,3.1,87.3,Chemicals,Sea,0,18.5,2024-06-18 12:00:00,18.5,Singapore
SC-41821,2024-01-19,Felixstowe,Los Angeles,8036,7566,0.7495,Rain,3.5,99.33,Auto Parts,Sea,0,17.5,2024-02-05 12:00:00,17.5,İzmir
SC-85039,2024-05-25,Tokyo,Trieste,11492,9786,0.7048,Clear,4.4,99.84,Chemicals,Sea,0,22.7,2024-06-16 16:48:00,22.7,Trieste
SC-70535,2024-08-28,Felixstowe,Los Angeles,5332,10808,0.9539,Clear,4.6,141.12,Electronics,Sea,0,25.0,2024-09-22 00:00:00,25.0,Marsaxlokk
SC-94458,2024-12-09,Tokyo,Tokyo,10120,6166,0.5667,Clear,2.9,118.74,Textiles,Sea,0,14.3,2024-12-23 07:12:00,14.3,Piraeus
SC-22175,2024-08-24,İzmir,Atina,8105,6014,0.9458,Clear,1.4,122.58,Textiles,Sea,0,13.9,2024-09-06 21:36:00,13.9,Singapore
SC-64771,2024-02-04,Ningbo,Dubai,7220,4256,0.6961,Rain,4.2,105.69,Electronics,Sea,0,9.9,2024-02-13 21:36:00,9.9,Marsaxlokk
SC-96925,2024-07-08,Mersin,Felixstowe,11062,6354,0.7797,Rain,2.9,84.22,Electronics,Sea,0,14.7,2024-07-22 16:48:00,14.7,Mersin
SC-76358,2024-01-01,Antwerp,Singapore,9620,5310,0.7641,Clear,3.2,85.27,Auto Parts,Sea,0,12.3,2024-01-13 07:12:00,12.3,Singapore
SC-27327,2024-06-01,Ningbo,Felixstowe,4879,9399,0.808,Rain,3.4,109.43,Chemicals,Sea,0,21.8,2024-06-22 19:12:00,21.8,Piraeus
SC-57057,2024-05-05,Valencia,Mersin,2810,2931,0.9711,Clear,3.7,92.42,Electronics,Sea,0,6.8,2024-05-11 19:12:00,6.8,İzmir
SC-16150,2024-12-10,Antwerp,Antwerp,9731,4329,0.9756,Clear,4.6,87.3,Electronics,Sea,0,10.0,2024-12-20 00:00:00,10.0,New York
SC-14425,2024-08-13,Valencia,Atina,9828,2393,0.9156,Clear,4.8,98.36,Chemicals,Sea,0,5.5,2024-08-18 12:00:00,5.5,Barcelona
SC-26032,2024-08-08,Barcelona,Ambarli,8061,4465,0.5958,Clear,4.8,131.94,Electronics,Sea,0,10.3,2024-08-18 07:12:00,10.3,Mersin
SC-12198,2024-07-29,Shanghai,Ambarli,3556,5277,0.6668,Clear,4.2,85.11,Auto Parts,Sea,0,12.2,2024-08-10 04:48:00,12.2,Mersin
SC-70500,2024-01-25,Hamburg,Tokyo,14014,7430,0.7439,Clear,4.6,111.38,Auto Parts,Sea,0,17.2,2024-02-11 04:48:00,17.2,Barcelona
SC-63394,2024-01-16,Tokyo,Felixstowe,5743,9002,0.9527,Clear,1.2,137.83,Chemicals,Sea,0,20.8,2024-02-05 19:12:00,20.8,New York
SC-30079,2024-06-30,Valencia,Ambarli,8708,10817,0.7604,Clear,4.4,98.75,Machinery,Sea,0,25.0,2024-07-25 00:00:00,25.0,Mersin
SC-46220,2024-11-24,Antwerp,Marsilya,14575,7988,0.9887,Fog,1.3,101.13,Auto Parts,Sea,0,18.5,2024-12-12 12:00:00,18.5,New York
SC-51874,2024-05-08,Trieste,Trieste,8776,9509,0.9919,Clear,4.0,141.89,Textiles,Sea,0,22.0,2024-05-30 00:00:00,22.0,Piraeus
SC-23859,2024-02-11,Valencia,Dubai,7413,7932,0.7993,Fog,1.7,125.5,Textiles,Sea,1,23.9,2024-03-05 21:36:00,23.9,Ambarli
SC-60460,2024-12-01,Atina,Rotterdam,13425,11357,0.9387,Clear,2.4,135.84,Machinery,Sea,0,26.3,2024-12-27 07:12:00,26.3,İzmir
SC-41419,2024-08-23,Hamburg,New York,9328,4781,0.9996,Rain,1.7,100.24,Auto Parts,Sea,0,11.1,2024-09-03 02:24:00,11.1,Trieste
SC-18705,2024-12-25,Dubai,Atina,7175,3639,0.9249,Clear,2.8,149.77,Electronics,Sea,0,8.4,2025-01-02 09:36:00,8.4,Jebel Ali
SC-52880,2024-02-03,Singapore,Los Angeles,12343,10973,0.8285,Clear,2.6,89.86,Machinery,Sea,0,25.4,2024-02-28 09:36:00,25.4,Barcelona
SC-33236,2024-12-10,Atina,Dubai,2774,4274,0.9226,Clear,1.2,147.34,Electronics,Sea,1,12.9,2024-12-22 21:36:00,12.9,Tanger Med
SC-97955,2024-02-14,Tokyo,Singapore,4079,4480,0.5413,Clear,4.3,143.15,Textiles,Sea,0,10.4,2024-02-24 09:36:00,10.4,Piraeus
SC-95514,2024-05-13,Shanghai,New York,9725,8799,0.8174,Rain,4.4,118.63,Machinery,Sea,0,20.4,2024-06-02 09:36:00,20.4,Jebel Ali
SC-25358,2024-01-21,Atina,Felixstowe,3358,10547,0.6083,Fog,4.2,120.97,Auto Parts,Sea,1,31.7,2024-02-21 16:48:00,31.7,Atina
SC-86918,2024-05-01,Dubai,Felixstowe,14805,6674,0.558,Clear,4.4,134.25,Textiles,Sea,1,20.1,2024-05-21 02:24:00,20.1,Jebel Ali
SC-24596,2024-03-10,Ambarli,Shanghai,3081,5522,0.9464,Clear,4.0,101.47,Auto Parts,Sea,0,12.8,2024-03-22 19:12:00,12.8,New York
SC-43572,2024-12-17,New York,Mersin,14633,8104,0.8198,Clear,4.7,116.92,Electronics,Sea,0,18.8,2025-01-04 19:12:00,18.8,İzmir
SC-88757,2024-12-26,Busan,Shanghai,4114,7819,0.6218,Clear,3.3,143.17,Auto Parts,Sea,0,18.1,2025-01-13 02:24:00,18.1,Tanger Med
SC-11279,2024-02-17,Dubai,Shanghai,6508,2163,0.6934,Fog,3.3,84.78,Machinery,Sea,0,5.0,2024-02-22 00:00:00,5.0,Trieste
SC-73197,2024-02-08,Antwerp,Marsilya,8162,8922,0.9866,Clear,4.4,143.39,Electronics,Sea,1,26.8,2024-03-05 19:12:00,26.8,İzmir
SC-72516,2024-10-13,Los Angeles,Valencia,3204,5381,0.9311,Clear,2.4,131.01,Machinery,Sea,0,12.5,2024-10-25 12:00:00,12.5,Piraeus
SC-17083,2024-01-10,Tokyo,Singapore,6971,4064,0.5078,Clear,1.2,133.89,Electronics,Sea,0,9.4,2024-01-19 09:36:00,9.4,New York
SC-27771,2024-01-30,Barcelona,Dubai,8092,8589,0.9899,Clear,4.0,84.53,Machinery,Sea,0,19.9,2024-02-18 21:36:00,19.9,Barcelona
SC-39975,2024-08-31,Antwerp,Marsilya,12691,9447,0.6843,Rain,2.0,93.14,Textiles,Sea,1,28.4,2024-09-28 09:36:00,28.4,Tanger Med
SC-55648,2024-09-30,Dubai,Mersin,7931,5984,0.8477,Clear,2.9,144.77,Machinery,Sea,0,13.9,2024-10-13 21:36:00,13.9,Barcelona
SC-58285,2024-03-28,Marsilya,Ningbo,17064,5887,0.8563,Clear,2.0,88.68,Textiles,Sea,0,13.6,2024-04-10 14:24:00,13.6,Tanger Med
SC-29063,2024-08-31,Mersin,Ningbo,8653,2339,0.9558,Clear,4.3,124.18,Chemicals,Sea,0,5.4,2024-09-05 09:36:00,5.4,Marsaxlokk
SC-77642,2024-11-24,New York,Ningbo,3811,6821,0.9425,Clear,4.8,134.79,Auto Parts,Sea,0,15.8,2024-12-09 19:12:00,15.8,Ambarli
SC-96143,2024-01-15,Valencia,Dubai,6846,5781,0.6409,Clear,1.2,96.19,Electronics,Sea,0,13.4,2024-01-28 09:36:00,13.4,New York
SC-47599,2024-01-04,Dubai,Tokyo,4660,5590,0.8218,Fog,1.9,128.92,Auto Parts,Sea,0,12.9,2024-01-16 21:36:00,12.9,Jebel Ali
SC-61920,2024-07-09,Tokyo,Rotterdam,13456,7130,0.6969,Fog,1.8,84.59,Textiles,Sea,1,21.5,2024-07-30 12:00:00,21.5,İzmir
SC-38529,2024-06-16,İzmir,Valencia,6726,9691,0.7628,Fog,3.7,114.91,Textiles,Sea,1,29.2,2024-07-15 04:48:00,29.2,Mersin
SC-45954,2024-01-09,New York,Antwerp,10381,11837,0.7773,Storm,2.7,103.41,Textiles,Sea,0,27.4,2024-02-05 09:36:00,27.4,Barcelona
SC-37856,2024-04-18,Antwerp,Dubai,8808,9315,0.6982,Clear,2.8,125.2,Machinery,Sea,0,21.6,2024-05-09 14:24:00,21.6,New York
SC-12573,2024-05-16,Barcelona,Dubai,11146,9733,0.7319,Clear,1.6,142.23,Auto Parts,Sea,0,22.5,2024-06-07 12:00:00,22.5,Piraeus
SC-88344,2024-06-02,Dubai,Shanghai,8778,7049,0.6042,Clear,2.7,88.78,Textiles,Sea,0,16.3,2024-06-18 07:12:00,16.3,Atina
SC-45367,2024-07-27,Los Angeles,Valencia,3760,6704,0.8038,Fog,2.2,111.52,Chemicals,Sea,1,20.2,2024-08-16 04:48:00,20.2,Jebel Ali
SC-70774,2024-09-28,Ningbo,Hamburg,4076,2638,0.8795,Rain,3.4,109.62,Textiles,Sea,0,6.1,2024-10-04 02:24:00,6.1,Barcelona
SC-33752,2024-05-22,Barcelona,Busan,6024,9709,0.7149,Clear,1.9,102.67,Auto Parts,Sea,0,22.5,2024-06-13 12:00:00,22.5,İzmir
SC-65029,2024-04-08,Valencia,Dubai,6514,7143,0.9888,Fog,3.5,113.61,Textiles,Sea,0,16.5,2024-04-24 12:00:00,16.5,Piraeus
SC-27685,2024-11-03,Valencia,Valencia,2884,3224,0.5286,Clear,2.5,141.65,Textiles,Sea,0,7.5,2024-11-10 12:00:00,7.5,Jebel Ali
SC-61693,2024-03-09,Mersin,Hamburg,9068,6245,0.7946,Clear,2.4,148.16,Electronics,Sea,0,14.5,2024-03-23 12:00:00,14.5,Piraeus
SC-65961,2024-09-03,Marsilya,Dubai,8740,11741,0.7918,Clear,2.2,80.2,Textiles,Sea,0,27.2,2024-09-30 04:48:00,27.2,Tanger Med
SC-86908,2024-09-17,Marsilya,Trieste,19666,7423,0.5181,Clear,3.7,131.73,Auto Parts,Sea,0,17.2,2024-10-04 04:48:00,17.2,New York
SC-84532,2024-10-02,Dubai,İzmir,8324,8607,0.6123,Clear,3.2,123.06,Electronics,Sea,0,19.9,2024-10-21 21:36:00,19.9,Piraeus
SC-91994,2024-03-19,Los Angeles,Dubai,10409,9407,0.9528,Clear,4.4,149.62,Electronics,Sea,0,21.8,2024-04-09 19:12:00,21.8,Piraeus
SC-66133,2024-05-25,Ningbo,Felixstowe,3331,11697,0.7723,Rain,2.0,86.3,Textiles,Sea,0,27.1,2024-06-21 02:24:00,27.1,Ambarli
SC-71268,2024-04-20,Antwerp,Singapore,3811,10073,0.7182,Clear,1.2,136.79,Textiles,Sea,0,23.3,2024-05-13 07:12:00,23.3,Mersin
SC-48243,2024-09-14,Trieste,Marsilya,9145,10152,0.7077,Rain,1.7,145.37,Chemicals,Sea,0,23.5,2024-10-07 12:00:00,23.5,Singapore
SC-67384,2024-04-02,Antwerp,Los Angeles,9672,11567,0.9441,Clear,2.4,143.85,Auto Parts,Sea,0,26.8,2024-04-28 19:12:00,26.8,Atina
SC-41653,2024-01-13,Barcelona,Antwerp,9804,10859,0.6835,Hurricane,1.7,119.24,Auto Parts,Sea,1,32.7,2024-02-14 16:48:00,32.7,Marsaxlokk
SC-36657,2024-09-16,Dubai,Rotterdam,2505,7768,0.9296,Rain,1.3,102.93,Machinery,Sea,0,18.0,2024-10-04 00:00:00,18.0,Tanger Med
SC-49952,2024-04-18,Ningbo,Barcelona,12978,4374,0.6546,Storm,2.8,124.79,Machinery,Sea,1,13.2,2024-05-01 04:48:00,13.2,Mersin
SC-32180,2024-11-25,Ambarli,Busan,3706,6090,0.7658,Clear,3.7,101.43,Auto Parts,Sea,0,14.1,2024-12-09 02:24:00,14.1,Mersin
SC-88411,2024-07-07,Dubai,New York,13344,3015,0.5719,Clear,4.0,108.86,Textiles,Sea,0,7.0,2024-07-14 00:00:00,7.0,Barcelona
SC-11622,2024-04-04,Hamburg,Los Angeles,12733,2335,0.9125,Clear,2.6,111.2,Electronics,Sea,0,5.4,2024-04-09 09:36:00,5.4,Dubai
SC-58756,2024-04-14,Rotterdam,Mersin,15893,2080,0.868,Clear,2.9,101.14,Chemicals,Sea,0,4.8,2024-04-18 19:12:00,4.8,Piraeus
SC-50809,2024-01-08,Rotterdam,Singapore,11068,4134,0.765,Clear,4.0,103.93,Textiles,Sea,0,9.6,2024-01-17 14:24:00,9.6,New York
SC-26725,2024-03-07,Atina,Hamburg,9634,11991,0.513,Clear,2.4,80.51,Electronics,Sea,0,27.8,2024-04-03 19:12:00,27.8,Atina
SC-71396,2024-07-09,Rotterdam,Valencia,9398,2257,0.7406,Clear,4.1,100.8,Auto Parts,Sea,0,5.2,2024-07-14 04:48:00,5.2,Jebel Ali
SC-61226,2024-09-12,Antwerp,Felixstowe,14738,2184,0.6126,Fog,4.9,113.06,Textiles,Sea,0,5.1,2024-09-17 02:24:00,5.1,İzmir
SC-91182,2024-01-09,Ningbo,Marsilya,6539,8841,0.7067,Clear,4.5,92.11,Chemicals,Sea,0,20.5,2024-01-29 12:00:00,20.5,Tanger Med
SC-92565,2024-04-26,Tokyo,Singapore,13696,2122,0.9282,Storm,2.8,136.39,Machinery,Sea,1,6.4,2024-05-02 09:36:00,6.4,Barcelona
SC-39402,2024-09-23,Valencia,Marsilya,4012,10056,0.8848,Clear,3.3,117.63,Electronics,Sea,0,23.3,2024-10-16 07:12:00,23.3,Barcelona
SC-14263,2024-04-08,Tokyo,Antwerp,16921,9263,0.621,Clear,3.9,135.57,Textiles,Sea,0,21.4,2024-04-29 09:36:00,21.4,İzmir
SC-56828,2024-10-24,Tokyo,Dubai,3823,6700,0.9925,Clear,2.4,88.97,Chemicals,Sea,1,20.2,2024-11-13 04:48:00,20.2,Piraeus
SC-57924,2024-06-12,Barcelona,Ambarli,3126,8658,0.9516,Rain,4.2,137.44,Textiles,Sea,0,20.0,2024-07-02 00:00:00,20.0,Barcelona
SC-84182,2024-05-20,Tokyo,Dubai,7799,5514,0.7643,Rain,2.7,147.08,Auto Parts,Sea,0,12.8,2024-06-01 19:12:00,12.8,İzmir
SC-69052,2024-09-24,Hamburg,Tokyo,6553,7633,0.7651,Rain,4.4,104.67,Electronics,Sea,0,17.7,2024-10-11 16:48:00,17.7,Trieste
SC-21664,2024-02-06,İzmir,Tokyo,13493,8077,0.9506,Clear,2.0,99.88,Auto Parts,Sea,0,18.7,2024-02-24 16:48:00,18.7,Atina
SC-45737,2024-03-14,Rotterdam,Mersin,2797,3394,0.8181,Clear,1.0,125.28,Auto Parts,Sea,0,7.9,2024-03-21 21:36:00,7.9,Mersin
SC-99563,2024-03-13,Hamburg,Atina,4066,4352,0.7683,Clear,3.5,124.51,Machinery,Sea,0,10.1,2024-03-23 02:24:00,10.1,Atina
SC-39373,2024-11-03,Felixstowe,Barcelona,12490,11500,0.8746,Clear,2.8,87.87,Auto Parts,Sea,0,26.6,2024-11-29 14:24:00,26.6,New York
SC-46397,2024-07-17,Barcelona,Singapore,8921,7961,0.6175,Storm,1.2,144.87,Chemicals,Sea,1,24.0,2024-08-10 00:00:00,24.0,Barcelona
SC-96145,2024-05-09,Mersin,Antwerp,4418,5944,0.9392,Fog,3.0,113.53,Electronics,Sea,1,17.9,2024-05-26 21:36:00,17.9,Piraeus
SC-48709,2024-09-02,Antwerp,Dubai,18307,8405,0.7657,Clear,1.7,133.51,Machinery,Sea,0,19.5,2024-09-21 12:00:00,19.5,Trieste
SC-71120,2024-11-07,Busan,Barcelona,3659,2490,0.8017,Rain,3.5,105.15,Textiles,Sea,0,5.8,2024-11-12 19:12:00,5.8,İzmir
SC-29250,2024-02-29,Valencia,Dubai,5805,3054,0.545,Clear,2.8,98.31,Auto Parts,Sea,0,7.1,2024-03-07 02:24:00,7.1,Mersin
SC-31172,2024-10-05,Barcelona,Busan,9101,2701,0.6548,Clear,1.7,87.79,Textiles,Sea,0,6.3,2024-10-11 07:12:00,6.3,Piraeus
SC-21555,2024-04-12,Atina,Hamburg,3647,4934,0.7134,Clear,2.6,99.22,Machinery,Sea,0,11.4,2024-04-23 09:36:00,11.4,Piraeus
SC-97410,2024-10-22,Singapore,Shanghai,6341,7387,0.707,Clear,1.9,149.54,Textiles,Sea,0,17.1,2024-11-08 02:24:00,17.1,Dubai
SC-88617,2024-11-15,Tokyo,Hamburg,11278,8037,0.8891,Clear,3.6,126.06,Chemicals,Sea,0,18.6,2024-12-03 14:24:00,18.6,Tanger Med
SC-63276,2024-12-06,Dubai,Antwerp,3064,6695,0.6412,Clear,2.2,136.19,Machinery,Sea,0,15.5,2024-12-21 12:00:00,15.5,Dubai
SC-67492,2024-05-30,Antwerp,New York,5646,11326,0.5911,Fog,4.3,147.1,Electronics,Sea,1,34.1,2024-07-03 02:24:00,34.1,İzmir
SC-63002,2024-06-05,Hamburg,Dubai,14704,10271,0.7913,Clear,1.1,85.53,Electronics,Sea,0,23.8,2024-06-28 19:12:00,23.8,Ambarli
SC-99599,2024-07-24,Dubai,Trieste,6822,11027,0.8075,Clear,2.6,91.53,Electronics,Sea,0,25.5,2024-08-18 12:00:00,25.5,Jebel Ali
SC-82355,2024-06-27,New York,New York,4093,10843,0.5608,Clear,3.5,144.96,Electronics,Sea,1,32.6,2024-07-29 14:24:00,32.6,New York
SC-34762,2024-07-15,Valencia,Felixstowe,16257,2416,0.5012,Rain,1.1,119.52,Machinery,Sea,0,5.6,2024-07-20 14:24:00,5.6,Ambarli
SC-21046,2024-08-10,Marsilya,Valencia,3084,7566,0.9588,Clear,1.9,124.44,Machinery,Sea,0,17.5,2024-08-27 12:00:00,17.5,Piraeus
SC-38769,2024-03-29,Barcelona,Marsilya,16284,7173,0.5398,Rain,2.3,109.93,Machinery,Sea,1,21.6,2024-04-19 14:24:00,21.6,Barcelona
SC-63302,2024-10-13,Dubai,Tokyo,7117,7999,0.9489,Clear,1.1,137.01,Auto Parts,Sea,1,24.1,2024-11-06 02:24:00,24.1,Tanger Med
SC-33150,2024-10-02,İzmir,Trieste,5607,5866,0.6996,Clear,3.2,116.21,Machinery,Sea,0,13.6,2024-10-15 14:24:00,13.6,Trieste
SC-78247,2024-08-23,Ningbo,Dubai,5009,10937,0.8265,Clear,3.5,137.83,Machinery,Sea,0,25.3,2024-09-17 07:12:00,25.3,New York
SC-14853,2024-07-01,İzmir,Valencia,11413,4002,0.5928,Clear,1.9,149.45,Machinery,Sea,0,9.3,2024-07-10 07:12:00,9.3,Barcelona
SC-99399,2024-07-27,Felixstowe,Valencia,15609,2239,0.912,Clear,3.2,125.27,Electronics,Sea,0,5.2,2024-08-01 04:48:00,5.2,Mersin
SC-31792,2024-05-09,Los Angeles,Ambarli,7211,3944,0.5901,Clear,5.0,117.02,Chemicals,Sea,0,9.1,2024-05-18 02:24:00,9.1,Mersin
SC-69129,2024-06-01,Barcelona,Felixstowe,9180,8561,0.6933,Clear,4.5,105.56,Electronics,Sea,0,19.8,2024-06-20 19:12:00,19.8,Ambarli
SC-84478,2024-01-13,Singapore,Dubai,8076,11047,0.619,Clear,1.2,93.63,Chemicals,Sea,0,25.6,2024-02-07 14:24:00,25.6,Atina
SC-77298,2024-05-01,Shanghai,Dubai,3079,7867,0.9188,Clear,1.5,125.97,Chemicals,Sea,0,18.2,2024-05-19 04:48:00,18.2,Piraeus
SC-41987,2024-12-24,Antwerp,Dubai,9340,5194,0.9292,Rain,3.0,84.38,Chemicals,Sea,0,12.0,2025-01-05 00:00:00,12.0,Ambarli
SC-25850,2024-08-07,Mersin,Hamburg,6988,9733,0.686,Rain,2.0,146.94,Electronics,Sea,0,22.5,2024-08-29 12:00:00,22.5,Barcelona
SC-22112,2024-04-15,Busan,Los Angeles,6094,8359,0.6537,Rain,1.3,125.33,Auto Parts,Sea,0,19.3,2024-05-04 07:12:00,19.3,Jebel Ali
SC-34058,2024-03-10,Barcelona,Dubai,7611,9587,0.8868,Clear,2.0,147.16,Textiles,Sea,0,22.2,2024-04-01 04:48:00,22.2,Tanger Med
SC-55420,2024-07-13,Hamburg,Marsilya,4761,6804,0.9393,Clear,1.2,99.06,Auto Parts,Sea,0,15.8,2024-07-28 19:12:00,15.8,Piraeus
SC-48890,2024-07-04,Shanghai,Los Angeles,5817,3353,0.812,Rain,3.1,146.26,Electronics,Sea,0,7.8,2024-07-11 19:12:00,7.8,Atina
SC-76017,2024-04-08,Busan,Los Angeles,5799,4880,0.9637,Clear,3.0,122.85,Chemicals,Sea,0,11.3,2024-04-19 07:12:00,11.3,Singapore
SC-57304,2024-03-22,Shanghai,Busan,6395,2679,0.6915,Rain,1.0,136.72,Textiles,Sea,0,6.2,2024-03-28 04:48:00,6.2,Mersin
SC-42921,2024-03-15,Barcelona,Trieste,7920,10678,0.5759,Rain,2.9,92.52,Auto Parts,Sea,0,24.7,2024-04-08 16:48:00,24.7,Jebel Ali
SC-11524,2024-12-05,Dubai,Felixstowe,14384,5620,0.5898,Clear,3.1,115.01,Machinery,Sea,0,13.0,2024-12-18 00:00:00,13.0,Marsaxlokk
SC-25048,2024-07-10,Marsilya,Ningbo,7154,11630,0.8349,Clear,3.4,119.83,Auto Parts,Sea,0,26.9,2024-08-05 21:36:00,26.9,Singapore
SC-45111,2024-11-20,Felixstowe,Shanghai,7257,6314,0.7038,Hurricane,4.9,107.5,Electronics,Sea,1,19.0,2024-12-09 00:00:00,19.0,İzmir
SC-47904,2024-08-01,Dubai,Los Angeles,3903,8864,0.5782,Rain,4.9,97.73,Textiles,Sea,0,20.5,2024-08-21 12:00:00,20.5,New York
SC-64912,2024-11-10,Barcelona,Dubai,18290,3484,0.6461,Rain,3.1,143.33,Machinery,Sea,0,8.1,2024-11-18 02:24:00,8.1,Trieste
SC-44008,2024-11-13,Marsilya,Trieste,5620,2690,0.7653,Clear,4.4,85.95,Textiles,Sea,0,6.2,2024-11-19 04:48:00,6.2,Tanger Med
SC-10060,2024-05-23,Tokyo,İzmir,8370,10083,0.5607,Clear,1.3,90.78,Textiles,Sea,0,23.3,2024-06-15 07:12:00,23.3,New York
SC-84666,2024-08-03,Ambarli,Atina,17682,8125,0.5017,Clear,3.1,102.44,Auto Parts,Sea,0,18.8,2024-08-21 19:12:00,18.8,İzmir
SC-93559,2024-12-26,Shanghai,Valencia,3124,11204,0.9586,Clear,3.7,144.38,Chemicals,Sea,0,25.9,2025-01-20 21:36:00,25.9,Barcelona
SC-65337,2024-11-19,Los Angeles,Tokyo,13713,8668,0.6524,Clear,3.3,119.49,Auto Parts,Sea,0,20.1,2024-12-09 02:24:00,20.1,Barcelona
SC-23350,2024-01-15,İzmir,Dubai,8038,4347,0.6107,Rain,1.9,106.12,Machinery,Sea,0,10.1,2024-01-25 02:24:00,10.1,Trieste
SC-34354,2024-08-04,Tokyo,Atina,3018,5708,0.8492,Clear,1.3,108.19,Electronics,Sea,0,13.2,2024-08-17 04:48:00,13.2,Piraeus
SC-55186,2024-02-04,Hamburg,Barcelona,4874,8376,0.9267,Clear,2.5,138.64,Auto Parts,Sea,0,19.4,2024-02-23 09:36:00,19.4,Mersin
SC-38145,2024-07-01,İzmir,Tokyo,6252,9930,0.8161,Clear,3.6,81.87,Chemicals,Sea,0,23.0,2024-07-24 00:00:00,23.0,Trieste
SC-44020,2024-09-26,Mersin,Barcelona,14393,2637,0.6272,Clear,5.0,80.79,Chemicals,Sea,0,6.1,2024-10-02 02:24:00,6.1,İzmir
SC-96123,2024-12-23,Rotterdam,Dubai,13735,7866,0.9308,Fog,1.9,83.23,Auto Parts,Sea,0,18.2,2025-01-10 04:48:00,18.2,Jebel Ali
SC-85186,2024-04-09,Mersin,İzmir,3900,8793,0.7552,Rain,4.7,112.84,Machinery,Sea,0,20.4,2024-04-29 09:36:00,20.4,İzmir
SC-95469,2024-01-07,İzmir,New York,9236,5008,0.6906,Clear,1.3,120.69,Chemicals,Sea,0,11.6,2024-01-18 14:24:00,11.6,Jebel Ali
SC-30581,2024-01-30,Valencia,Valencia,12941,9216,0.8024,Clear,4.7,123.71,Chemicals,Sea,0,21.3,2024-02-20 07:12:00,21.3,New York
SC-98929,2024-10-31,Busan,Atina,9419,9372,0.8503,Clear,4.3,131.18,Machinery,Sea,0,21.7,2024-11-21 16:48:00,21.7,Piraeus
SC-33051,2024-05-23,Trieste,Mersin,7482,7600,0.7969,Clear,1.1,93.28,Machinery,Sea,1,22.9,2024-06-14 21:36:00,22.9,Marsaxlokk
SC-61474,2024-04-20,Valencia,Felixstowe,3241,3399,0.9601,Clear,2.2,98.36,Machinery,Sea,0,7.9,2024-04-27 21:36:00,7.9,Atina
SC-79626,2024-08-19,Dubai,Mersin,12683,10003,0.814,Clear,1.2,97.05,Machinery,Sea,0,23.2,2024-09-11 04:48:00,23.2,New York
SC-16960,2024-06-27,Hamburg,Valencia,3399,3505,0.9393,Rain,5.0,90.44,Auto Parts,Sea,1,10.5,2024-07-07 12:00:00,10.5,Tanger Med
SC-45772,2024-03-12,Singapore,Shanghai,14185,7842,0.7935,Clear,2.7,97.11,Auto Parts,Sea,0,18.2,2024-03-30 04:48:00,18.2,Trieste
SC-31520,2024-07-28,Shanghai,Rotterdam,6579,10441,0.6648,Clear,3.6,122.96,Textiles,Sea,0,24.2,2024-08-21 04:48:00,24.2,Marsaxlokk
SC-59481,2024-08-07,Mersin,Trieste,4793,7320,0.7661,Clear,1.9,105.65,Textiles,Sea,0,16.9,2024-08-23 21:36:00,16.9,Jebel Ali
SC-46408,2024-03-20,Rotterdam,Singapore,6974,10727,0.5432,Fog,4.7,133.75,Textiles,Sea,0,24.8,2024-04-13 19:12:00,24.8,Tanger Med
SC-67134,2024-03-23,Trieste,Hamburg,13265,8443,0.6151,Storm,2.1,117.55,Chemicals,Sea,1,25.4,2024-04-17 09:36:00,25.4,New York
SC-30491,2024-02-11,Tokyo,Mersin,3893,5549,0.8831,Rain,2.0,94.84,Machinery,Sea,0,12.8,2024-02-23 19:12:00,12.8,Marsaxlokk
SC-11341,2024-09-29,Rotterdam,Barcelona,9660,8952,0.8307,Clear,2.3,112.72,Auto Parts,Sea,0,20.7,2024-10-19 16:48:00,20.7,Mersin
SC-54623,2024-07-09,New York,İzmir,5926,10649,0.5833,Clear,2.8,121.54,Auto Parts,Sea,0,24.7,2024-08-02 16:48:00,24.7,New York
SC-10338,2024-06-21,İzmir,Mersin,5412,4738,0.719,Rain,1.1,140.63,Machinery,Sea,0,11.0,2024-07-02 00:00:00,11.0,İzmir
SC-81431,2024-01-07,Shanghai,Busan,14968,5369,0.571,Fog,3.4,138.36,Textiles,Sea,1,16.2,2024-01-23 04:48:00,16.2,Jebel Ali
SC-22254,2024-06-03,Dubai,Tokyo,3847,6135,0.9279,Clear,1.1,109.85,Chemicals,Sea,0,14.2,2024-06-17 04:48:00,14.2,New York
SC-61860,2024-01-10,Los Angeles,Mersin,7910,9983,0.5546,Clear,3.2,125.34,Auto Parts,Sea,0,23.1,2024-02-02 02:24:00,23.1,Atina
SC-21344,2024-02-03,Tokyo,New York,4728,5411,0.8271,Clear,2.8,100.85,Electronics,Sea,0,12.5,2024-02-15 12:00:00,12.5,Barcelona
SC-11750,2024-02-05,Atina,Valencia,6419,7635,0.8035,Rain,2.0,124.31,Chemicals,Sea,0,17.7,2024-02-22 16:48:00,17.7,Atina
SC-64756,2024-01-06,Los Angeles,Ambarli,3308,6069,0.7364,Clear,2.3,143.9,Chemicals,Sea,0,14.0,2024-01-20 00:00:00,14.0,Atina
SC-77957,2024-08-02,Valencia,Rotterdam,13861,8251,0.6391,Clear,3.8,123.72,Textiles,Sea,0,19.1,2024-08-21 02:24:00,19.1,Marsaxlokk
SC-68053,2024-05-13,Rotterdam,New York,6350,5185,0.702,Storm,1.0,101.26,Machinery,Sea,1,15.6,2024-05-28 14:24:00,15.6,Ambarli
SC-80855,2024-10-11,Ambarli,Barcelona,11602,5238,0.9032,Rain,2.3,125.08,Electronics,Sea,0,12.1,2024-10-23 02:24:00,12.1,Mersin
SC-25896,2024-05-05,İzmir,Atina,3327,10452,0.8808,Clear,3.7,143.19,Textiles,Sea,0,24.2,2024-05-29 04:48:00,24.2,Mersin
SC-65761,2024-12-02,Valencia,Rotterdam,5623,7737,0.8694,Clear,1.6,89.59,Machinery,Sea,0,17.9,2024-12-19 21:36:00,17.9,Dubai
SC-72552,2024-06-22,Atina,Marsilya,4063,11439,0.8749,Clear,3.2,113.77,Electronics,Sea,0,26.5,2024-07-18 12:00:00,26.5,Atina
SC-87454,2024-05-31,Valencia,Trieste,8950,4573,0.5719,Clear,1.7,102.47,Auto Parts,Sea,0,10.6,2024-06-10 14:24:00,10.6,Atina
SC-37935,2024-11-26,Barcelona,Tokyo,7718,8853,0.5495,Clear,1.6,96.9,Electronics,Sea,0,20.5,2024-12-16 12:00:00,20.5,İzmir
SC-47641,2024-01-26,Felixstowe,Valencia,6929,2125,0.9307,Clear,4.1,107.73,Textiles,Sea,0,4.9,2024-01-30 21:36:00,4.9,Tanger Med
SC-39711,2024-04-24,Ambarli,Ningbo,5091,11421,0.9186,Clear,2.1,107.58,Electronics,Sea,0,26.4,2024-05-20 09:36:00,26.4,Barcelona
SC-80342,2024-10-10,Marsilya,Singapore,6659,3306,0.8407,Clear,2.5,94.73,Electronics,Sea,0,7.7,2024-10-17 16:48:00,7.7,Singapore
SC-22182,2024-03-15,Tokyo,Shanghai,8898,4101,0.803,Storm,3.9,108.25,Electronics,Sea,0,9.5,2024-03-24 12:00:00,9.5,Dubai
SC-97833,2024-06-14,Dubai,Ambarli,8918,2135,0.6834,Rain,1.7,124.36,Auto Parts,Sea,0,4.9,2024-06-18 21:36:00,4.9,Ambarli
SC-66276,2024-07-07,Los Angeles,Rotterdam,8507,9311,0.612,Clear,3.1,81.8,Machinery,Sea,0,21.6,2024-07-28 14:24:00,21.6,Piraeus
SC-29541,2024-03-18,Trieste,Busan,9666,3459,0.8338,Fog,4.7,149.25,Electronics,Sea,0,8.0,2024-03-26 00:00:00,8.0,Dubai
SC-92310,2024-03-30,Singapore,Hamburg,9412,6231,0.9565,Clear,3.2,100.72,Chemicals,Sea,0,14.4,2024-04-13 09:36:00,14.4,Jebel Ali
SC-54813,2024-06-24,Felixstowe,Atina,4560,9656,0.7185,Rain,1.2,123.66,Textiles,Sea,0,22.4,2024-07-16 09:36:00,22.4,Marsaxlokk
SC-47198,2024-01-21,Shanghai,Ambarli,2979,2812,0.6516,Clear,3.4,99.85,Chemicals,Sea,0,6.5,2024-01-27 12:00:00,6.5,Trieste
SC-18820,2024-02-23,Singapore,Shanghai,9728,9900,0.6354,Rain,1.4,107.55,Machinery,Sea,0,22.9,2024-03-16 21:36:00,22.9,Trieste
SC-34070,2024-07-02,Tokyo,Atina,7503,11043,0.5119,Clear,2.1,118.45,Textiles,Sea,0,25.6,2024-07-27 14:24:00,25.6,Mersin
SC-79768,2024-12-24,Felixstowe,Shanghai,6297,11936,0.7602,Clear,4.4,122.83,Machinery,Sea,0,27.6,2025-01-20 14:24:00,27.6,Ambarli
SC-21122,2024-08-09,Hamburg,Singapore,11604,9568,0.9941,Rain,1.0,133.93,Textiles,Sea,1,28.8,2024-09-06 19:12:00,28.8,Singapore
SC-90559,2024-11-10,Atina,Trieste,10252,2870,0.9076,Clear,1.3,135.42,Chemicals,Sea,0,6.6,2024-11-16 14:24:00,6.6,Piraeus
SC-83543,2024-11-23,Felixstowe,Antwerp,2906,10826,0.9487,Clear,2.5,116.31,Chemicals,Sea,0,25.1,2024-12-18 02:24:00,25.1,Tanger Med
SC-93441,2024-06-27,Marsilya,İzmir,9748,2668,0.8106,Clear,5.0,85.3,Auto Parts,Sea,0,6.2,2024-07-03 04:48:00,6.2,Piraeus
SC-51786,2024-10-02,Los Angeles,Barcelona,5805,3293,0.7407,Clear,2.2,119.04,Machinery,Sea,0,7.6,2024-10-09 14:24:00,7.6,İzmir
SC-16737,2024-04-21,Marsilya,Busan,9846,10460,0.9952,Clear,1.6,113.43,Chemicals,Sea,0,24.2,2024-05-15 04:48:00,24.2,Dubai
SC-46062,2024-08-11,Rotterdam,Hamburg,3280,11052,0.7236,Clear,3.2,95.08,Textiles,Sea,0,25.6,2024-09-05 14:24:00,25.6,İzmir
SC-64237,2024-08-01,Antwerp,Dubai,3353,10673,0.9584,Clear,3.1,80.71,Electronics,Sea,0,24.7,2024-08-25 16:48:00,24.7,Trieste
SC-61571,2024-02-28,Mersin,Dubai,4172,5390,0.8809,Clear,2.8,102.12,Electronics,Sea,0,12.5,2024-03-11 12:00:00,12.5,Singapore
SC-35510,2024-11-22,Singapore,Shanghai,5277,11453,0.6655,Fog,4.8,98.16,Electronics,Sea,0,26.5,2024-12-18 12:00:00,26.5,Tanger Med
SC-29426,2024-04-18,İzmir,İzmir,18520,10294,0.7515,Clear,2.1,113.8,Auto Parts,Sea,0,23.8,2024-05-11 19:12:00,23.8,Singapore
SC-47265,2024-06-05,Mersin,New York,4507,7549,0.6922,Clear,2.2,133.31,Chemicals,Sea,0,17.5,2024-06-22 12:00:00,17.5,New York
SC-27850,2024-07-09,Mersin,Antwerp,14405,6887,0.5681,Clear,1.6,110.73,Machinery,Sea,0,15.9,2024-07-24 21:36:00,15.9,Singapore
SC-76150,2024-07-18,Dubai,Trieste,5622,6334,0.6784,Rain,3.8,146.61,Machinery,Sea,1,19.1,2024-08-06 02:24:00,19.1,Singapore
SC-97312,2024-11-07,Trieste,Shanghai,5336,7684,0.9445,Rain,2.3,95.49,Auto Parts,Sea,1,23.1,2024-11-30 02:24:00,23.1,Tanger Med
SC-99613,2024-07-14,Felixstowe,New York,4100,11073,0.8763,Clear,4.2,95.47,Textiles,Sea,0,25.6,2024-08-08 14:24:00,25.6,Jebel Ali
SC-84910,2024-02-04,Rotterdam,Busan,9389,8750,0.6388,Fog,4.9,122.31,Chemicals,Sea,0,20.3,2024-02-24 07:12:00,20.3,Trieste
SC-62375,2024-09-02,Singapore,Ambarli,8914,4235,0.684,Rain,1.2,142.74,Chemicals,Sea,0,9.8,2024-09-11 19:12:00,9.8,Piraeus
SC-45435,2024-08-24,Rotterdam,Ambarli,11000,6983,0.8082,Rain,5.0,127.03,Textiles,Sea,0,16.2,2024-09-09 04:48:00,16.2,Mersin
SC-67132,2024-04-13,Rotterdam,Dubai,14078,9752,0.7081,Clear,2.0,127.16,Textiles,Sea,0,22.6,2024-05-05 14:24:00,22.6,Ambarli
SC-88945,2024-01-07,Rotterdam,Rotterdam,13775,7019,0.7515,Clear,2.7,136.44,Chemicals,Sea,0,16.2,2024-01-23 04:48:00,16.2,Ambarli
SC-92050,2024-10-09,Singapore,Valencia,5156,10041,0.8491,Clear,4.1,126.81,Chemicals,Sea,0,23.2,2024-11-01 04:48:00,23.2,Jebel Ali
SC-12983,2024-01-01,Singapore,İzmir,8779,4577,0.7336,Clear,3.7,133.15,Electronics,Sea,0,10.6,2024-01-11 14:24:00,10.6,Jebel Ali
SC-30662,2024-08-06,Atina,Hamburg,9561,2675,0.5955,Clear,4.1,140.63,Machinery,Sea,0,6.2,2024-08-12 04:48:00,6.2,New York
SC-33510,2024-08-17,Mersin,Dubai,18451,4439,0.7603,Clear,2.9,80.55,Electronics,Sea,0,10.3,2024-08-27 07:12:00,10.3,Trieste
SC-88187,2024-06-20,Atina,Dubai,6482,11873,0.6781,Rain,4.7,141.99,Electronics,Sea,0,27.5,2024-07-17 12:00:00,27.5,Trieste
SC-50998,2024-03-27,Antwerp,New York,5532,7587,0.6454,Clear,4.2,95.07,Machinery,Sea,0,17.6,2024-04-13 14:24:00,17.6,New York
SC-66846,2024-02-10,Shanghai,Trieste,5337,7945,0.6641,Clear,2.2,143.85,Auto Parts,Sea,1,23.9,2024-03-04 21:36:00,23.9,Ambarli
SC-16640,2024-05-02,Valencia,Mersin,8487,11468,0.7195,Fog,4.8,98.63,Auto Parts,Sea,0,26.5,2024-05-28 12:00:00,26.5,Mersin
SC-54547,2024-11-26,Busan,Trieste,8542,6767,0.9433,Clear,4.8,111.87,Auto Parts,Sea,0,15.7,2024-12-11 16:48:00,15.7,Trieste
SC-64620,2024-10-24,İzmir,Dubai,8445,9004,0.867,Clear,2.7,145.37,Auto Parts,Sea,0,20.8,2024-11-13 19:12:00,20.8,Atina
SC-25317,2024-06-26,Busan,Mersin,8588,9728,0.8339,Clear,3.6,87.68,Textiles,Sea,0,22.5,2024-07-18 12:00:00,22.5,Ambarli
SC-17564,2024-03-03,Los Angeles,Shanghai,8260,8609,0.7356,Fog,4.3,132.17,Electronics,Sea,1,25.9,2024-03-28 21:36:00,25.9,Tanger Med
SC-37345,2024-06-13,Busan,Shanghai,4556,6934,0.5009,Fog,4.3,107.47,Textiles,Sea,1,20.9,2024-07-03 21:36:00,20.9,Dubai
SC-89273,2024-07-05,Marsilya,Antwerp,7727,5648,0.6703,Clear,1.1,81.69,Textiles,Sea,0,13.1,2024-07-18 02:24:00,13.1,Barcelona
SC-84859,2024-07-27,Ambarli,New York,8914,9131,0.9066,Fog,3.5,145.74,Machinery,Sea,1,27.5,2024-08-23 12:00:00,27.5,İzmir
SC-90765,2024-08-14,Valencia,Antwerp,14592,3312,0.6941,Clear,4.9,88.25,Auto Parts,Sea,1,10.0,2024-08-24 00:00:00,10.0,New York
SC-84038,2024-02-17,Ambarli,Shanghai,2868,11265,0.7819,Clear,1.9,134.19,Chemicals,Sea,0,26.1,2024-03-14 02:24:00,26.1,İzmir
SC-62393,2024-08-11,Barcelona,Felixstowe,8599,6099,0.6024,Clear,4.2,106.9,Auto Parts,Sea,0,14.1,2024-08-25 02:24:00,14.1,Tanger Med
SC-76081,2024-01-03,Tokyo,Los Angeles,9055,3654,0.9579,Clear,3.1,136.74,Electronics,Sea,0,8.5,2024-01-11 12:00:00,8.5,Dubai
SC-39430,2024-06-23,Los Angeles,Hamburg,7115,8018,0.9616,Clear,1.9,132.52,Textiles,Sea,0,18.6,2024-07-11 14:24:00,18.6,Atina
SC-85532,2024-04-08,Ambarli,New York,2561,3285,0.573,Clear,1.2,124.33,Electronics,Sea,0,7.6,2024-04-15 14:24:00,7.6,Atina
SC-37788,2024-04-25,Atina,Marsilya,3403,9852,0.8621,Clear,4.0,145.75,Textiles,Sea,0,22.8,2024-05-17 19:12:00,22.8,Piraeus
SC-58543,2024-09-26,Rotterdam,Dubai,19396,10726,0.5376,Clear,2.3,86.92,Textiles,Sea,0,24.8,2024-10-20 19:12:00,24.8,New York
SC-23919,2024-09-09,Valencia,Rotterdam,7838,9046,0.7993,Clear,2.5,135.9,Textiles,Sea,0,20.9,2024-09-29 21:36:00,20.9,New York
SC-79346,2024-11-12,Ningbo,Barcelona,5307,7180,0.5893,Rain,2.9,126.95,Chemicals,Sea,0,16.6,2024-11-28 14:24:00,16.6,Dubai
SC-49974,2024-04-04,Los Angeles,Busan,15597,3379,0.5729,Clear,3.0,102.03,Auto Parts,Sea,0,7.8,2024-04-11 19:12:00,7.8,Trieste
SC-26371,2024-09-29,Atina,New York,7371,2645,0.5021,Clear,1.8,118.22,Textiles,Sea,0,6.1,2024-10-05 02:24:00,6.1,İzmir
SC-55084,2024-01-24,New York,Mersin,5963,10215,0.9704,Clear,3.7,125.12,Machinery,Sea,0,23.6,2024-02-16 14:24:00,23.6,Marsaxlokk
SC-39629,2024-04-25,Dubai,Marsilya,17982,7412,0.9146,Fog,3.8,131.54,Textiles,Sea,0,17.2,2024-05-12 04:48:00,17.2,Piraeus
SC-61184,2024-05-30,Los Angeles,Tokyo,6213,6652,0.5387,Clear,1.6,93.09,Auto Parts,Sea,0,15.4,2024-06-14 09:36:00,15.4,Jebel Ali
SC-71916,2024-12-03,Tokyo,Atina,14782,8834,0.7997,Clear,3.1,87.15,Auto Parts,Sea,0,20.4,2024-12-23 09:36:00,20.4,Piraeus
SC-83972,2024-02-19,Ningbo,Antwerp,19660,6451,0.6164,Clear,3.4,87.14,Chemicals,Sea,0,14.9,2024-03-04 21:36:00,14.9,Mersin
SC-72187,2024-07-24,Antwerp,Antwerp,2836,8103,0.632,Clear,1.7,100.57,Textiles,Sea,0,18.8,2024-08-11 19:12:00,18.8,Tanger Med
SC-22984,2024-11-30,Valencia,Shanghai,5675,9084,0.9371,Clear,4.6,90.79,Machinery,Sea,0,21.0,2024-12-21 00:00:00,21.0,Tanger Med
SC-43039,2024-03-19,Tokyo,Ambarli,19626,6124,0.5572,Clear,2.9,117.49,Chemicals,Sea,0,14.2,2024-04-02 04:48:00,14.2,Ambarli
SC-95431,2024-03-10,Barcelona,Felixstowe,9620,2364,0.8007,Rain,1.5,110.59,Chemicals,Sea,0,5.5,2024-03-15 12:00:00,5.5,Tanger Med
SC-93691,2024-01-27,İzmir,İzmir,6562,4655,0.7006,Clear,2.3,142.51,Textiles,Sea,0,10.8,2024-02-06 19:12:00,10.8,Atina
SC-68606,2024-09-27,Ningbo,Valencia,7915,10600,0.5954,Rain,2.9,130.22,Textiles,Sea,0,24.5,2024-10-21 12:00:00,24.5,Singapore
SC-20616,2024-02-19,Trieste,New York,14376,9433,0.726,Clear,1.0,94.41,Chemicals,Sea,0,21.8,2024-03-11 19:12:00,21.8,Marsaxlokk
SC-60072,2024-10-18,Shanghai,Trieste,2607,3314,0.9702,Clear,1.1,83.2,Chemicals,Sea,0,7.7,2024-10-25 16:48:00,7.7,Atina
SC-34574,2024-09-03,Dubai,New York,7316,7272,0.8908,Clear,1.2,129.64,Chemicals,Sea,0,16.8,2024-09-19 19:12:00,16.8,Mersin
SC-13430,2024-09-20,Trieste,Atina,8999,2218,0.5661,Clear,3.2,139.21,Electronics,Sea,0,5.1,2024-09-25 02:24:00,5.1,Trieste
SC-22676,2024-03-19,Ningbo,Ningbo,14008,6703,0.9247,Clear,2.3,129.07,Chemicals,Sea,0,15.5,2024-04-03 12:00:00,15.5,Trieste
SC-20816,2024-07-08,Los Angeles,Ningbo,11316,7131,0.9687,Rain,4.6,125.07,Auto Parts,Sea,0,16.5,2024-07-24 12:00:00,16.5,Singapore
SC-42733,2024-02-16,Valencia,Los Angeles,4935,3539,0.6385,Rain,3.2,97.45,Machinery,Sea,0,8.2,2024-02-24 04:48:00,8.2,Piraeus
SC-95680,2024-12-26,Barcelona,Busan,4563,5433,0.6667,Rain,4.0,114.62,Machinery,Sea,0,12.6,2025-01-07 14:24:00,12.6,İzmir
SC-12050,2024-12-19,Los Angeles,Shanghai,9070,3602,0.5632,Clear,3.7,130.75,Textiles,Sea,1,10.8,2024-12-29 19:12:00,10.8,Marsaxlokk
SC-43933,2024-12-17,Hamburg,Dubai,10917,4704,0.6725,Clear,3.1,93.54,Chemicals,Sea,0,10.9,2024-12-27 21:36:00,10.9,Jebel Ali
SC-34951,2024-07-07,Mersin,New York,4937,7064,0.8366,Rain,4.0,113.36,Machinery,Sea,0,16.4,2024-07-23 09:36:00,16.4,Singapore
SC-42413,2024-09-12,Barcelona,Busan,8377,5648,0.6361,Clear,3.2,88.19,Machinery,Sea,0,13.1,2024-09-25 02:24:00,13.1,Ambarli
SC-44801,2024-08-09,Dubai,İzmir,5316,3105,0.5034,Rain,2.5,117.15,Auto Parts,Sea,0,7.2,2024-08-16 04:48:00,7.2,Piraeus
SC-65619,2024-08-28,Ambarli,Mersin,9121,7736,0.6693,Rain,2.7,120.15,Auto Parts,Sea,0,17.9,2024-09-14 21:36:00,17.9,Trieste
SC-42913,2024-09-25,Tokyo,Ambarli,8351,7812,0.7266,Rain,4.4,117.48,Electronics,Sea,0,18.1,2024-10-13 02:24:00,18.1,Dubai
SC-50600,2024-01-01,Trieste,İzmir,8902,4488,0.7832,Clear,3.3,112.86,Electronics,Sea,0,10.4,2024-01-11 09:36:00,10.4,Marsaxlokk
SC-67775,2024-02-03,Ambarli,Busan,19277,10808,0.8419,Fog,2.5,121.12,Machinery,Sea,0,25.0,2024-02-28 00:00:00,25.0,Piraeus
SC-45400,2024-03-19,Marsilya,Singapore,4093,4418,0.5309,Clear,1.7,149.78,Textiles,Sea,0,10.2,2024-03-29 04:48:00,10.2,Tanger Med
SC-14494,2024-08-23,Tokyo,Ningbo,3881,2027,0.7349,Clear,3.0,123.58,Machinery,Sea,0,4.7,2024-08-27 16:48:00,4.7,Dubai
SC-90688,2024-11-29,Atina,Mersin,13008,10207,0.6332,Clear,2.0,132.68,Textiles,Sea,0,23.6,2024-12-22 14:24:00,23.6,Barcelona
SC-99431,2024-12-14,Mersin,Ningbo,9415,10524,0.974,Clear,4.8,93.45,Machinery,Sea,0,24.4,2025-01-07 09:36:00,24.4,Trieste
SC-84691,2024-04-07,Antwerp,Atina,7522,9977,0.6799,Clear,3.0,117.1,Auto Parts,Sea,0,23.1,2024-04-30 02:24:00,23.1,İzmir
SC-53001,2024-03-22,Rotterdam,New York,8087,6661,0.5501,Fog,1.0,80.53,Chemicals,Sea,1,20.0,2024-04-11 00:00:00,20.0,Ambarli
SC-77364,2024-07-10,Rotterdam,Dubai,2508,6549,0.5207,Clear,1.4,82.2,Machinery,Sea,1,19.7,2024-07-29 16:48:00,19.7,Trieste
SC-55028,2024-09-09,Ambarli,Tokyo,6633,5953,0.6327,Clear,2.1,102.57,Electronics,Sea,1,17.9,2024-09-26 21:36:00,17.9,Tanger Med
SC-47573,2024-02-07,Singapore,Busan,13469,6261,0.5894,Clear,1.4,112.66,Textiles,Sea,1,18.8,2024-02-25 19:12:00,18.8,İzmir
SC-10806,2024-01-14,Busan,Barcelona,5115,10123,0.8249,Clear,4.6,120.29,Textiles,Sea,0,23.4,2024-02-06 09:36:00,23.4,Dubai
SC-66638,2024-12-12,Dubai,Atina,8102,6973,0.9235,Clear,4.4,142.16,Machinery,Sea,0,16.1,2024-12-28 02:24:00,16.1,Barcelona
SC-39757,2024-11-05,Mersin,Singapore,3894,10436,0.6563,Hurricane,4.9,134.02,Textiles,Sea,1,31.4,2024-12-06 09:36:00,31.4,Mersin
SC-44636,2024-07-27,Ningbo,Barcelona,7722,3356,0.7889,Clear,3.8,101.0,Electronics,Sea,0,7.8,2024-08-03 19:12:00,7.8,New York
SC-90097,2024-12-22,Trieste,Marsilya,13136,11134,0.8652,Rain,3.6,132.04,Auto Parts,Sea,0,25.8,2025-01-16 19:12:00,25.8,Singapore
SC-58280,2024-03-29,Los Angeles,Los Angeles,11251,5467,0.6992,Rain,4.7,118.46,Chemicals,Sea,0,12.7,2024-04-10 16:48:00,12.7,İzmir
SC-34262,2024-02-25,Tokyo,Mersin,9841,8964,0.5332,Clear,4.8,134.54,Chemicals,Sea,0,20.8,2024-03-16 19:12:00,20.8,Singapore
SC-90435,2024-04-03,Ningbo,Los Angeles,3867,9067,0.6146,Clear,4.5,108.77,Textiles,Sea,0,21.0,2024-04-24 00:00:00,21.0,New York
SC-72211,2024-04-02,Felixstowe,Busan,5292,3745,0.9415,Clear,4.4,86.43,Machinery,Sea,0,8.7,2024-04-10 16:48:00,8.7,Piraeus
SC-64842,2024-12-05,Rotterdam,Trieste,3381,5879,0.9122,Fog,3.7,123.29,Textiles,Sea,1,17.7,2024-12-22 16:48:00,17.7,Dubai
SC-66979,2024-03-25,Ambarli,New York,4050,5777,0.5433,Clear,1.0,118.99,Electronics,Sea,0,13.4,2024-04-07 09:36:00,13.4,Tanger Med
SC-91470,2024-09-01,Shanghai,Ningbo,8697,4115,0.612,Clear,2.7,146.75,Machinery,Sea,0,9.5,2024-09-10 12:00:00,9.5,Mersin
SC-48197,2024-01-22,Ambarli,Ambarli,5817,8257,0.8846,Fog,3.5,91.35,Auto Parts,Sea,1,24.8,2024-02-15 19:12:00,24.8,Jebel Ali
SC-51844,2024-10-17,Hamburg,Dubai,3692,4267,0.7429,Rain,3.2,125.93,Electronics,Sea,0,9.9,2024-10-26 21:36:00,9.9,New York
SC-74754,2024-09-28,Barcelona,Dubai,18805,4267,0.88,Clear,4.3,113.19,Auto Parts,Sea,0,9.9,2024-10-07 21:36:00,9.9,Trieste
SC-44157,2024-11-01,Barcelona,Marsilya,5430,11688,0.6055,Storm,4.3,106.52,Machinery,Sea,1,35.2,2024-12-06 04:48:00,35.2,Piraeus
SC-87129,2024-05-01,Valencia,Dubai,4632,9086,0.9763,Clear,3.4,135.62,Auto Parts,Sea,0,21.0,2024-05-22 00:00:00,21.0,Marsaxlokk
SC-50042,2024-05-07,Barcelona,Antwerp,3311,6481,0.8918,Rain,1.1,136.75,Electronics,Sea,1,19.5,2024-05-26 12:00:00,19.5,Jebel Ali
SC-71665,2024-04-22,Singapore,Singapore,11520,9465,0.5987,Clear,2.5,130.02,Electronics,Sea,0,21.9,2024-05-13 21:36:00,21.9,Atina
SC-92856,2024-09-29,Tokyo,Atina,7370,2929,0.7792,Clear,1.9,85.85,Textiles,Sea,0,6.8,2024-10-05 19:12:00,6.8,Jebel Ali
SC-37376,2024-12-01,Mersin,İzmir,2959,9773,0.5565,Clear,2.4,104.16,Machinery,Sea,0,22.6,2024-12-23 14:24:00,22.6,İzmir
SC-65554,2024-05-09,Trieste,İzmir,6269,5324,0.6807,Clear,3.5,83.27,Chemicals,Sea,0,12.3,2024-05-21 07:12:00,12.3,Trieste
SC-24199,2024-05-11,Mersin,Ningbo,8613,6587,0.8298,Clear,1.3,104.06,Chemicals,Sea,0,15.2,2024-05-26 04:48:00,15.2,Barcelona
SC-91412,2024-03-25,Singapore,Dubai,5866,2356,0.6651,Clear,1.1,125.35,Auto Parts,Sea,0,5.5,2024-03-30 12:00:00,5.5,Trieste
SC-60948,2024-12-15,Singapore,Marsilya,9441,6310,0.8284,Clear,2.7,116.31,Chemicals,Sea,0,14.6,2024-12-29 14:24:00,14.6,Mersin
SC-83781,2024-03-21,Ambarli,New York,3458,6064,0.6224,Clear,4.2,129.21,Chemicals,Sea,0,14.0,2024-04-04 00:00:00,14.0,İzmir
SC-82750,2024-11-20,Atina,Busan,4804,7499,0.8606,Rain,1.1,118.6,Electronics,Sea,0,17.4,2024-12-07 09:36:00,17.4,Barcelona
SC-76262,2024-03-09,Los Angeles,Dubai,8766,5841,0.6798,Clear,4.4,118.91,Electronics,Sea,0,13.5,2024-03-22 12:00:00,13.5,Marsaxlokk
SC-56600,2024-05-27,Busan,Ningbo,6677,11018,0.8952,Clear,2.5,115.77,Electronics,Sea,0,25.5,2024-06-21 12:00:00,25.5,Dubai
SC-86898,2024-01-16,Ningbo,Valencia,3010,7333,0.5683,Rain,1.5,105.5,Chemicals,Sea,0,17.0,2024-02-02 00:00:00,17.0,Atina
SC-72483,2024-11-02,New York,Shanghai,9394,8671,0.681,Clear,3.3,111.26,Auto Parts,Sea,1,26.1,2024-11-28 02:24:00,26.1,Jebel Ali
SC-28297,2024-04-14,Rotterdam,Marsilya,7509,9059,0.732,Fog,4.8,87.87,Machinery,Sea,0,21.0,2024-05-05 00:00:00,21.0,İzmir
SC-40448,2024-06-13,Marsilya,Los Angeles,13522,2665,0.7119,Rain,3.2,138.42,Textiles,Sea,0,6.2,2024-06-19 04:48:00,6.2,Trieste
SC-36172,2024-07-19,Barcelona,Felixstowe,3083,8853,0.7165,Clear,3.7,142.24,Auto Parts,Sea,0,20.5,2024-08-08 12:00:00,20.5,Dubai
SC-52874,2024-07-15,Marsilya,Dubai,3951,2553,0.7224,Storm,4.3,133.64,Electronics,Sea,1,7.7,2024-07-22 16:48:00,7.7,Trieste
SC-17657,2024-07-03,Valencia,Busan,3945,10519,0.9944,Clear,4.2,120.85,Auto Parts,Sea,0,24.3,2024-07-27 07:12:00,24.3,Trieste
SC-94386,2024-11-17,Ambarli,Busan,8090,9045,0.5966,Clear,1.3,119.84,Machinery,Sea,0,20.9,2024-12-07 21:36:00,20.9,Ambarli
SC-35425,2024-09-21,Marsilya,Ambarli,6504,11380,0.8843,Clear,4.0,112.92,Electronics,Sea,0,26.3,2024-10-17 07:12:00,26.3,Mersin
SC-36685,2024-12-28,Antwerp,Antwerp,7594,9283,0.7759,Clear,4.8,96.19,Machinery,Sea,0,21.5,2025-01-18 12:00:00,21.5,Atina
SC-34578,2024-04-09,Busan,Barcelona,14823,2149,0.7068,Clear,3.8,106.87,Textiles,Sea,0,5.0,2024-04-14 00:00:00,5.0,Marsaxlokk
SC-38831,2024-12-07,Los Angeles,Trieste,12239,4853,0.8168,Rain,4.3,149.29,Auto Parts,Sea,0,11.2,2024-12-18 04:48:00,11.2,İzmir
SC-17906,2024-11-15,Felixstowe,Ningbo,5171,4736,0.9268,Clear,2.9,90.21,Textiles,Sea,0,11.0,2024-11-26 00:00:00,11.0,Atina
SC-71413,2024-08-01,Hamburg,Rotterdam,4604,2956,0.7333,Storm,2.3,117.99,Chemicals,Sea,0,6.8,2024-08-07 19:12:00,6.8,Dubai
SC-64028,2024-10-04,Rotterdam,Trieste,3265,7180,0.9324,Rain,3.7,140.66,Auto Parts,Sea,0,16.6,2024-10-20 14:24:00,16.6,İzmir
SC-17287,2024-06-10,New York,Felixstowe,7875,10607,0.5469,Rain,3.0,111.71,Chemicals,Sea,0,24.6,2024-07-04 14:24:00,24.6,Ambarli
SC-43660,2024-06-05,Marsilya,Ambarli,12772,4645,0.8265,Clear,4.6,122.39,Machinery,Sea,0,10.8,2024-06-15 19:12:00,10.8,Trieste
SC-85758,2024-09-07,Trieste,Ningbo,3540,5774,0.6666,Clear,4.9,137.95,Chemicals,Sea,0,13.4,2024-09-20 09:36:00,13.4,Singapore
SC-70504,2024-04-06,Tokyo,Dubai,6782,7013,0.6934,Rain,4.3,118.33,Machinery,Sea,0,16.2,2024-04-22 04:48:00,16.2,Piraeus
SC-69720,2024-01-18,Mersin,Marsilya,12657,2084,0.7855,Rain,5.0,131.2,Textiles,Sea,0,4.8,2024-01-22 19:12:00,4.8,Piraeus
SC-44701,2024-11-22,Antwerp,Ambarli,7935,3935,0.74,Fog,2.4,104.31,Electronics,Sea,1,11.8,2024-12-03 19:12:00,11.8,Tanger Med
SC-93300,2024-04-06,Busan,Tokyo,8996,11608,0.6909,Fog,4.6,131.31,Textiles,Sea,1,34.9,2024-05-10 21:36:00,34.9,Barcelona
SC-27674,2024-01-01,Dubai,Rotterdam,9987,11262,0.6542,Clear,2.3,82.87,Chemicals,Sea,0,26.1,2024-01-27 02:24:00,26.1,İzmir
SC-93560,2024-08-03,İzmir,Felixstowe,10299,11713,0.8092,Fog,1.5,90.7,Machinery,Sea,0,27.1,2024-08-30 02:24:00,27.1,Mersin
SC-33874,2024-05-11,Mersin,Mersin,3056,8749,0.7528,Clear,3.5,124.61,Chemicals,Sea,0,20.3,2024-05-31 07:12:00,20.3,Atina
SC-53642,2024-09-16,Marsilya,Mersin,2965,3501,0.6617,Clear,2.8,111.43,Electronics,Sea,0,8.1,2024-09-24 02:24:00,8.1,Barcelona
SC-75160,2024-05-04,Dubai,Busan,8932,8569,0.6025,Clear,4.7,137.98,Auto Parts,Sea,0,19.8,2024-05-23 19:12:00,19.8,Tanger Med
SC-27602,2024-03-22,Valencia,Singapore,6351,4473,0.8872,Fog,3.0,103.94,Auto Parts,Sea,0,10.4,2024-04-01 09:36:00,10.4,Piraeus
SC-98801,2024-10-09,Ambarli,Marsilya,15585,2735,0.8999,Fog,4.7,133.7,Auto Parts,Sea,0,6.3,2024-10-15 07:12:00,6.3,Singapore
SC-35931,2024-06-19,Trieste,Barcelona,7275,4838,0.6069,Clear,1.3,89.74,Chemicals,Sea,0,11.2,2024-06-30 04:48:00,11.2,Piraeus
SC-39192,2024-02-28,Valencia,Marsilya,9903,4562,0.6308,Clear,4.3,145.11,Auto Parts,Sea,0,10.6,2024-03-09 14:24:00,10.6,Trieste
SC-56542,2024-02-01,Marsilya,Antwerp,9431,5906,0.6196,Storm,4.0,109.29,Machinery,Sea,1,17.8,2024-02-18 19:12:00,17.8,Atina
SC-52520,2024-06-09,Shanghai,Antwerp,3130,3272,0.9423,Clear,3.9,96.16,Electronics,Sea,0,7.6,2024-06-16 14:24:00,7.6,Marsaxlokk
SC-74772,2024-10-10,Valencia,Tokyo,2502,6836,0.8871,Clear,2.4,135.24,Textiles,Sea,0,15.8,2024-10-25 19:12:00,15.8,Tanger Med
SC-68762,2024-04-15,Felixstowe,Shanghai,10845,3862,0.5373,Clear,4.1,146.35,Machinery,Sea,0,8.9,2024-04-23 21:36:00,8.9,Jebel Ali
SC-60106,2024-04-14,Hamburg,İzmir,8904,6226,0.9163,Clear,2.9,144.27,Electronics,Sea,0,14.4,2024-04-28 09:36:00,14.4,İzmir
SC-91121,2024-08-15,Ambarli,Dubai,6679,11955,0.5184,Fog,3.9,96.66,Textiles,Sea,1,36.0,2024-09-20 00:00:00,36.0,Piraeus
SC-35559,2024-07-06,Busan,Ambarli,14141,11014,0.6266,Clear,3.2,127.04,Auto Parts,Sea,1,33.1,2024-08-08 02:24:00,33.1,İzmir
SC-43742,2024-03-10,Los Angeles,Ningbo,5205,2542,0.9595,Clear,1.6,118.28,Textiles,Sea,0,5.9,2024-03-15 21:36:00,5.9,Tanger Med
SC-79669,2024-11-13,Dubai,Mersin,12551,8209,0.9322,Clear,1.3,130.76,Chemicals,Sea,0,19.0,2024-12-02 00:00:00,19.0,Tanger Med
SC-90199,2024-10-16,Ambarli,Busan,6900,4765,0.8907,Clear,2.5,114.09,Chemicals,Sea,0,11.0,2024-10-27 00:00:00,11.0,Singapore
SC-31754,2024-03-27,Marsilya,New York,9657,9268,0.7288,Clear,4.7,112.88,Auto Parts,Sea,0,21.5,2024-04-17 12:00:00,21.5,Atina
SC-13972,2024-12-27,New York,Tokyo,4368,2884,0.6607,Fog,3.1,141.79,Auto Parts,Sea,1,8.7,2025-01-04 16:48:00,8.7,Mersin
SC-80831,2024-02-25,Valencia,Shanghai,19800,5649,0.9408,Rain,4.2,140.99,Machinery,Sea,0,13.1,2024-03-09 02:24:00,13.1,Atina
SC-51873,2024-04-22,Dubai,Valencia,12357,8890,0.8285,Storm,3.3,135.13,Machinery,Sea,0,20.6,2024-05-12 14:24:00,20.6,Ambarli
SC-19903,2024-01-13,Atina,Ningbo,3939,5571,0.6478,Fog,4.8,129.34,Chemicals,Sea,0,12.9,2024-01-25 21:36:00,12.9,Singapore
SC-13020,2024-01-18,Ningbo,Dubai,7887,5933,0.7316,Clear,2.5,127.49,Electronics,Sea,0,13.7,2024-01-31 16:48:00,13.7,Barcelona
SC-51755,2024-06-30,Tokyo,Trieste,5868,7856,0.9408,Clear,1.2,83.93,Machinery,Sea,0,18.2,2024-07-18 04:48:00,18.2,Jebel Ali
SC-95956,2024-04-22,İzmir,Felixstowe,6239,5666,0.9517,Clear,4.1,132.47,Electronics,Sea,0,13.1,2024-05-05 02:24:00,13.1,Tanger Med
SC-96988,2024-08-16,Ambarli,Marsilya,9244,11913,0.8297,Clear,3.8,124.67,Chemicals,Sea,0,27.6,2024-09-12 14:24:00,27.6,Singapore
SC-55648,2024-06-19,Hamburg,Trieste,7524,10566,0.8663,Clear,3.1,101.17,Machinery,Sea,0,24.5,2024-07-13 12:00:00,24.5,Mersin
SC-19516,2024-10-21,Barcelona,Barcelona,13726,2557,0.5196,Clear,2.3,137.41,Electronics,Sea,0,5.9,2024-10-26 21:36:00,5.9,Trieste
SC-12396,2024-07-07,Dubai,Ambarli,6596,11472,0.8023,Clear,1.8,138.27,Electronics,Sea,0,26.6,2024-08-02 14:24:00,26.6,Ambarli
SC-94082,2024-03-19,Ningbo,İzmir,12024,8040,0.8445,Clear,2.9,145.25,Machinery,Sea,0,18.6,2024-04-06 14:24:00,18.6,Marsaxlokk
SC-29129,2024-05-25,Marsilya,Shanghai,3981,3128,0.5102,Clear,3.7,109.29,Auto Parts,Sea,0,7.2,2024-06-01 04:48:00,7.2,New York
SC-11591,2024-06-30,Hamburg,Marsilya,4719,3360,0.9219,Clear,3.3,118.59,Textiles,Sea,0,7.8,2024-07-07 19:12:00,7.8,Ambarli
SC-21303,2024-10-12,Valencia,Singapore,3010,7420,0.9641,Clear,2.7,143.42,Auto Parts,Sea,0,17.2,2024-10-29 04:48:00,17.2,Tanger Med
SC-40561,2024-09-06,Atina,Ambarli,9301,11292,0.619,Clear,3.2,102.18,Textiles,Sea,0,26.1,2024-10-02 02:24:00,26.1,New York
SC-81719,2024-12-19,Valencia,Trieste,6394,11726,0.9229,Clear,1.4,135.76,Electronics,Sea,0,27.1,2025-01-15 02:24:00,27.1,Piraeus
SC-96231,2024-11-09,Hamburg,New York,8322,7349,0.8328,Clear,3.8,149.44,Machinery,Sea,0,17.0,2024-11-26 00:00:00,17.0,Trieste
SC-17314,2024-07-14,Rotterdam,Atina,19047,4625,0.7903,Fog,3.9,125.64,Chemicals,Sea,1,13.9,2024-07-27 21:36:00,13.9,Trieste
SC-29623,2024-11-18,Marsilya,Valencia,2931,11823,0.9216,Clear,1.0,148.86,Machinery,Sea,0,27.4,2024-12-15 09:36:00,27.4,Dubai
SC-77675,2024-03-11,Antwerp,Marsilya,6136,2057,0.6428,Clear,2.1,116.11,Auto Parts,Sea,0,4.8,2024-03-15 19:12:00,4.8,İzmir
SC-75082,2024-09-04,Dubai,Marsilya,7191,11319,0.8954,Clear,1.4,90.71,Textiles,Sea,0,26.2,2024-09-30 04:48:00,26.2,İzmir
SC-93624,2024-05-25,Hamburg,Dubai,4084,10503,0.6573,Clear,5.0,92.29,Machinery,Sea,0,24.3,2024-06-18 07:12:00,24.3,Jebel Ali
SC-43130,2024-04-15,Ningbo,Busan,8767,7848,0.8937,Clear,3.4,131.2,Textiles,Sea,0,18.2,2024-05-03 04:48:00,18.2,Mersin
SC-61756,2024-09-19,İzmir,Dubai,3847,4737,0.7255,Clear,2.9,80.06,Auto Parts,Sea,0,11.0,2024-09-30 00:00:00,11.0,Trieste
SC-36292,2024-10-22,New York,Dubai,3833,7493,0.5585,Clear,2.9,126.33,Auto Parts,Sea,0,17.3,2024-11-08 07:12:00,17.3,New York
SC-96206,2024-03-10,Los Angeles,Ambarli,7063,5877,0.6908,Clear,4.9,90.59,Machinery,Sea,0,13.6,2024-03-23 14:24:00,13.6,Jebel Ali
SC-79274,2024-07-11,Barcelona,New York,4371,4282,0.6167,Clear,3.6,148.91,Chemicals,Sea,0,9.9,2024-07-20 21:36:00,9.9,Atina
SC-12469,2024-03-08,Shanghai,Valencia,2864,8786,0.5503,Clear,1.7,91.42,Chemicals,Sea,0,20.3,2024-03-28 07:12:00,20.3,Jebel Ali
SC-63947,2024-10-31,Atina,Los Angeles,3582,7508,0.5551,Clear,2.8,118.67,Textiles,Sea,0,17.4,2024-11-17 09:36:00,17.4,Marsaxlokk
SC-32534,2024-02-21,Felixstowe,Barcelona,7872,3431,0.89,Rain,4.1,126.86,Machinery,Sea,0,7.9,2024-02-28 21:36:00,7.9,Barcelona
SC-73620,2024-12-28,Mersin,Los Angeles,6826,3775,0.9407,Clear,2.7,137.36,Electronics,Sea,0,8.7,2025-01-05 16:48:00,8.7,Barcelona
SC-58874,2024-10-11,Singapore,Atina,5480,11510,0.9636,Clear,2.2,112.15,Auto Parts,Sea,0,26.6,2024-11-06 14:24:00,26.6,New York
SC-59708,2024-11-29,Mersin,İzmir,15207,6207,0.927,Clear,5.0,145.37,Textiles,Sea,0,14.4,2024-12-13 09:36:00,14.4,Ambarli
SC-84553,2024-01-09,Dubai,Los Angeles,7888,11520,0.9151,Clear,4.7,113.62,Auto Parts,Sea,0,26.7,2024-02-04 16:48:00,26.7,New York
SC-78344,2024-09-07,Tokyo,Barcelona,18585,6385,0.5344,Clear,4.8,97.64,Textiles,Sea,0,14.8,2024-09-21 19:12:00,14.8,Piraeus
SC-59138,2024-11-27,Dubai,Dubai,6939,8351,0.8951,Clear,1.5,121.51,Machinery,Sea,0,19.3,2024-12-16 07:12:00,19.3,Mersin
SC-64302,2024-10-24,Singapore,Mersin,15485,5974,0.8916,Clear,1.9,126.06,Textiles,Sea,0,13.8,2024-11-06 19:12:00,13.8,Barcelona
SC-57638,2024-07-02,Los Angeles,Mersin,2583,7905,0.5656,Clear,2.8,115.52,Textiles,Sea,0,18.3,2024-07-20 07:12:00,18.3,Barcelona
SC-88249,2024-06-27,Busan,Rotterdam,5183,6677,0.831,Clear,4.3,131.32,Electronics,Sea,0,15.5,2024-07-12 12:00:00,15.5,Marsaxlokk
SC-12719,2024-07-16,Barcelona,Mersin,3800,6465,0.7263,Clear,3.9,109.45,Textiles,Sea,0,15.0,2024-07-31 00:00:00,15.0,Dubai
SC-32890,2024-05-07,Mersin,Barcelona,6470,10411,0.95,Clear,4.4,80.3,Chemicals,Sea,0,24.1,2024-05-31 02:24:00,24.1,Jebel Ali
SC-87236,2024-01-20,Trieste,Atina,7555,5302,0.8477,Clear,4.7,98.52,Textiles,Sea,0,12.3,2024-02-01 07:12:00,12.3,Jebel Ali
SC-46509,2024-11-23,Trieste,Rotterdam,4791,8945,0.9755,Clear,4.1,146.21,Textiles,Sea,0,20.7,2024-12-13 16:48:00,20.7,Marsaxlokk
SC-52534,2024-03-05,Barcelona,Trieste,8038,4302,0.5525,Clear,2.0,133.43,Machinery,Sea,0,10.0,2024-03-15 00:00:00,10.0,Piraeus
SC-28787,2024-06-30,Ambarli,Mersin,8968,8285,0.5203,Clear,2.1,93.27,Textiles,Sea,0,19.2,2024-07-19 04:48:00,19.2,Piraeus
SC-58845,2024-08-28,İzmir,Rotterdam,10025,6966,0.9868,Clear,2.4,84.67,Electronics,Sea,1,21.0,2024-09-18 00:00:00,21.0,Tanger Med
SC-67932,2024-01-24,Ambarli,Busan,9534,5726,0.5401,Rain,2.2,104.56,Machinery,Sea,0,13.3,2024-02-06 07:12:00,13.3,Atina
SC-43062,2024-03-23,Trieste,Busan,9130,4042,0.6931,Clear,2.0,138.54,Auto Parts,Sea,0,9.4,2024-04-01 09:36:00,9.4,Barcelona
SC-85713,2024-11-14,Ambarli,Marsilya,6200,10714,0.825,Rain,4.0,87.42,Chemicals,Sea,0,24.8,2024-12-08 19:12:00,24.8,Piraeus
SC-97263,2024-07-03,Barcelona,Busan,6786,4998,0.94,Clear,1.1,118.03,Chemicals,Sea,0,11.6,2024-07-14 14:24:00,11.6,Mersin
SC-70461,2024-11-11,New York,Ambarli,13655,9971,0.6273,Clear,3.9,99.25,Auto Parts,Sea,0,23.1,2024-12-04 02:24:00,23.1,Barcelona
SC-85418,2024-04-08,Los Angeles,Mersin,2709,2909,0.5145,Clear,4.3,130.84,Textiles,Sea,0,6.7,2024-04-14 16:48:00,6.7,İzmir
SC-76672,2024-03-02,Trieste,New York,4990,6133,0.7606,Fog,1.3,80.03,Electronics,Sea,0,14.2,2024-03-16 04:48:00,14.2,Jebel Ali
SC-44832,2024-10-12,Hamburg,Antwerp,12918,3880,0.7356,Rain,1.2,99.4,Electronics,Sea,0,9.0,2024-10-21 00:00:00,9.0,Barcelona
SC-41966,2024-01-22,Barcelona,Dubai,9309,4560,0.6534,Clear,2.1,127.55,Electronics,Sea,0,10.6,2024-02-01 14:24:00,10.6,Tanger Med
SC-82545,2024-07-30,Barcelona,Antwerp,8172,9527,0.9369,Clear,1.8,118.27,Electronics,Sea,0,22.1,2024-08-21 02:24:00,22.1,Piraeus
SC-22987,2024-05-05,Antwerp,Felixstowe,14448,7696,0.8747,Clear,3.3,134.52,Textiles,Sea,0,17.8,2024-05-22 19:12:00,17.8,Piraeus
SC-47311,2024-02-11,Barcelona,Singapore,8421,5072,0.9291,Fog,3.7,91.04,Auto Parts,Sea,0,11.7,2024-02-22 16:48:00,11.7,Mersin
SC-41575,2024-04-07,Ningbo,Hamburg,11321,6476,0.5809,Clear,3.5,117.17,Auto Parts,Sea,0,15.0,2024-04-22 00:00:00,15.0,Barcelona
SC-73852,2024-01-31,Valencia,Hamburg,3683,6489,0.8462,Clear,2.4,93.7,Chemicals,Sea,0,15.0,2024-02-15 00:00:00,15.0,Atina
SC-11007,2024-06-06,Antwerp,Valencia,8710,6491,0.9876,Clear,3.0,124.75,Auto Parts,Sea,0,15.0,2024-06-21 00:00:00,15.0,Singapore
SC-80981,2024-04-21,Hamburg,Tokyo,5115,10736,0.806,Clear,3.6,89.19,Electronics,Sea,0,24.9,2024-05-15 21:36:00,24.9,Singapore
SC-86242,2024-09-03,Busan,İzmir,5546,8855,0.5857,Clear,1.5,90.41,Textiles,Sea,0,20.5,2024-09-23 12:00:00,20.5,Trieste
SC-57517,2024-05-01,Valencia,İzmir,6118,9401,0.9979,Clear,1.9,102.97,Machinery,Sea,0,21.8,2024-05-22 19:12:00,21.8,Mersin
SC-39257,2024-09-29,Rotterdam,Busan,9886,5097,0.7642,Clear,4.6,108.13,Machinery,Sea,0,11.8,2024-10-10 19:12:00,11.8,Piraeus
SC-97272,2024-10-20,Marsilya,İzmir,6254,5505,0.92,Clear,2.4,114.9,Electronics,Sea,0,12.7,2024-11-01 16:48:00,12.7,Dubai
SC-52207,2024-07-25,Tokyo,Mersin,9011,3084,0.5747,Clear,4.2,120.65,Chemicals,Sea,0,7.1,2024-08-01 02:24:00,7.1,Barcelona
SC-23281,2024-04-19,Trieste,Hamburg,6763,2552,0.833,Clear,2.0,112.82,Machinery,Sea,0,5.9,2024-04-24 21:36:00,5.9,Marsaxlokk
SC-71246,2024-10-04,New York,Atina,4601,7560,0.9563,Clear,1.2,83.19,Electronics,Sea,0,17.5,2024-10-21 12:00:00,17.5,Singapore
SC-11435,2024-02-25,Los Angeles,Singapore,8736,3153,0.766,Fog,3.0,104.04,Textiles,Sea,0,7.3,2024-03-03 07:12:00,7.3,Jebel Ali
SC-36660,2024-02-26,Atina,Dubai,14166,7473,0.6443,Clear,4.6,84.3,Machinery,Sea,0,17.3,2024-03-14 07:12:00,17.3,Dubai
SC-15084,2024-10-17,Hamburg,Ningbo,3680,4245,0.5637,Clear,4.3,88.27,Electronics,Sea,0,9.8,2024-10-26 19:12:00,9.8,Tanger Med
SC-92197,2024-04-23,Los Angeles,Ambarli,5948,3686,0.648,Rain,2.0,86.5,Machinery,Sea,0,8.5,2024-05-01 12:00:00,8.5,Jebel Ali
SC-23507,2024-11-03,Rotterdam,Barcelona,4999,7835,0.6774,Rain,4.6,91.07,Textiles,Sea,1,23.6,2024-11-26 14:24:00,23.6,Atina
SC-82595,2024-12-06,Marsilya,Felixstowe,6141,2693,0.855,Rain,2.9,136.9,Auto Parts,Sea,0,6.2,2024-12-12 04:48:00,6.2,New York
SC-93807,2024-07-16,Mersin,Dubai,6579,9538,0.5893,Clear,1.2,123.93,Auto Parts,Sea,0,22.1,2024-08-07 02:24:00,22.1,Mersin
SC-55539,2024-11-16,Ambarli,Ningbo,8255,10091,0.5531,Clear,1.1,115.47,Textiles,Sea,0,23.4,2024-12-09 09:36:00,23.4,Jebel Ali
SC-17491,2024-06-27,Hamburg,Dubai,3881,7835,0.6935,Clear,2.9,131.26,Textiles,Sea,0,18.1,2024-07-15 02:24:00,18.1,Mersin
SC-60192,2024-08-06,Shanghai,Valencia,3408,10689,0.7293,Clear,3.2,147.29,Auto Parts,Sea,1,32.2,2024-09-07 04:48:00,32.2,Trieste
SC-90395,2024-10-03,Antwerp,Los Angeles,4083,8794,0.8142,Clear,1.3,109.24,Textiles,Sea,0,20.4,2024-10-23 09:36:00,20.4,Trieste
SC-73888,2024-01-16,Barcelona,New York,6161,10804,0.8538,Clear,4.7,105.72,Textiles,Sea,0,25.0,2024-02-10 00:00:00,25.0,Dubai
SC-83609,2024-03-01,Ambarli,Ningbo,9337,10567,0.9446,Clear,3.9,148.44,Textiles,Sea,0,24.5,2024-03-25 12:00:00,24.5,Singapore
SC-19077,2024-02-23,Felixstowe,Ambarli,6149,2805,0.6445,Clear,4.2,133.99,Auto Parts,Sea,0,6.5,2024-02-29 12:00:00,6.5,Marsaxlokk
SC-30953,2024-06-16,Singapore,Ambarli,18469,2920,0.7643,Clear,3.3,134.4,Auto Parts,Sea,0,6.8,2024-06-22 19:12:00,6.8,Marsaxlokk
SC-86919,2024-01-26,Atina,Tokyo,16846,5604,0.683,Clear,3.7,122.0,Machinery,Sea,0,13.0,2024-02-08 00:00:00,13.0,Atina
SC-77889,2024-12-01,Busan,Atina,10193,3443,0.5007,Clear,2.6,115.49,Auto Parts,Sea,0,8.0,2024-12-09 00:00:00,8.0,Piraeus
SC-33821,2024-03-05,Dubai,Valencia,6297,9048,0.7897,Clear,3.7,118.54,Machinery,Sea,0,20.9,2024-03-25 21:36:00,20.9,Piraeus
SC-47567,2024-04-09,Valencia,Mersin,6233,3545,0.9079,Clear,4.9,125.65,Auto Parts,Sea,0,8.2,2024-04-17 04:48:00,8.2,İzmir
SC-34860,2024-03-14,Ningbo,İzmir,6701,3210,0.5182,Rain,3.6,106.38,Chemicals,Sea,1,9.7,2024-03-23 16:48:00,9.7,Ambarli
SC-31195,2024-07-10,Singapore,Los Angeles,15612,8212,0.5017,Clear,2.4,134.76,Machinery,Sea,0,19.0,2024-07-29 00:00:00,19.0,Jebel Ali
SC-87475,2024-06-19,Rotterdam,Los Angeles,3511,6687,0.8639,Rain,2.1,143.65,Textiles,Sea,0,15.5,2024-07-04 12:00:00,15.5,Dubai
SC-97266,2024-09-29,Atina,Singapore,6768,7310,0.8419,Clear,4.9,119.99,Chemicals,Sea,0,16.9,2024-10-15 21:36:00,16.9,İzmir
SC-31427,2024-07-05,New York,Dubai,4565,11700,0.7029,Clear,1.7,106.7,Auto Parts,Sea,0,27.1,2024-08-01 02:24:00,27.1,Mersin
SC-37083,2024-01-23,Felixstowe,Felixstowe,11508,2913,0.8308,Clear,4.2,128.69,Auto Parts,Sea,0,6.7,2024-01-29 16:48:00,6.7,Piraeus
SC-97046,2024-06-29,Hamburg,Barcelona,5766,4780,0.9767,Clear,2.9,92.75,Chemicals,Sea,0,11.1,2024-07-10 02:24:00,11.1,Dubai
SC-67372,2024-11-22,Antwerp,Valencia,9013,10581,0.6239,Clear,2.8,147.8,Electronics,Sea,0,24.5,2024-12-16 12:00:00,24.5,Atina
SC-54064,2024-04-17,Busan,Valencia,8920,9732,0.623,Clear,4.0,126.06,Textiles,Sea,0,22.5,2024-05-09 12:00:00,22.5,Marsaxlokk
SC-17813,2024-11-30,Barcelona,Singapore,7882,6987,0.5931,Clear,1.6,84.73,Machinery,Sea,1,21.0,2024-12-21 00:00:00,21.0,Tanger Med
SC-41598,2024-06-10,Rotterdam,Shanghai,5332,5625,0.862,Clear,2.9,117.08,Chemicals,Sea,0,13.0,2024-06-23 00:00:00,13.0,Atina
SC-37082,2024-10-28,Trieste,Barcelona,4271,11262,0.6766,Clear,1.1,132.52,Machinery,Sea,0,26.1,2024-11-23 02:24:00,26.1,Singapore
SC-39241,2024-07-24,Valencia,Barcelona,7643,9326,0.9943,Clear,3.7,99.45,Auto Parts,Sea,0,21.6,2024-08-14 14:24:00,21.6,Barcelona
SC-54569,2024-03-18,Shanghai,Ambarli,3809,4570,0.8573,Clear,1.2,83.57,Electronics,Sea,0,10.6,2024-03-28 14:24:00,10.6,Singapore
SC-21745,2024-01-16,Trieste,Singapore,7671,5737,0.6837,Rain,1.3,114.24,Electronics,Sea,0,13.3,2024-01-29 07:12:00,13.3,Dubai
SC-36029,2024-11-22,Dubai,Valencia,6722,4779,0.5746,Rain,4.4,138.35,Machinery,Sea,0,11.1,2024-12-03 02:24:00,11.1,Barcelona
SC-23025,2024-04-05,Marsilya,Dubai,9614,10530,0.796,Storm,2.8,97.61,Auto Parts,Sea,1,31.7,2024-05-06 16:48:00,31.7,Marsaxlokk
SC-24288,2024-05-26,Busan,Barcelona,13604,3976,0.6475,Clear,1.8,130.19,Electronics,Sea,0,9.2,2024-06-04 04:48:00,9.2,Mersin
SC-99186,2024-01-02,Busan,Los Angeles,13838,2794,0.9528,Rain,3.4,108.55,Textiles,Sea,1,8.4,2024-01-10 09:36:00,8.4,Barcelona
SC-16540,2024-01-10,New York,Singapore,13054,3722,0.7207,Rain,3.1,84.17,Auto Parts,Sea,1,11.2,2024-01-21 04:48:00,11.2,Ambarli
SC-91958,2024-05-04,Trieste,Atina,4936,2898,0.6463,Clear,2.6,101.28,Chemicals,Sea,0,6.7,2024-05-10 16:48:00,6.7,Trieste
SC-78878,2024-03-21,Singapore,Trieste,8521,2102,0.7943,Clear,4.6,101.97,Chemicals,Sea,0,4.9,2024-03-25 21:36:00,4.9,Singapore
SC-51846,2024-05-19,Antwerp,Ningbo,10136,9453,0.5685,Fog,4.0,143.33,Chemicals,Sea,1,28.4,2024-06-16 09:36:00,28.4,Singapore
SC-85932,2024-11-21,Atina,Tokyo,2801,11639,0.7808,Storm,1.6,148.72,Textiles,Sea,0,26.9,2024-12-17 21:36:00,26.9,Mersin
SC-27482,2024-05-29,Felixstowe,Los Angeles,8272,4032,0.5281,Clear,3.3,94.68,Auto Parts,Sea,0,9.3,2024-06-07 07:12:00,9.3,Singapore
SC-33411,2024-10-14,Felixstowe,Mersin,9521,8172,0.8034,Clear,1.4,110.14,Machinery,Sea,0,18.9,2024-11-01 21:36:00,18.9,Piraeus
SC-60975,2024-12-26,Marsilya,New York,4686,3534,0.7651,Rain,2.0,148.37,Machinery,Sea,0,8.2,2025-01-03 04:48:00,8.2,İzmir
SC-70545,2024-12-05,Trieste,Ningbo,5108,9197,0.7604,Clear,4.6,108.51,Auto Parts,Sea,0,21.3,2024-12-26 07:12:00,21.3,Jebel Ali
SC-88797,2024-05-08,Ningbo,Ningbo,4120,6570,0.8421,Clear,2.8,104.44,Textiles,Sea,0,15.2,2024-05-23 04:48:00,15.2,Dubai
SC-62307,2024-08-26,Tokyo,Atina,8926,8706,0.5222,Storm,4.6,87.69,Auto Parts,Sea,1,26.2,2024-09-21 04:48:00,26.2,Marsaxlokk
SC-13093,2024-02-27,Ambarli,Marsilya,7551,2434,0.7299,Rain,1.7,132.73,Machinery,Sea,0,5.6,2024-03-03 14:24:00,5.6,Dubai
SC-87258,2024-07-16,New York,Antwerp,6640,11449,0.722,Fog,1.8,111.29,Auto Parts,Sea,0,26.5,2024-08-11 12:00:00,26.5,Dubai
SC-32042,2024-07-29,Shanghai,Busan,3857,10246,0.7299,Clear,2.4,124.71,Chemicals,Sea,0,23.7,2024-08-21 16:48:00,23.7,Ambarli
SC-62930,2024-02-14,New York,Rotterdam,7237,11122,0.9899,Clear,2.5,115.69,Auto Parts,Sea,0,25.7,2024-03-10 16:48:00,25.7,Ambarli
SC-54413,2024-04-06,New York,Ambarli,12497,10503,0.5696,Storm,4.0,92.22,Electronics,Sea,1,31.6,2024-05-07 14:24:00,31.6,Dubai
SC-43756,2024-10-05,Busan,İzmir,9606,9256,0.8452,Clear,3.4,92.35,Auto Parts,Sea,0,21.4,2024-10-26 09:36:00,21.4,Ambarli
SC-63268,2024-01-23,Valencia,Rotterdam,3670,11148,0.701,Rain,3.2,145.78,Machinery,Sea,0,25.8,2024-02-17 19:12:00,25.8,İzmir
SC-49214,2024-11-30,New York,İzmir,2621,8461,0.7559,Clear,3.4,142.27,Machinery,Sea,0,19.6,2024-12-19 14:24:00,19.6,Marsaxlokk
SC-91871,2024-02-13,Shanghai,Busan,5405,6083,0.8812,Clear,3.9,122.74,Machinery,Sea,0,14.1,2024-02-27 02:24:00,14.1,Dubai
SC-38602,2024-01-27,Valencia,Ambarli,8084,7996,0.5787,Clear,4.6,80.09,Chemicals,Sea,0,18.5,2024-02-14 12:00:00,18.5,Barcelona
SC-63331,2024-10-08,Mersin,New York,5992,6852,0.8818,Clear,2.7,110.33,Machinery,Sea,0,15.9,2024-10-23 21:36:00,15.9,Ambarli
SC-58901,2024-04-06,Los Angeles,Los Angeles,8290,4512,0.5352,Clear,4.2,117.13,Electronics,Sea,0,10.4,2024-04-16 09:36:00,10.4,Piraeus
SC-73416,2024-02-05,Felixstowe,Hamburg,15270,7528,0.7417,Clear,3.0,111.46,Auto Parts,Sea,0,17.4,2024-02-22 09:36:00,17.4,Barcelona
SC-42196,2024-04-18,İzmir,Barcelona,9019,3263,0.871,Clear,3.9,144.78,Textiles,Sea,0,7.6,2024-04-25 14:24:00,7.6,Ambarli
SC-15626,2024-02-24,Barcelona,Los Angeles,4719,7951,0.5963,Clear,4.5,82.86,Machinery,Sea,0,18.4,2024-03-13 09:36:00,18.4,Tanger Med
SC-17424,2024-07-10,Trieste,Barcelona,6186,4747,0.8855,Rain,1.1,125.84,Auto Parts,Sea,0,11.0,2024-07-21 00:00:00,11.0,Mersin
SC-22857,2024-08-06,Ningbo,Los Angeles,7595,9280,0.5834,Clear,3.2,101.97,Chemicals,Sea,0,21.5,2024-08-27 12:00:00,21.5,Trieste
SC-29982,2024-07-03,Felixstowe,Atina,5189,3093,0.8996,Clear,5.0,119.16,Auto Parts,Sea,0,7.2,2024-07-10 04:48:00,7.2,Marsaxlokk
SC-86961,2024-03-09,Singapore,Dubai,8068,5763,0.7345,Clear,3.0,125.91,Machinery,Sea,1,17.3,2024-03-26 07:12:00,17.3,Trieste
SC-11980,2024-11-12,Shanghai,Ningbo,4193,9351,0.8423,Clear,4.5,110.86,Machinery,Sea,0,21.6,2024-12-03 14:24:00,21.6,Marsaxlokk
SC-58290,2024-05-09,Valencia,Felixstowe,6237,2232,0.9587,Clear,1.7,90.39,Machinery,Sea,0,5.2,2024-05-14 04:48:00,5.2,İzmir
SC-36431,2024-02-24,Busan,Dubai,2658,4101,0.7042,Clear,3.4,116.33,Electronics,Sea,0,9.5,2024-03-04 12:00:00,9.5,Trieste
SC-94976,2024-04-06,Trieste,Shanghai,5911,4028,0.6165,Clear,4.5,145.31,Auto Parts,Sea,0,9.3,2024-04-15 07:12:00,9.3,Marsaxlokk
SC-92711,2024-12-01,Busan,Felixstowe,5243,8233,0.9336,Clear,2.7,117.51,Textiles,Sea,0,19.1,2024-12-20 02:24:00,19.1,New York
SC-36385,2024-03-27,İzmir,Antwerp,7308,9926,0.5808,Clear,2.9,88.61,Electronics,Sea,0,23.0,2024-04-19 00:00:00,23.0,Singapore
SC-48158,2024-10-20,New York,Antwerp,9987,3929,0.8157,Fog,1.3,137.69,Textiles,Sea,1,11.8,2024-10-31 19:12:00,11.8,Atina
SC-33019,2024-04-28,Marsilya,İzmir,4220,11650,0.9616,Fog,1.2,95.52,Machinery,Sea,1,35.1,2024-06-02 02:24:00,35.1,Ambarli
SC-28639,2024-07-26,Marsilya,Los Angeles,9286,11840,0.8372,Clear,2.9,105.92,Textiles,Sea,0,27.4,2024-08-22 09:36:00,27.4,Piraeus
SC-95530,2024-11-29,Los Angeles,Trieste,3166,10599,0.5978,Clear,4.4,110.01,Textiles,Sea,0,24.5,2024-12-23 12:00:00,24.5,Marsaxlokk
SC-31563,2024-06-02,Felixstowe,Barcelona,8646,5340,0.5761,Fog,4.7,103.78,Electronics,Sea,0,12.4,2024-06-14 09:36:00,12.4,Singapore
SC-49341,2024-02-04,Valencia,Felixstowe,4461,3977,0.6262,Clear,3.6,108.31,Electronics,Sea,0,9.2,2024-02-13 04:48:00,9.2,Tanger Med
SC-15776,2024-03-19,Barcelona,Marsilya,7534,4413,0.6957,Clear,4.3,135.68,Auto Parts,Sea,0,10.2,2024-03-29 04:48:00,10.2,Tanger Med
SC-46444,2024-03-07,Hamburg,Mersin,9578,10026,0.5796,Clear,3.9,95.64,Textiles,Sea,0,23.2,2024-03-30 04:48:00,23.2,Barcelona
SC-78916,2024-12-08,Shanghai,Felixstowe,2839,7418,0.8989,Storm,3.8,112.93,Electronics,Sea,1,22.3,2024-12-30 07:12:00,22.3,Ambarli
SC-18711,2024-02-03,Ambarli,Hamburg,10575,8025,0.6785,Rain,4.1,81.4,Auto Parts,Sea,0,18.6,2024-02-21 14:24:00,18.6,Barcelona
SC-84318,2024-04-06,Mersin,Antwerp,7752,6937,0.968,Clear,3.0,115.54,Textiles,Sea,0,16.1,2024-04-22 02:24:00,16.1,Atina
SC-92970,2024-06-17,Valencia,Hamburg,5811,11952,0.9212,Clear,2.8,87.82,Textiles,Sea,0,27.7,2024-07-14 16:48:00,27.7,Dubai
SC-95553,2024-06-17,Ambarli,Atina,6525,5597,0.9544,Storm,1.6,99.76,Machinery,Sea,1,16.8,2024-07-03 19:12:00,16.8,Mersin
SC-40707,2024-05-30,Atina,Felixstowe,4903,3378,0.6472,Clear,4.4,102.74,Electronics,Sea,0,7.8,2024-06-06 19:12:00,7.8,İzmir
SC-49110,2024-03-11,Trieste,İzmir,8909,2620,0.7869,Clear,1.2,85.76,Chemicals,Sea,0,6.1,2024-03-17 02:24:00,6.1,Barcelona
SC-71788,2024-01-03,Busan,Ambarli,7111,2929,0.6607,Clear,2.1,105.24,Electronics,Sea,0,6.8,2024-01-09 19:12:00,6.8,Tanger Med
SC-92879,2024-11-09,Shanghai,Mersin,18052,8544,0.6285,Rain,3.1,114.86,Machinery,Sea,0,19.8,2024-11-28 19:12:00,19.8,Dubai
SC-48827,2024-02-01,Marsilya,Ambarli,17354,9572,0.8035,Clear,4.9,110.18,Auto Parts,Sea,0,22.2,2024-02-23 04:48:00,22.2,Dubai
SC-15655,2024-10-13,Los Angeles,Ningbo,16867,7826,0.909,Rain,4.1,99.63,Electronics,Sea,0,18.1,2024-10-31 02:24:00,18.1,Dubai
SC-54859,2024-03-22,Felixstowe,Barcelona,3888,2974,0.5468,Clear,2.5,100.64,Textiles,Sea,0,6.9,2024-03-28 21:36:00,6.9,Barcelona
SC-63625,2024-02-12,Trieste,New York,13278,3689,0.6379,Clear,3.9,124.35,Chemicals,Sea,0,8.5,2024-02-20 12:00:00,8.5,Tanger Med
SC-62098,2024-04-14,Trieste,Ambarli,9295,6671,0.6026,Clear,4.7,130.29,Auto Parts,Sea,0,15.4,2024-04-29 09:36:00,15.4,New York
SC-25251,2024-01-01,Ningbo,Ambarli,3071,8920,0.8992,Rain,3.2,120.36,Electronics,Sea,1,26.8,2024-01-27 19:12:00,26.8,Jebel Ali
SC-10526,2024-03-01,Felixstowe,Mersin,3500,8776,0.9667,Clear,2.8,148.33,Auto Parts,Sea,0,20.3,2024-03-21 07:12:00,20.3,Atina
SC-78760,2024-09-26,Antwerp,Dubai,3868,10917,0.54,Clear,3.2,146.14,Textiles,Sea,0,25.3,2024-10-21 07:12:00,25.3,Singapore
SC-57837,2024-06-28,Trieste,Singapore,4028,10353,0.6896,Clear,2.2,86.89,Chemicals,Sea,0,24.0,2024-07-22 00:00:00,24.0,Dubai
SC-21536,2024-08-11,Ambarli,Ambarli,9367,9784,0.9573,Clear,4.6,98.3,Textiles,Sea,0,22.6,2024-09-02 14:24:00,22.6,Dubai
SC-38541,2024-01-06,Rotterdam,Hamburg,2567,2658,0.6723,Rain,4.2,140.79,Chemicals,Sea,0,6.2,2024-01-12 04:48:00,6.2,Jebel Ali
SC-89083,2024-04-12,Los Angeles,Antwerp,5102,4897,0.8563,Clear,3.8,82.08,Auto Parts,Sea,0,11.3,2024-04-23 07:12:00,11.3,Mersin
SC-61027,2024-01-10,Busan,Felixstowe,5445,7668,0.5503,Clear,3.4,121.45,Electronics,Sea,0,17.8,2024-01-27 19:12:00,17.8,Singapore
SC-44531,2024-03-11,Rotterdam,Dubai,8927,8225,0.7222,Clear,4.9,146.81,Chemicals,Sea,0,19.0,2024-03-30 00:00:00,19.0,Trieste
SC-18712,2024-03-30,Ningbo,Dubai,7287,4542,0.7517,Clear,2.2,127.51,Textiles,Sea,0,10.5,2024-04-09 12:00:00,10.5,Marsaxlokk
SC-75455,2024-08-13,New York,Los Angeles,6031,11770,0.8788,Fog,2.1,86.44,Chemicals,Sea,0,27.2,2024-09-09 04:48:00,27.2,Trieste
SC-84744,2024-06-06,Ambarli,Dubai,3723,11266,0.6444,Clear,2.0,132.35,Auto Parts,Sea,0,26.1,2024-07-02 02:24:00,26.1,Atina
SC-15109,2024-08-15,Antwerp,Rotterdam,4481,5205,0.6321,Clear,4.0,106.35,Auto Parts,Sea,0,12.0,2024-08-27 00:00:00,12.0,Atina
SC-59268,2024-05-05,Atina,Marsilya,7476,6044,0.6515,Clear,4.2,144.51,Auto Parts,Sea,0,14.0,2024-05-19 00:00:00,14.0,Ambarli
SC-64615,2024-07-27,Busan,New York,4719,5433,0.7778,Clear,3.4,100.04,Electronics,Sea,0,12.6,2024-08-08 14:24:00,12.6,Piraeus
SC-92503,2024-04-06,İzmir,Tokyo,4039,8711,0.938,Clear,3.6,113.13,Auto Parts,Sea,0,20.2,2024-04-26 04:48:00,20.2,Dubai
SC-39759,2024-03-14,Busan,Tokyo,12480,9384,0.9155,Clear,2.4,132.26,Electronics,Sea,1,28.2,2024-04-11 04:48:00,28.2,Jebel Ali
SC-95708,2024-04-24,Marsilya,Dubai,8181,2877,0.529,Fog,1.2,98.03,Machinery,Sea,0,6.7,2024-04-30 16:48:00,6.7,Atina
SC-70112,2024-07-09,Shanghai,Ambarli,8496,3091,0.9395,Clear,2.0,92.72,Chemicals,Sea,0,7.2,2024-07-16 04:48:00,7.2,Ambarli
SC-36589,2024-06-18,Atina,Ambarli,3393,5059,0.5476,Clear,3.3,80.19,Textiles,Sea,0,11.7,2024-06-29 16:48:00,11.7,Piraeus
SC-40015,2024-11-02,Dubai,Marsilya,9167,9007,0.7077,Clear,4.3,114.16,Electronics,Sea,0,20.8,2024-11-22 19:12:00,20.8,Tanger Med
SC-39009,2024-07-22,Antwerp,Busan,11712,7262,0.8827,Clear,4.1,145.0,Electronics,Sea,0,16.8,2024-08-07 19:12:00,16.8,New York
SC-93309,2024-02-25,Marsilya,Rotterdam,14842,9513,0.5408,Clear,1.7,99.7,Textiles,Sea,0,22.0,2024-03-18 00:00:00,22.0,Tanger Med
SC-72046,2024-07-26,Shanghai,Trieste,9531,3674,0.5202,Clear,1.2,83.04,Chemicals,Sea,0,8.5,2024-08-03 12:00:00,8.5,New York
SC-36143,2024-02-10,Los Angeles,Los Angeles,8280,11800,0.665,Clear,4.4,123.43,Auto Parts,Sea,0,27.3,2024-03-08 07:12:00,27.3,Mersin
SC-16154,2024-02-01,Shanghai,Barcelona,9946,4826,0.865,Clear,1.3,83.93,Chemicals,Sea,0,11.2,2024-02-12 04:48:00,11.2,Trieste
SC-31804,2024-01-15,Ningbo,Atina,6462,11409,0.7609,Rain,2.6,115.48,Electronics,Sea,0,26.4,2024-02-10 09:36:00,26.4,Jebel Ali
SC-51688,2024-03-02,Singapore,Dubai,8927,5052,0.7085,Clear,1.4,106.71,Auto Parts,Sea,1,15.2,2024-03-17 04:48:00,15.2,Marsaxlokk
SC-74288,2024-06-03,Ambarli,Tokyo,4649,2313,0.9065,Storm,3.3,113.28,Machinery,Sea,1,7.0,2024-06-10 00:00:00,7.0,Jebel Ali
SC-61195,2024-10-10,Barcelona,Shanghai,3458,10921,0.8834,Clear,2.5,91.38,Textiles,Sea,0,25.3,2024-11-04 07:12:00,25.3,Mersin
SC-30581,2024-07-27,Felixstowe,İzmir,9005,2383,0.893,Clear,1.8,86.31,Chemicals,Sea,0,5.5,2024-08-01 12:00:00,5.5,Mersin
SC-62648,2024-11-15,Valencia,Antwerp,9857,7884,0.7299,Clear,3.4,132.43,Auto Parts,Sea,0,18.2,2024-12-03 04:48:00,18.2,Tanger Med
SC-40087,2024-07-05,Tokyo,Ambarli,8630,3812,0.5097,Clear,2.5,97.2,Textiles,Sea,0,8.8,2024-07-13 19:12:00,8.8,Tanger Med
SC-59930,2024-05-09,Hamburg,Mersin,9834,4324,0.5861,Clear,1.7,136.03,Chemicals,Sea,0,10.0,2024-05-19 00:00:00,10.0,Barcelona
SC-42981,2024-05-06,İzmir,Atina,3284,7248,0.8707,Clear,3.8,133.09,Electronics,Sea,0,16.8,2024-05-22 19:12:00,16.8,Mersin
SC-79298,2024-10-18,Marsilya,Shanghai,3548,5429,0.8766,Clear,4.3,93.89,Electronics,Sea,0,12.6,2024-10-30 14:24:00,12.6,Piraeus
SC-56167,2024-04-23,İzmir,Hamburg,12847,5291,0.9861,Clear,2.1,143.58,Electronics,Sea,0,12.2,2024-05-05 04:48:00,12.2,Jebel Ali
SC-85304,2024-07-17,Marsilya,Ningbo,10935,9173,0.5951,Clear,1.7,91.29,Machinery,Sea,0,21.2,2024-08-07 04:48:00,21.2,Trieste
SC-53408,2024-01-13,Barcelona,Trieste,6943,6846,0.5615,Clear,1.3,135.8,Electronics,Sea,0,15.8,2024-01-28 19:12:00,15.8,New York
SC-49499,2024-09-27,Mersin,Rotterdam,4638,8767,0.5694,Clear,3.1,109.44,Electronics,Sea,0,20.3,2024-10-17 07:12:00,20.3,Tanger Med
SC-62269,2024-03-29,Dubai,New York,14134,2227,0.5924,Clear,4.3,92.81,Electronics,Sea,0,5.2,2024-04-03 04:48:00,5.2,Ambarli
SC-48559,2024-08-02,Los Angeles,Felixstowe,11067,8073,0.7642,Fog,2.0,145.67,Auto Parts,Sea,0,18.7,2024-08-20 16:48:00,18.7,Ambarli
SC-84319,2024-10-04,Tokyo,Tokyo,3350,7704,0.9876,Rain,2.8,147.43,Textiles,Sea,1,23.2,2024-10-27 04:48:00,23.2,Ambarli
SC-58787,2024-07-21,Los Angeles,Mersin,8770,10203,0.7947,Clear,1.6,115.8,Machinery,Sea,0,23.6,2024-08-13 14:24:00,23.6,Tanger Med
SC-45488,2024-03-14,Rotterdam,Dubai,4397,9765,0.7613,Clear,2.6,112.84,Chemicals,Sea,0,22.6,2024-04-05 14:24:00,22.6,Marsaxlokk
SC-84441,2024-01-25,Ambarli,Felixstowe,6091,3522,0.8367,Clear,1.1,143.06,Machinery,Sea,0,8.2,2024-02-02 04:48:00,8.2,New York
SC-84663,2024-04-10,Valencia,Marsilya,6559,2691,0.537,Rain,4.6,121.73,Textiles,Sea,1,8.1,2024-04-18 02:24:00,8.1,Mersin
SC-32431,2024-06-24,Marsilya,İzmir,8228,3739,0.9077,Rain,3.7,98.62,Electronics,Sea,0,8.7,2024-07-02 16:48:00,8.7,Piraeus
SC-71681,2024-04-26,Mersin,Antwerp,4890,3525,0.8234,Clear,2.3,109.76,Electronics,Sea,0,8.2,2024-05-04 04:48:00,8.2,Singapore
SC-73483,2024-06-14,Singapore,New York,4699,2069,0.5856,Rain,4.5,138.52,Chemicals,Sea,0,4.8,2024-06-18 19:12:00,4.8,Tanger Med
SC-59153,2024-02-10,Atina,Los Angeles,7011,8251,0.8154,Clear,1.7,140.17,Machinery,Sea,0,19.1,2024-02-29 02:24:00,19.1,Tanger Med
SC-16368,2024-12-09,Felixstowe,Shanghai,5878,5123,0.7981,Rain,1.3,145.75,Machinery,Sea,1,15.4,2024-12-24 09:36:00,15.4,Singapore
SC-37424,2024-04-29,Rotterdam,Marsilya,7392,6724,0.5324,Clear,4.8,100.18,Chemicals,Sea,0,15.6,2024-05-14 14:24:00,15.6,Barcelona
SC-55004,2024-04-06,Trieste,Dubai,5255,9649,0.6335,Clear,2.2,127.6,Machinery,Sea,0,22.3,2024-04-28 07:12:00,22.3,Piraeus
SC-93869,2024-05-24,Barcelona,Marsilya,12676,3287,0.6955,Rain,4.7,84.79,Machinery,Sea,0,7.6,2024-05-31 14:24:00,7.6,Marsaxlokk
SC-98652,2024-08-03,Ambarli,Marsilya,7968,10767,0.6224,Clear,3.6,130.81,Machinery,Sea,0,24.9,2024-08-27 21:36:00,24.9,Tanger Med
SC-66985,2024-08-16,Marsilya,New York,5762,6954,0.6216,Storm,4.9,119.42,Chemicals,Sea,0,16.1,2024-09-01 02:24:00,16.1,Piraeus
SC-60069,2024-11-08,Rotterdam,Rotterdam,10335,2744,0.7865,Clear,4.0,97.48,Chemicals,Sea,0,6.4,2024-11-14 09:36:00,6.4,Singapore
SC-62326,2024-05-09,Hamburg,Los Angeles,13920,8275,0.7354,Clear,1.4,125.82,Textiles,Sea,0,19.2,2024-05-28 04:48:00,19.2,New York
SC-91061,2024-12-17,Los Angeles,Busan,9852,6576,0.8336,Rain,4.4,89.46,Machinery,Sea,1,19.8,2025-01-05 19:12:00,19.8,New York
SC-33398,2024-11-13,Tokyo,Ningbo,8271,7076,0.9782,Clear,1.6,103.37,Textiles,Sea,0,16.4,2024-11-29 09:36:00,16.4,Piraeus
SC-60861,2024-05-16,Valencia,Ningbo,3482,11216,0.8303,Clear,3.8,108.06,Auto Parts,Sea,0,26.0,2024-06-11 00:00:00,26.0,Jebel Ali
SC-85897,2024-11-19,Busan,Dubai,7613,2941,0.791,Clear,3.0,134.4,Auto Parts,Sea,0,6.8,2024-11-25 19:12:00,6.8,Dubai
SC-91905,2024-12-02,Ningbo,Valencia,5395,7050,0.9238,Storm,3.8,101.61,Machinery,Sea,1,21.2,2024-12-23 04:48:00,21.2,İzmir
SC-78577,2024-09-29,Antwerp,Hamburg,10229,2767,0.816,Rain,4.1,83.43,Electronics,Sea,0,6.4,2024-10-05 09:36:00,6.4,Jebel Ali
SC-75641,2024-04-26,Marsilya,Rotterdam,6091,4438,0.5828,Clear,4.2,92.65,Auto Parts,Sea,0,10.3,2024-05-06 07:12:00,10.3,Atina
SC-19078,2024-11-01,Marsilya,Rotterdam,11996,11025,0.6574,Clear,4.3,122.57,Electronics,Sea,1,33.2,2024-12-04 04:48:00,33.2,Jebel Ali
SC-35003,2024-04-03,Busan,İzmir,18315,10819,0.8667,Clear,4.4,81.07,Textiles,Sea,0,25.0,2024-04-28 00:00:00,25.0,Piraeus
SC-72768,2024-06-16,Los Angeles,Dubai,9597,2376,0.8692,Clear,2.7,135.46,Machinery,Sea,0,5.5,2024-06-21 12:00:00,5.5,New York
SC-61047,2024-07-21,Felixstowe,Trieste,14532,2089,0.9935,Storm,4.6,143.08,Textiles,Sea,1,6.3,2024-07-27 07:12:00,6.3,Piraeus
SC-81626,2024-12-06,Marsilya,Tokyo,6069,11257,0.8135,Clear,3.9,114.68,Textiles,Sea,0,26.1,2025-01-01 02:24:00,26.1,Trieste
SC-67660,2024-05-28,Singapore,Atina,7289,8066,0.9498,Clear,4.4,129.53,Chemicals,Sea,0,18.7,2024-06-15 16:48:00,18.7,Ambarli
SC-59786,2024-07-01,İzmir,Felixstowe,19742,11250,0.5273,Clear,5.0,112.39,Machinery,Sea,0,26.0,2024-07-27 00:00:00,26.0,Singapore
SC-11925,2024-05-31,Dubai,Valencia,7341,7575,0.7831,Hurricane,1.5,101.61,Chemicals,Sea,1,22.8,2024-06-22 19:12:00,22.8,New York
SC-93976,2024-03-14,Ningbo,Dubai,3011,4655,0.9599,Clear,2.5,91.54,Textiles,Sea,0,10.8,2024-03-24 19:12:00,10.8,Ambarli
SC-36015,2024-12-30,Rotterdam,Barcelona,11092,3515,0.6436,Storm,4.2,116.27,Electronics,Sea,1,10.6,2025-01-09 14:24:00,10.6,Mersin
SC-43320,2024-09-30,Tokyo,Marsilya,8266,5017,0.5774,Clear,1.3,145.09,Machinery,Sea,0,11.6,2024-10-11 14:24:00,11.6,Singapore
SC-74881,2024-02-11,Felixstowe,Mersin,8973,9811,0.6753,Rain,3.2,142.3,Machinery,Sea,0,22.7,2024-03-04 16:48:00,22.7,New York
SC-36289,2024-07-30,New York,Antwerp,7660,9343,0.8961,Clear,4.4,144.37,Auto Parts,Sea,0,21.6,2024-08-20 14:24:00,21.6,Barcelona
SC-13389,2024-04-10,Antwerp,Valencia,10629,3573,0.5424,Clear,1.1,147.65,Electronics,Sea,0,8.3,2024-04-18 07:12:00,8.3,Tanger Med
SC-35683,2024-02-14,Marsilya,Hamburg,7736,7597,0.8002,Clear,4.8,91.58,Electronics,Sea,0,17.6,2024-03-02 14:24:00,17.6,Barcelona
SC-23629,2024-03-22,Atina,Rotterdam,5670,5926,0.5678,Clear,4.9,90.26,Textiles,Sea,0,13.7,2024-04-04 16:48:00,13.7,Barcelona
SC-71550,2024-01-17,Dubai,Valencia,6935,5796,0.7178,Clear,2.3,109.94,Textiles,Sea,0,13.4,2024-01-30 09:36:00,13.4,Dubai
SC-34826,2024-03-13,Ambarli,New York,7544,10823,0.983,Fog,4.1,128.25,Textiles,Sea,0,25.1,2024-04-07 02:24:00,25.1,Trieste
SC-36630,2024-01-14,Shanghai,Marsilya,4128,3232,0.5976,Clear,1.5,110.78,Auto Parts,Sea,0,7.5,2024-01-21 12:00:00,7.5,Dubai
SC-56163,2024-06-05,Atina,Valencia,5217,4264,0.517,Storm,4.1,142.46,Electronics,Sea,0,9.9,2024-06-14 21:36:00,9.9,Marsaxlokk
SC-76435,2024-08-10,Rotterdam,Rotterdam,6667,4047,0.7136,Clear,2.9,130.22,Chemicals,Sea,0,9.4,2024-08-19 09:36:00,9.4,Tanger Med
SC-21653,2024-05-11,Hamburg,Busan,3034,2535,0.7888,Clear,4.4,124.38,Electronics,Sea,0,5.9,2024-05-16 21:36:00,5.9,Ambarli
SC-37961,2024-12-03,Dubai,Barcelona,4194,9884,0.6488,Fog,1.9,84.97,Chemicals,Sea,0,22.9,2024-12-25 21:36:00,22.9,Ambarli
SC-91941,2024-02-16,Busan,Dubai,10820,8881,0.7709,Rain,3.7,92.27,Machinery,Sea,0,20.6,2024-03-07 14:24:00,20.6,Trieste
SC-84137,2024-04-16,Los Angeles,Trieste,16370,9378,0.9767,Clear,4.1,109.97,Chemicals,Sea,0,21.7,2024-05-07 16:48:00,21.7,Ambarli
SC-43662,2024-04-17,Antwerp,Barcelona,2626,5097,0.6559,Clear,1.8,148.35,Machinery,Sea,0,11.8,2024-04-28 19:12:00,11.8,Atina
SC-66446,2024-09-21,Hamburg,Barcelona,10819,11467,0.6547,Rain,4.3,103.41,Textiles,Sea,0,26.5,2024-10-17 12:00:00,26.5,Singapore
SC-31288,2024-07-23,Valencia,Felixstowe,10818,5073,0.7414,Rain,4.8,124.1,Electronics,Sea,0,11.7,2024-08-03 16:48:00,11.7,Singapore
SC-46877,2024-03-19,Atina,Ningbo,9437,3025,0.7577,Rain,3.5,149.22,Textiles,Sea,0,7.0,2024-03-26 00:00:00,7.0,Jebel Ali
SC-25313,2024-06-03,Felixstowe,Busan,3269,4051,0.5007,Rain,4.1,98.48,Electronics,Sea,0,9.4,2024-06-12 09:36:00,9.4,New York
SC-90885,2024-09-27,New York,Dubai,5397,5621,0.8079,Clear,3.1,91.67,Chemicals,Sea,0,13.0,2024-10-10 00:00:00,13.0,Dubai
SC-82715,2024-09-03,Ambarli,Ambarli,5290,6563,0.9987,Rain,3.4,118.24,Electronics,Sea,0,15.2,2024-09-18 04:48:00,15.2,İzmir
SC-20326,2024-01-19,Ambarli,Tokyo,4711,10392,0.646,Clear,1.1,118.63,Chemicals,Sea,0,24.1,2024-02-12 02:24:00,24.1,Jebel Ali
SC-11560,2024-12-11,Valencia,Rotterdam,3150,6403,0.8154,Clear,3.1,144.53,Electronics,Sea,0,14.8,2024-12-25 19:12:00,14.8,Piraeus
SC-89148,2024-01-26,Felixstowe,Busan,10305,5323,0.5023,Clear,3.3,81.85,Machinery,Sea,0,12.3,2024-02-07 07:12:00,12.3,İzmir
SC-93186,2024-08-04,Trieste,Dubai,5718,5358,0.8022,Clear,3.7,108.52,Chemicals,Sea,0,12.4,2024-08-16 09:36:00,12.4,Jebel Ali
SC-36745,2024-06-02,Dubai,Ambarli,4869,8141,0.7235,Clear,1.7,101.86,Textiles,Sea,0,18.8,2024-06-20 19:12:00,18.8,Piraeus
SC-41890,2024-06-02,İzmir,Mersin,8221,7017,0.7651,Clear,2.0,119.97,Textiles,Sea,0,16.2,2024-06-18 04:48:00,16.2,Mersin
SC-30022,2024-06-22,Marsilya,Ningbo,8252,8435,0.772,Clear,4.0,80.65,Textiles,Sea,0,19.5,2024-07-11 12:00:00,19.5,Singapore
SC-62579,2024-04-01,Felixstowe,Ambarli,4725,9321,0.5885,Clear,1.7,129.77,Textiles,Sea,0,21.6,2024-04-22 14:24:00,21.6,Atina
SC-80316,2024-12-03,New York,Mersin,4377,4971,0.885,Clear,2.7,113.95,Machinery,Sea,0,11.5,2024-12-14 12:00:00,11.5,Dubai
SC-93847,2024-06-29,Tokyo,Trieste,2994,10777,0.7777,Clear,2.0,129.05,Machinery,Sea,0,24.9,2024-07-23 21:36:00,24.9,Dubai
SC-38380,2024-05-10,Ambarli,Mersin,13214,5345,0.6351,Clear,3.2,111.35,Auto Parts,Sea,0,12.4,2024-05-22 09:36:00,12.4,Mersin
SC-12356,2024-10-24,Valencia,Ningbo,8246,7816,0.9687,Rain,4.9,113.19,Auto Parts,Sea,1,23.5,2024-11-16 12:00:00,23.5,Atina
SC-80326,2024-10-01,Felixstowe,Singapore,9228,6604,0.5064,Clear,4.4,142.69,Auto Parts,Sea,0,15.3,2024-10-16 07:12:00,15.3,Mersin
SC-99899,2024-09-29,Tokyo,Valencia,16692,5424,0.863,Clear,2.1,94.76,Auto Parts,Sea,0,12.6,2024-10-11 14:24:00,12.6,Ambarli
SC-30049,2024-03-16,Antwerp,Ningbo,3216,6100,0.6906,Storm,2.5,95.22,Electronics,Sea,1,18.4,2024-04-03 09:36:00,18.4,Singapore
SC-85717,2024-06-25,Ningbo,Ambarli,2699,10551,0.7613,Clear,4.7,119.16,Chemicals,Sea,0,24.4,2024-07-19 09:36:00,24.4,Mersin
SC-26082,2024-07-02,Marsilya,Ambarli,3487,5477,0.6458,Clear,4.6,126.22,Textiles,Sea,0,12.7,2024-07-14 16:48:00,12.7,Ambarli
SC-10661,2024-11-14,Atina,Busan,3314,9182,0.6606,Clear,1.6,104.83,Electronics,Sea,0,21.3,2024-12-05 07:12:00,21.3,Atina
SC-47412,2024-05-10,Ningbo,Ambarli,5105,9440,0.5076,Rain,4.3,116.37,Machinery,Sea,0,21.9,2024-05-31 21:36:00,21.9,New York
SC-12920,2024-12-28,Marsilya,Valencia,13734,6658,0.8649,Rain,2.2,95.95,Textiles,Sea,1,20.0,2025-01-17 00:00:00,20.0,Barcelona
SC-70315,2024-02-18,Atina,Atina,9572,4812,0.8554,Clear,3.2,89.51,Chemicals,Sea,0,11.1,2024-02-29 02:24:00,11.1,Trieste
SC-89561,2024-02-24,Dubai,Dubai,5803,2044,0.8272,Rain,1.0,96.68,Chemicals,Sea,0,4.7,2024-02-28 16:48:00,4.7,Piraeus
SC-18946,2024-06-02,Dubai,Atina,5505,2633,0.939,Rain,5.0,144.15,Machinery,Sea,0,6.1,2024-06-08 02:24:00,6.1,Marsaxlokk
SC-55500,2024-12-20,Los Angeles,Busan,3825,11402,0.9506,Clear,4.0,136.13,Textiles,Sea,0,26.4,2025-01-15 09:36:00,26.4,Tanger Med
SC-26309,2024-07-18,Marsilya,Shanghai,9310,11941,0.7782,Clear,2.0,89.82,Auto Parts,Sea,0,27.6,2024-08-14 14:24:00,27.6,Dubai
SC-65230,2024-11-03,Tokyo,Ambarli,9126,8804,0.8424,Rain,3.7,83.26,Textiles,Sea,0,20.4,2024-11-23 09:36:00,20.4,Dubai
SC-40027,2024-12-21,Antwerp,Ningbo,7083,4768,0.5055,Clear,2.2,86.52,Textiles,Sea,0,11.0,2025-01-01 00:00:00,11.0,Trieste
SC-82541,2024-04-27,Rotterdam,Marsilya,6691,10785,0.9232,Clear,1.4,100.54,Chemicals,Sea,0,25.0,2024-05-22 00:00:00,25.0,Jebel Ali
SC-69321,2024-09-19,Rotterdam,Trieste,9562,11616,0.9082,Clear,2.7,136.8,Machinery,Sea,0,26.9,2024-10-15 21:36:00,26.9,Tanger Med
SC-10956,2024-02-15,Dubai,Mersin,7951,9875,0.5101,Clear,3.5,102.5,Textiles,Sea,0,22.9,2024-03-08 21:36:00,22.9,Mersin
SC-84131,2024-10-28,Ningbo,Tokyo,5042,3926,0.7714,Clear,1.4,93.0,Electronics,Sea,0,9.1,2024-11-06 02:24:00,9.1,Barcelona
SC-57908,2024-12-21,Valencia,Trieste,11469,2856,0.9533,Clear,3.1,107.71,Electronics,Sea,0,6.6,2024-12-27 14:24:00,6.6,Jebel Ali
SC-88339,2024-07-07,Ningbo,Ningbo,8270,7988,0.5907,Clear,3.1,88.68,Machinery,Sea,0,18.5,2024-07-25 12:00:00,18.5,Atina
SC-35963,2024-11-05,Antwerp,İzmir,7493,10743,0.6763,Fog,3.5,112.92,Auto Parts,Sea,1,32.3,2024-12-07 07:12:00,32.3,New York
SC-49443,2024-11-13,Dubai,Marsilya,4203,9847,0.6655,Clear,2.0,127.29,Textiles,Sea,0,22.8,2024-12-05 19:12:00,22.8,Piraeus
SC-49063,2024-05-08,New York,Atina,7203,6138,0.678,Clear,1.1,105.82,Textiles,Sea,0,14.2,2024-05-22 04:48:00,14.2,Jebel Ali
SC-90818,2024-02-18,Singapore,Barcelona,8910,6274,0.5209,Fog,2.3,92.15,Chemicals,Sea,0,14.5,2024-03-03 12:00:00,14.5,Mersin
SC-14703,2024-01-25,Mersin,Shanghai,8245,11672,0.6395,Rain,2.6,111.72,Textiles,Sea,0,27.0,2024-02-21 00:00:00,27.0,Ambarli
SC-75128,2024-09-22,Marsilya,Atina,10667,2606,0.6474,Clear,3.5,133.37,Auto Parts,Sea,0,6.0,2024-09-28 00:00:00,6.0,Jebel Ali
SC-82099,2024-04-27,Hamburg,Tokyo,5970,10863,0.9329,Clear,4.7,85.36,Textiles,Sea,0,25.1,2024-05-22 02:24:00,25.1,Mersin
SC-35849,2024-05-23,Dubai,Tokyo,6168,7022,0.6761,Clear,1.8,84.97,Textiles,Sea,0,16.3,2024-06-08 07:12:00,16.3,Barcelona
SC-41860,2024-07-18,Marsilya,Atina,9311,2016,0.7236,Fog,3.7,102.27,Chemicals,Sea,0,4.7,2024-07-22 16:48:00,4.7,New York
SC-41585,2024-06-05,Mersin,Barcelona,5245,7734,0.6904,Clear,1.4,109.05,Electronics,Sea,0,17.9,2024-06-22 21:36:00,17.9,Atina
SC-32015,2024-12-13,Ambarli,Rotterdam,5546,4873,0.5603,Clear,1.8,95.15,Electronics,Sea,0,11.3,2024-12-24 07:12:00,11.3,Trieste
SC-87539,2024-05-13,Rotterdam,Trieste,14757,9765,0.9952,Rain,3.0,81.88,Auto Parts,Sea,1,29.4,2024-06-11 09:36:00,29.4,Trieste
SC-53585,2024-05-27,Ningbo,Ambarli,9441,7149,0.9129,Clear,3.8,95.37,Machinery,Sea,0,16.5,2024-06-12 12:00:00,16.5,Ambarli
SC-36958,2024-12-01,Atina,Atina,8468,7311,0.7705,Rain,4.4,110.48,Machinery,Sea,0,16.9,2024-12-17 21:36:00,16.9,Singapore
SC-36017,2024-03-11,Mersin,Atina,5485,4484,0.7382,Clear,4.0,85.56,Chemicals,Sea,0,10.4,2024-03-21 09:36:00,10.4,Jebel Ali
SC-86707,2024-08-20,Barcelona,Singapore,8478,8322,0.8246,Clear,1.1,130.11,Textiles,Sea,0,19.3,2024-09-08 07:12:00,19.3,Jebel Ali
SC-55350,2024-11-29,Singapore,Barcelona,6393,10807,0.6632,Clear,3.7,118.65,Chemicals,Sea,0,25.0,2024-12-24 00:00:00,25.0,Mersin
SC-22201,2024-10-25,Ningbo,Dubai,8801,8777,0.5251,Clear,4.3,110.41,Electronics,Sea,0,20.3,2024-11-14 07:12:00,20.3,İzmir
SC-39426,2024-06-02,Antwerp,Valencia,5750,5205,0.7022,Rain,3.1,116.31,Auto Parts,Sea,0,12.0,2024-06-14 00:00:00,12.0,Ambarli
SC-27778,2024-03-30,İzmir,New York,6704,6407,0.992,Rain,4.9,125.91,Machinery,Sea,0,14.8,2024-04-13 19:12:00,14.8,Atina
SC-55241,2024-11-29,İzmir,Dubai,9690,5807,0.5912,Rain,1.0,149.64,Textiles,Sea,0,13.4,2024-12-12 09:36:00,13.4,Tanger Med
SC-52229,2024-07-17,Dubai,Felixstowe,15978,10716,0.7639,Clear,4.3,134.26,Machinery,Sea,0,24.8,2024-08-10 19:12:00,24.8,Barcelona
SC-96652,2024-06-09,Ningbo,Los Angeles,5414,5173,0.5043,Clear,2.3,117.83,Electronics,Sea,1,15.6,2024-06-24 14:24:00,15.6,Marsaxlokk
SC-58364,2024-01-26,Ningbo,Hamburg,3998,3473,0.561,Clear,3.6,133.94,Textiles,Sea,0,8.0,2024-02-03 00:00:00,8.0,Marsaxlokk
SC-94878,2024-04-30,Rotterdam,Hamburg,9235,5338,0.7936,Clear,3.8,113.27,Electronics,Sea,0,12.4,2024-05-12 09:36:00,12.4,Dubai
SC-67056,2024-10-27,Felixstowe,Tokyo,3679,6557,0.6487,Clear,2.2,101.76,Machinery,Sea,0,15.2,2024-11-11 04:48:00,15.2,New York
SC-37490,2024-07-30,Felixstowe,New York,4543,4412,0.9528,Rain,5.0,98.34,Machinery,Sea,0,10.2,2024-08-09 04:48:00,10.2,Ambarli
SC-29975,2024-03-03,Singapore,İzmir,15266,4151,0.7031,Clear,1.4,107.96,Electronics,Sea,0,9.6,2024-03-12 14:24:00,9.6,Trieste
SC-36723,2024-03-08,Barcelona,Ambarli,9881,5182,0.604,Clear,1.6,80.16,Textiles,Sea,0,12.0,2024-03-20 00:00:00,12.0,Marsaxlokk
SC-33279,2024-09-09,Singapore,Dubai,8135,10619,0.7728,Rain,4.6,92.39,Electronics,Sea,0,24.6,2024-10-03 14:24:00,24.6,Barcelona
SC-88301,2024-01-02,Hamburg,Hamburg,12397,10162,0.8975,Clear,1.5,88.86,Textiles,Sea,0,23.5,2024-01-25 12:00:00,23.5,Mersin
SC-21561,2024-04-17,Antwerp,Rotterdam,15070,6564,0.5097,Clear,2.5,147.22,Chemicals,Sea,0,15.2,2024-05-02 04:48:00,15.2,Ambarli
SC-76061,2024-10-12,Trieste,Mersin,13047,3014,0.7528,Clear,3.9,84.54,Chemicals,Sea,0,7.0,2024-10-19 00:00:00,7.0,Trieste
SC-98397,2024-02-18,Trieste,Trieste,9390,3604,0.8867,Fog,4.2,115.07,Textiles,Sea,1,10.8,2024-02-28 19:12:00,10.8,Mersin
SC-59153,2024-05-19,Dubai,Marsilya,14402,2869,0.5518,Clear,4.8,144.38,Electronics,Sea,0,6.6,2024-05-25 14:24:00,6.6,Piraeus
SC-43142,2024-08-05,Rotterdam,Rotterdam,2892,8913,0.9514,Clear,4.2,122.53,Textiles,Sea,0,20.6,2024-08-25 14:24:00,20.6,İzmir
SC-36916,2024-02-13,Shanghai,İzmir,5957,4727,0.6323,Fog,4.4,114.67,Machinery,Sea,0,10.9,2024-02-23 21:36:00,10.9,New York
SC-74324,2024-09-25,Ningbo,Trieste,6566,4852,0.5853,Fog,4.8,132.01,Electronics,Sea,0,11.2,2024-10-06 04:48:00,11.2,Singapore
SC-54965,2024-03-18,İzmir,Los Angeles,7450,11077,0.7946,Rain,3.2,104.74,Textiles,Sea,0,25.6,2024-04-12 14:24:00,25.6,İzmir
SC-14648,2024-08-03,Shanghai,Ambarli,7621,4608,0.5875,Clear,2.4,93.56,Machinery,Sea,0,10.7,2024-08-13 16:48:00,10.7,Marsaxlokk
SC-45133,2024-04-07,Singapore,Ambarli,13389,3273,0.8399,Rain,4.0,139.31,Auto Parts,Sea,0,7.6,2024-04-14 14:24:00,7.6,New York
SC-60677,2024-08-23,Felixstowe,Felixstowe,9523,9649,0.7451,Clear,1.7,83.96,Machinery,Sea,0,22.3,2024-09-14 07:12:00,22.3,Singapore
SC-80135,2024-10-08,Marsilya,Tokyo,8028,3955,0.555,Clear,1.3,136.55,Textiles,Sea,0,9.2,2024-10-17 04:48:00,9.2,New York
SC-45046,2024-05-28,Tokyo,Hamburg,12078,10778,0.9562,Clear,4.1,87.24,Electronics,Sea,0,24.9,2024-06-21 21:36:00,24.9,Ambarli
SC-57064,2024-10-30,Busan,Barcelona,3728,10392,0.8366,Rain,4.8,123.79,Electronics,Sea,0,24.1,2024-11-23 02:24:00,24.1,Singapore
SC-79350,2024-03-06,Ambarli,Ambarli,2997,6549,0.773,Clear,2.8,113.39,Chemicals,Sea,1,19.7,2024-03-25 16:48:00,19.7,Tanger Med
SC-55893,2024-08-21,Felixstowe,Ningbo,9404,11017,0.6872,Clear,1.6,149.9,Textiles,Sea,0,25.5,2024-09-15 12:00:00,25.5,Piraeus
SC-71272,2024-03-27,Ningbo,Shanghai,9434,10302,0.5674,Clear,3.0,107.15,Machinery,Sea,0,23.8,2024-04-19 19:12:00,23.8,Singapore
SC-77649,2024-03-19,Tokyo,Los Angeles,6043,10100,0.8538,Clear,2.6,147.01,Machinery,Sea,0,23.4,2024-04-11 09:36:00,23.4,Trieste
SC-74674,2024-07-23,Atina,Marsilya,7831,4911,0.9068,Clear,2.5,108.26,Textiles,Sea,0,11.4,2024-08-03 09:36:00,11.4,Dubai
SC-23760,2024-10-05,Ningbo,Dubai,3889,11099,0.5629,Clear,3.5,127.72,Machinery,Sea,0,25.7,2024-10-30 16:48:00,25.7,Mersin
SC-31927,2024-12-02,Felixstowe,Atina,7276,7868,0.7473,Rain,1.7,125.06,Auto Parts,Sea,0,18.2,2024-12-20 04:48:00,18.2,Jebel Ali
SC-96475,2024-09-10,Marsilya,Mersin,8664,7663,0.7424,Clear,2.5,86.05,Chemicals,Sea,0,17.7,2024-09-27 16:48:00,17.7,Ambarli
SC-71367,2024-10-30,Marsilya,Dubai,4719,2554,0.675,Rain,4.5,132.04,Electronics,Sea,0,5.9,2024-11-04 21:36:00,5.9,Piraeus
SC-22588,2024-05-09,Shanghai,Rotterdam,5597,10298,0.8947,Clear,3.9,94.61,Machinery,Sea,0,23.8,2024-06-01 19:12:00,23.8,Trieste
SC-62233,2024-03-24,Dubai,Barcelona,3312,5336,0.5498,Clear,1.2,107.19,Auto Parts,Sea,0,12.4,2024-04-05 09:36:00,12.4,Atina
SC-54738,2024-10-02,Barcelona,Los Angeles,10388,8369,0.6025,Clear,3.1,134.75,Textiles,Sea,0,19.4,2024-10-21 09:36:00,19.4,Barcelona
SC-43397,2024-07-05,New York,Valencia,4531,4534,0.5008,Rain,1.4,146.1,Machinery,Sea,0,10.5,2024-07-15 12:00:00,10.5,Jebel Ali
SC-92189,2024-02-15,Busan,Antwerp,2818,4226,0.6865,Clear,4.8,119.19,Textiles,Sea,0,9.8,2024-02-24 19:12:00,9.8,Ambarli
SC-86367,2024-07-01,Hamburg,Trieste,4368,5293,0.6456,Clear,2.0,116.36,Auto Parts,Sea,0,12.3,2024-07-13 07:12:00,12.3,Ambarli
SC-81260,2024-09-24,Ambarli,Hamburg,7047,11585,0.9335,Clear,4.7,115.34,Auto Parts,Sea,0,26.8,2024-10-20 19:12:00,26.8,Atina
SC-86619,2024-10-22,Felixstowe,Los Angeles,6709,2166,0.8729,Storm,4.3,137.16,Electronics,Sea,1,6.5,2024-10-28 12:00:00,6.5,Singapore
SC-29816,2024-11-17,New York,New York,12377,5624,0.5422,Clear,3.2,149.52,Textiles,Sea,0,13.0,2024-11-30 00:00:00,13.0,İzmir
SC-52240,2024-04-09,Marsilya,Ambarli,2697,4347,0.8705,Clear,2.3,124.35,Chemicals,Sea,0,10.1,2024-04-19 02:24:00,10.1,Tanger Med
SC-16276,2024-03-18,Shanghai,Busan,19075,3404,0.8377,Fog,4.4,106.5,Electronics,Sea,1,10.2,2024-03-28 04:48:00,10.2,Singapore
SC-89530,2024-09-28,Dubai,Busan,8569,8178,0.6409,Rain,1.6,95.31,Textiles,Sea,0,18.9,2024-10-16 21:36:00,18.9,Barcelona
SC-33499,2024-12-04,Singapore,Felixstowe,13825,11717,0.5077,Clear,1.7,93.92,Textiles,Sea,0,27.1,2024-12-31 02:24:00,27.1,İzmir
SC-98576,2024-06-10,Barcelona,Rotterdam,17532,4774,0.5576,Clear,1.9,139.93,Auto Parts,Sea,0,11.1,2024-06-21 02:24:00,11.1,Piraeus
SC-92495,2024-02-13,Mersin,Ningbo,3276,11017,0.625,Clear,3.4,149.46,Auto Parts,Sea,0,25.5,2024-03-09 12:00:00,25.5,Tanger Med
SC-81635,2024-08-25,Atina,Ningbo,3212,11316,0.9083,Rain,2.3,128.86,Textiles,Sea,0,26.2,2024-09-20 04:48:00,26.2,New York
SC-95112,2024-05-13,Dubai,Marsilya,9117,10760,0.7327,Clear,5.0,146.91,Auto Parts,Sea,0,24.9,2024-06-06 21:36:00,24.9,Dubai
SC-45946,2024-07-10,Los Angeles,Valencia,3510,5739,0.9592,Rain,1.8,104.5,Textiles,Sea,0,13.3,2024-07-23 07:12:00,13.3,Jebel Ali
SC-65204,2024-12-21,Busan,Ningbo,12661,10018,0.8946,Fog,4.2,123.93,Textiles,Sea,0,23.2,2025-01-13 04:48:00,23.2,New York
SC-61886,2024-10-04,Barcelona,Shanghai,8593,6464,0.6436,Storm,1.4,115.82,Electronics,Sea,1,19.5,2024-10-23 12:00:00,19.5,Marsaxlokk
SC-81652,2024-01-18,Felixstowe,Mersin,7013,9741,0.9227,Fog,2.4,113.74,Electronics,Sea,0,22.5,2024-02-09 12:00:00,22.5,Barcelona
SC-25563,2024-01-12,Tokyo,Valencia,8296,9636,0.5584,Clear,2.0,124.27,Chemicals,Sea,0,22.3,2024-02-03 07:12:00,22.3,Trieste
SC-19847,2024-06-28,Shanghai,Tokyo,5568,10020,0.5181,Clear,4.9,101.72,Electronics,Sea,0,23.2,2024-07-21 04:48:00,23.2,Barcelona
SC-36155,2024-05-02,Hamburg,Dubai,9130,9288,0.8043,Clear,1.1,124.84,Machinery,Sea,0,21.5,2024-05-23 12:00:00,21.5,Tanger Med
SC-89671,2024-09-02,Trieste,Ningbo,9520,6094,0.6709,Clear,3.9,127.1,Machinery,Sea,0,14.1,2024-09-16 02:24:00,14.1,Atina
SC-93310,2024-08-09,New York,Rotterdam,4284,4930,0.6647,Clear,2.0,138.53,Auto Parts,Sea,0,11.4,2024-08-20 09:36:00,11.4,Dubai
SC-77278,2024-02-20,Singapore,Dubai,9131,2763,0.8436,Clear,4.2,131.13,Machinery,Sea,0,6.4,2024-02-26 09:36:00,6.4,Marsaxlokk
SC-28309,2024-03-11,Dubai,Felixstowe,8069,5450,0.9251,Fog,2.2,102.38,Electronics,Sea,0,12.6,2024-03-23 14:24:00,12.6,Mersin
SC-10619,2024-02-17,Singapore,Dubai,9421,5395,0.6611,Fog,1.7,111.56,Chemicals,Sea,1,16.2,2024-03-04 04:48:00,16.2,Ambarli
SC-93194,2024-01-19,Barcelona,Busan,14407,5719,0.6625,Clear,3.8,88.43,Textiles,Sea,0,13.2,2024-02-01 04:48:00,13.2,Atina
SC-60108,2024-09-18,Tokyo,Los Angeles,6360,6801,0.7669,Clear,2.0,98.01,Chemicals,Sea,0,15.7,2024-10-03 16:48:00,15.7,Mersin
SC-44707,2024-03-24,Felixstowe,Ningbo,8331,10412,0.8266,Clear,2.9,116.47,Electronics,Sea,0,24.1,2024-04-17 02:24:00,24.1,Dubai
SC-30337,2024-06-03,Dubai,Hamburg,13013,3861,0.6015,Rain,1.5,87.05,Electronics,Sea,0,8.9,2024-06-11 21:36:00,8.9,Tanger Med
SC-91537,2024-02-22,Felixstowe,Shanghai,3374,11213,0.9563,Clear,3.9,119.94,Electronics,Sea,0,26.0,2024-03-19 00:00:00,26.0,Jebel Ali
SC-76504,2024-04-16,Trieste,Trieste,2576,2109,0.8272,Storm,2.6,107.32,Auto Parts,Sea,1,6.3,2024-04-22 07:12:00,6.3,Trieste
SC-57614,2024-12-22,Rotterdam,Hamburg,3945,8549,0.8126,Rain,1.6,82.43,Machinery,Sea,0,19.8,2025-01-10 19:12:00,19.8,Mersin
SC-10281,2024-10-30,Antwerp,Ambarli,4712,10890,0.9521,Fog,4.0,110.41,Electronics,Sea,1,32.8,2024-12-01 19:12:00,32.8,Dubai
SC-37420,2024-05-14,Trieste,Los Angeles,10005,7529,0.9536,Rain,1.4,99.68,Textiles,Sea,0,17.4,2024-05-31 09:36:00,17.4,Barcelona
SC-90896,2024-03-09,Ningbo,Busan,8069,10299,0.5678,Rain,3.3,84.69,Machinery,Sea,0,23.8,2024-04-01 19:12:00,23.8,Trieste
SC-49030,2024-01-11,İzmir,Singapore,8437,10580,0.5725,Rain,3.4,100.54,Machinery,Sea,0,24.5,2024-02-04 12:00:00,24.5,Trieste
SC-11058,2024-05-22,Dubai,Valencia,19011,10616,0.881,Clear,4.7,100.59,Auto Parts,Sea,0,24.6,2024-06-15 14:24:00,24.6,Piraeus
SC-96213,2024-07-10,Rotterdam,İzmir,4344,4494,0.9784,Clear,1.6,104.86,Chemicals,Sea,0,10.4,2024-07-20 09:36:00,10.4,Singapore
SC-86260,2024-03-09,Valencia,Ambarli,5318,9732,0.8333,Rain,3.6,105.65,Machinery,Sea,0,22.5,2024-03-31 12:00:00,22.5,İzmir
SC-38404,2024-01-23,Los Angeles,Marsilya,8298,7759,0.7057,Clear,2.5,110.08,Machinery,Sea,0,18.0,2024-02-10 00:00:00,18.0,Atina
SC-39856,2024-06-29,Shanghai,Valencia,7736,3527,0.8417,Clear,2.6,86.44,Electronics,Sea,0,8.2,2024-07-07 04:48:00,8.2,Piraeus
SC-19200,2024-10-19,Ambarli,Ambarli,7453,4026,0.6144,Rain,3.0,80.37,Textiles,Sea,0,9.3,2024-10-28 07:12:00,9.3,Tanger Med
SC-74178,2024-01-09,Marsilya,Shanghai,8904,3855,0.999,Rain,1.9,131.52,Electronics,Sea,0,8.9,2024-01-17 21:36:00,8.9,İzmir
SC-43997,2024-09-27,Dubai,Mersin,7040,10638,0.7155,Clear,2.8,103.61,Textiles,Sea,0,24.6,2024-10-21 14:24:00,24.6,İzmir
SC-35611,2024-04-02,Ambarli,Busan,7017,3597,0.9658,Clear,3.7,122.95,Machinery,Sea,0,8.3,2024-04-10 07:12:00,8.3,Piraeus
SC-51235,2024-01-17,Barcelona,Dubai,4252,10401,0.7154,Clear,2.8,101.49,Textiles,Sea,0,24.1,2024-02-10 02:24:00,24.1,Mersin
SC-45057,2024-06-02,Ambarli,Tokyo,9525,2848,0.9641,Clear,1.2,148.89,Electronics,Sea,0,6.6,2024-06-08 14:24:00,6.6,Ambarli
SC-11239,2024-11-23,Ambarli,Dubai,7237,7958,0.6678,Fog,2.0,102.08,Electronics,Sea,1,23.9,2024-12-16 21:36:00,23.9,Jebel Ali
SC-75661,2024-05-28,New York,Marsilya,9212,11843,0.8803,Clear,2.4,122.35,Chemicals,Sea,0,27.4,2024-06-24 09:36:00,27.4,Singapore
SC-55272,2024-09-23,Dubai,Rotterdam,13577,5529,0.9755,Storm,2.4,95.4,Auto Parts,Sea,0,12.8,2024-10-05 19:12:00,12.8,Ambarli
SC-99393,2024-11-23,Dubai,Felixstowe,9947,3918,0.823,Clear,1.3,116.25,Chemicals,Sea,0,9.1,2024-12-02 02:24:00,9.1,İzmir
SC-71212,2024-04-15,Antwerp,Hamburg,7278,10768,0.8388,Clear,2.8,120.55,Machinery,Sea,0,24.9,2024-05-09 21:36:00,24.9,Tanger Med
SC-25398,2024-02-04,Atina,Rotterdam,6283,7761,0.5514,Rain,3.8,92.8,Textiles,Sea,0,18.0,2024-02-22 00:00:00,18.0,Tanger Med
SC-66503,2024-04-28,Valencia,Rotterdam,4068,2688,0.7371,Clear,1.2,88.66,Electronics,Sea,0,6.2,2024-05-04 04:48:00,6.2,New York
SC-16638,2024-01-14,Tokyo,Dubai,2937,10981,0.9434,Clear,4.0,148.15,Electronics,Sea,0,25.4,2024-02-08 09:36:00,25.4,Singapore
SC-16570,2024-01-14,Trieste,Barcelona,6474,8306,0.6205,Hurricane,4.8,142.53,Electronics,Sea,1,25.0,2024-02-08 00:00:00,25.0,New York
SC-78785,2024-09-22,Dubai,Barcelona,4868,7072,0.8942,Rain,1.0,126.2,Electronics,Sea,0,16.4,2024-10-08 09:36:00,16.4,Jebel Ali
SC-19110,2024-05-19,Singapore,Busan,6963,3355,0.8379,Clear,1.8,140.27,Machinery,Sea,0,7.8,2024-05-26 19:12:00,7.8,Tanger Med
SC-89141,2024-10-20,Barcelona,İzmir,4591,3687,0.6115,Clear,3.2,86.69,Auto Parts,Sea,0,8.5,2024-10-28 12:00:00,8.5,Singapore
SC-22115,2024-12-29,Hamburg,Valencia,6695,10541,0.6414,Clear,1.9,131.06,Chemicals,Sea,0,24.4,2025-01-22 09:36:00,24.4,Barcelona
SC-49062,2024-04-28,Barcelona,Trieste,6309,11321,0.7138,Storm,4.1,99.99,Chemicals,Sea,0,26.2,2024-05-24 04:48:00,26.2,İzmir
SC-32911,2024-08-25,Marsilya,Dubai,14079,6350,0.5626,Rain,2.2,117.76,Electronics,Sea,0,14.7,2024-09-08 16:48:00,14.7,Atina
SC-42556,2024-02-03,Atina,Felixstowe,3693,8501,0.9567,Clear,2.2,133.54,Electronics,Sea,0,19.7,2024-02-22 16:48:00,19.7,Singapore
SC-88131,2024-06-17,Barcelona,Singapore,4938,8086,0.8697,Clear,1.0,82.34,Textiles,Sea,0,18.7,2024-07-05 16:48:00,18.7,Ambarli
SC-11969,2024-01-10,Busan,Los Angeles,4131,6208,0.6825,Rain,2.1,128.64,Electronics,Sea,0,14.4,2024-01-24 09:36:00,14.4,Trieste
SC-53753,2024-05-01,New York,Hamburg,9191,8667,0.6498,Clear,1.9,110.44,Chemicals,Sea,1,26.1,2024-05-27 02:24:00,26.1,Piraeus
SC-92811,2024-05-24,Tokyo,Atina,10818,2990,0.8448,Fog,2.4,110.78,Textiles,Sea,0,6.9,2024-05-30 21:36:00,6.9,Piraeus
SC-14470,2024-08-10,Singapore,Ambarli,6057,7290,0.7121,Hurricane,1.6,143.51,Textiles,Sea,1,21.9,2024-08-31 21:36:00,21.9,Marsaxlokk
SC-20225,2024-09-13,Hamburg,Rotterdam,2676,3376,0.6147,Fog,3.4,140.18,Electronics,Sea,1,10.2,2024-09-23 04:48:00,10.2,Ambarli
SC-33196,2024-09-24,Felixstowe,Dubai,10138,11418,0.7151,Rain,2.0,84.03,Textiles,Sea,1,34.4,2024-10-28 09:36:00,34.4,Jebel Ali
SC-23669,2024-12-24,Mersin,Valencia,2728,9247,0.9356,Clear,4.3,123.28,Auto Parts,Sea,0,21.4,2025-01-14 09:36:00,21.4,New York
SC-47380,2024-01-04,New York,Busan,6345,9202,0.5343,Clear,2.1,110.51,Electronics,Sea,0,21.3,2024-01-25 07:12:00,21.3,Singapore
SC-58320,2024-12-19,Barcelona,Tokyo,7751,10755,0.6842,Rain,1.8,88.25,Auto Parts,Sea,0,24.9,2025-01-12 21:36:00,24.9,Trieste
SC-57414,2024-04-15,Tokyo,Trieste,7533,8304,0.9812,Clear,1.2,139.57,Electronics,Sea,0,19.2,2024-05-04 04:48:00,19.2,Atina
SC-25577,2024-03-25,Felixstowe,Felixstowe,7111,4887,0.5074,Clear,4.0,85.01,Auto Parts,Sea,0,11.3,2024-04-05 07:12:00,11.3,Marsaxlokk
SC-98009,2024-08-01,Antwerp,Rotterdam,11079,8681,0.9453,Clear,3.0,82.25,Electronics,Sea,0,20.1,2024-08-21 02:24:00,20.1,Barcelona
SC-65409,2024-04-30,Dubai,İzmir,13994,9613,0.6874,Clear,1.5,93.83,Chemicals,Sea,0,22.3,2024-05-22 07:12:00,22.3,Trieste
SC-38625,2024-05-11,Singapore,Dubai,3291,3340,0.5948,Clear,1.9,101.24,Electronics,Sea,0,7.7,2024-05-18 16:48:00,7.7,Tanger Med
SC-91040,2024-12-03,Los Angeles,Busan,9124,9972,0.5075,Rain,5.0,84.26,Chemicals,Sea,0,23.1,2024-12-26 02:24:00,23.1,Piraeus
SC-34089,2024-07-15,Valencia,Tokyo,3712,11629,0.5353,Clear,4.2,124.89,Machinery,Sea,0,26.9,2024-08-10 21:36:00,26.9,Piraeus
SC-46487,2024-01-19,Tokyo,Felixstowe,6326,2094,0.5859,Clear,2.4,110.6,Machinery,Sea,0,4.8,2024-01-23 19:12:00,4.8,İzmir
SC-75838,2024-05-09,Barcelona,Ambarli,16386,5296,0.5127,Clear,3.2,108.85,Electronics,Sea,0,12.3,2024-05-21 07:12:00,12.3,Piraeus
SC-60138,2024-01-12,İzmir,Rotterdam,7038,7898,0.6679,Clear,2.7,90.17,Chemicals,Sea,0,18.3,2024-01-30 07:12:00,18.3,Marsaxlokk
SC-52823,2024-03-21,Barcelona,Busan,6380,11140,0.5224,Fog,1.1,110.65,Chemicals,Sea,1,33.5,2024-04-23 12:00:00,33.5,Trieste
SC-47208,2024-11-25,Rotterdam,Antwerp,7586,4692,0.8461,Clear,4.1,107.31,Textiles,Sea,0,10.9,2024-12-05 21:36:00,10.9,Marsaxlokk
SC-64061,2024-12-19,Atina,New York,3371,6161,0.9095,Clear,3.9,106.85,Textiles,Sea,0,14.3,2025-01-02 07:12:00,14.3,Barcelona
SC-40659,2024-09-18,Trieste,Rotterdam,6701,10126,0.9437,Clear,2.6,95.3,Auto Parts,Sea,0,23.4,2024-10-11 09:36:00,23.4,Atina
SC-41890,2024-05-04,Trieste,Valencia,9490,5281,0.7746,Storm,4.4,86.61,Textiles,Sea,0,12.2,2024-05-16 04:48:00,12.2,Ambarli
SC-89134,2024-11-02,Dubai,New York,4705,3497,0.9733,Clear,3.1,98.25,Electronics,Sea,0,8.1,2024-11-10 02:24:00,8.1,Barcelona
SC-57055,2024-09-23,Dubai,Mersin,9877,9053,0.5028,Clear,1.3,126.71,Textiles,Sea,0,21.0,2024-10-14 00:00:00,21.0,Trieste
SC-29508,2024-05-19,Valencia,İzmir,6167,8714,0.567,Clear,2.0,85.1,Textiles,Sea,0,20.2,2024-06-08 04:48:00,20.2,Marsaxlokk
SC-52287,2024-11-24,Felixstowe,Ambarli,5640,9657,0.6466,Clear,2.8,106.76,Electronics,Sea,0,22.4,2024-12-16 09:36:00,22.4,Trieste
SC-88916,2024-01-02,İzmir,Ningbo,8482,10003,0.8945,Clear,1.4,116.01,Electronics,Sea,0,23.2,2024-01-25 04:48:00,23.2,Trieste
SC-36984,2024-01-08,Mersin,Mersin,5037,9691,0.9427,Rain,3.3,147.42,Auto Parts,Sea,0,22.4,2024-01-30 09:36:00,22.4,İzmir
SC-18125,2024-09-06,Barcelona,Felixstowe,5787,10106,0.8091,Clear,1.5,139.07,Chemicals,Sea,0,23.4,2024-09-29 09:36:00,23.4,Piraeus
SC-46059,2024-05-18,Antwerp,Dubai,8360,2201,0.6916,Rain,1.8,144.16,Textiles,Sea,0,5.1,2024-05-23 02:24:00,5.1,Jebel Ali
SC-79569,2024-05-03,Rotterdam,Tokyo,4653,3498,0.8329,Clear,4.6,137.4,Machinery,Sea,0,8.1,2024-05-11 02:24:00,8.1,Ambarli
SC-27087,2024-11-04,Los Angeles,Busan,9739,5086,0.5904,Clear,5.0,121.24,Chemicals,Sea,0,11.8,2024-11-15 19:12:00,11.8,Ambarli
SC-15704,2024-08-15,Dubai,Atina,6663,4590,0.7289,Rain,3.2,140.26,Electronics,Sea,0,10.6,2024-08-25 14:24:00,10.6,Marsaxlokk
SC-70576,2024-01-10,Shanghai,Ningbo,5068,9125,0.7538,Clear,3.5,119.57,Textiles,Sea,0,21.1,2024-01-31 02:24:00,21.1,Singapore
SC-83384,2024-07-30,Ambarli,Felixstowe,8315,9860,0.5524,Rain,4.2,105.04,Auto Parts,Sea,0,22.8,2024-08-21 19:12:00,22.8,Singapore
SC-97128,2024-04-21,Tokyo,Ambarli,2713,7408,0.5169,Rain,3.8,106.06,Machinery,Sea,0,17.1,2024-05-08 02:24:00,17.1,Singapore
SC-82460,2024-01-08,Busan,Atina,9768,3948,0.8751,Storm,1.7,119.58,Chemicals,Sea,1,11.9,2024-01-19 21:36:00,11.9,Piraeus
SC-37208,2024-10-18,Shanghai,Rotterdam,7273,5963,0.7674,Clear,2.6,136.66,Textiles,Sea,0,13.8,2024-10-31 19:12:00,13.8,Marsaxlokk
SC-95150,2024-12-27,Ambarli,Barcelona,8732,2693,0.6661,Clear,3.1,89.36,Electronics,Sea,0,6.2,2025-01-02 04:48:00,6.2,Piraeus
SC-76024,2024-09-09,Dubai,Rotterdam,5855,11911,0.7186,Clear,2.4,82.75,Chemicals,Sea,0,27.6,2024-10-06 14:24:00,27.6,İzmir
SC-49882,2024-01-14,Tokyo,Rotterdam,12470,7363,0.9789,Clear,1.7,135.27,Machinery,Sea,0,17.0,2024-01-31 00:00:00,17.0,Jebel Ali
SC-35923,2024-08-27,İzmir,Busan,4646,7887,0.6925,Clear,3.9,125.33,Electronics,Sea,0,18.3,2024-09-14 07:12:00,18.3,Marsaxlokk
SC-39165,2024-08-29,Singapore,Mersin,7155,9734,0.5517,Clear,1.8,137.49,Machinery,Sea,0,22.5,2024-09-20 12:00:00,22.5,New York
SC-77203,2024-12-07,Los Angeles,Busan,4948,11913,0.7318,Clear,2.0,148.37,Textiles,Sea,0,27.6,2025-01-03 14:24:00,27.6,İzmir
SC-14114,2024-05-28,Ambarli,Hamburg,8331,7717,0.824,Clear,2.1,97.6,Chemicals,Sea,0,17.9,2024-06-14 21:36:00,17.9,Marsaxlokk
SC-74965,2024-08-23,Busan,Trieste,8443,7293,0.5061,Rain,1.6,93.6,Auto Parts,Sea,0,16.9,2024-09-08 21:36:00,16.9,İzmir
SC-46321,2024-11-01,Atina,Felixstowe,2588,6051,0.6662,Rain,4.4,103.87,Textiles,Sea,0,14.0,2024-11-15 00:00:00,14.0,Barcelona
SC-83297,2024-06-15,Ambarli,Tokyo,8025,4291,0.6968,Clear,3.4,141.46,Textiles,Sea,0,9.9,2024-06-24 21:36:00,9.9,Jebel Ali
SC-35426,2024-01-20,Singapore,Hamburg,19277,4698,0.7319,Rain,4.3,80.98,Auto Parts,Sea,0,10.9,2024-01-30 21:36:00,10.9,New York
SC-27772,2024-08-03,İzmir,New York,7048,11202,0.6508,Clear,3.0,80.74,Auto Parts,Sea,0,25.9,2024-08-28 21:36:00,25.9,Mersin
SC-13712,2024-12-08,Ningbo,Trieste,12382,3041,0.8335,Clear,3.1,95.18,Electronics,Sea,0,7.0,2024-12-15 00:00:00,7.0,İzmir
SC-11367,2024-05-14,Tokyo,New York,7510,3557,0.9724,Clear,3.5,106.31,Machinery,Sea,0,8.2,2024-05-22 04:48:00,8.2,Dubai
SC-61924,2024-05-08,Hamburg,Valencia,7515,3207,0.957,Rain,2.5,101.16,Textiles,Sea,0,7.4,2024-05-15 09:36:00,7.4,Barcelona
SC-13726,2024-10-20,Shanghai,Trieste,8216,11872,0.8322,Clear,3.0,137.74,Electronics,Sea,0,27.5,2024-11-16 12:00:00,27.5,Atina
SC-99152,2024-09-02,Ambarli,Ningbo,3414,5621,0.7534,Clear,3.2,128.28,Electronics,Sea,0,13.0,2024-09-15 00:00:00,13.0,Barcelona
SC-37723,2024-07-07,Rotterdam,Tokyo,8731,5352,0.9129,Storm,4.8,138.65,Textiles,Sea,1,16.1,2024-07-23 02:24:00,16.1,Marsaxlokk
SC-19108,2024-02-13,Trieste,Trieste,9784,9455,0.918,Clear,4.5,106.86,Machinery,Sea,0,21.9,2024-03-05 21:36:00,21.9,Piraeus
SC-87714,2024-03-26,Felixstowe,Trieste,9233,3678,0.9148,Fog,1.5,121.71,Auto Parts,Sea,0,8.5,2024-04-03 12:00:00,8.5,Tanger Med
SC-45643,2024-02-13,Dubai,Tokyo,5743,10972,0.5789,Clear,1.2,116.08,Textiles,Sea,0,25.4,2024-03-09 09:36:00,25.4,Dubai
SC-41324,2024-11-25,Busan,Busan,9335,8752,0.5127,Rain,3.7,113.23,Machinery,Sea,1,26.3,2024-12-21 07:12:00,26.3,Atina
SC-93360,2024-05-24,Rotterdam,Tokyo,7548,2945,0.9916,Clear,1.2,100.17,Auto Parts,Sea,0,6.8,2024-05-30 19:12:00,6.8,Mersin
SC-18927,2024-02-20,Dubai,Dubai,7551,5428,0.9798,Rain,1.2,129.65,Chemicals,Sea,0,12.6,2024-03-03 14:24:00,12.6,Singapore
SC-32443,2024-08-29,Ambarli,Antwerp,5109,9973,0.7822,Storm,1.6,116.68,Textiles,Sea,0,23.1,2024-09-21 02:24:00,23.1,Tanger Med
SC-89973,2024-10-20,Dubai,Rotterdam,19863,9168,0.9965,Rain,2.4,85.5,Textiles,Sea,0,21.2,2024-11-10 04:48:00,21.2,New York
SC-73449,2024-02-20,Valencia,Dubai,7725,10739,0.8853,Clear,2.7,80.04,Machinery,Sea,0,24.9,2024-03-15 21:36:00,24.9,Trieste
SC-86743,2024-09-22,Marsilya,Shanghai,10418,4984,0.7587,Rain,3.1,81.42,Electronics,Sea,0,11.5,2024-10-03 12:00:00,11.5,Tanger Med
SC-70233,2024-04-29,Singapore,Shanghai,19018,4590,0.6947,Rain,5.0,85.32,Electronics,Sea,0,10.6,2024-05-09 14:24:00,10.6,New York
SC-35537,2024-07-18,Tokyo,Mersin,4583,3797,0.7964,Clear,2.5,105.97,Machinery,Sea,0,8.8,2024-07-26 19:12:00,8.8,İzmir
SC-87576,2024-09-04,Barcelona,Dubai,13385,7043,0.7579,Fog,2.0,101.4,Textiles,Sea,1,21.2,2024-09-25 04:48:00,21.2,New York
SC-32612,2024-03-10,Busan,Hamburg,12291,4257,0.9969,Clear,3.3,90.96,Textiles,Sea,0,9.9,2024-03-19 21:36:00,9.9,Jebel Ali
SC-16471,2024-12-06,Los Angeles,Valencia,8231,4197,0.7452,Clear,1.9,116.08,Textiles,Sea,0,9.7,2024-12-15 16:48:00,9.7,Piraeus
SC-45631,2024-02-26,Shanghai,Trieste,7070,10222,0.918,Clear,4.8,147.91,Chemicals,Sea,0,23.7,2024-03-20 16:48:00,23.7,Trieste
SC-41348,2024-02-08,Ambarli,Hamburg,4317,10803,0.9068,Clear,2.0,91.25,Electronics,Sea,0,25.0,2024-03-04 00:00:00,25.0,Jebel Ali
SC-74732,2024-10-15,Rotterdam,Rotterdam,5486,6397,0.5357,Clear,5.0,97.54,Chemicals,Sea,0,14.8,2024-10-29 19:12:00,14.8,Marsaxlokk
SC-11177,2024-01-18,Valencia,Shanghai,5251,4912,0.5435,Clear,2.7,112.35,Textiles,Sea,0,11.4,2024-01-29 09:36:00,11.4,New York
SC-14760,2024-08-07,Antwerp,İzmir,9147,10874,0.8299,Clear,4.3,124.86,Electronics,Sea,0,25.2,2024-09-01 04:48:00,25.2,Piraeus
SC-42779,2024-11-08,İzmir,Singapore,5140,10448,0.6296,Clear,3.6,122.02,Textiles,Sea,0,24.2,2024-12-02 04:48:00,24.2,Piraeus
SC-31636,2024-08-31,Marsilya,Ningbo,3693,11131,0.8288,Fog,4.7,116.48,Textiles,Sea,0,25.8,2024-09-25 19:12:00,25.8,Trieste
SC-91889,2024-12-17,Dubai,Marsilya,7524,8152,0.5723,Clear,3.5,131.61,Machinery,Sea,0,18.9,2025-01-04 21:36:00,18.9,Piraeus
SC-63551,2024-10-30,Ambarli,Ningbo,4796,9172,0.6985,Clear,3.3,139.22,Electronics,Sea,0,21.2,2024-11-20 04:48:00,21.2,New York
SC-21556,2024-10-24,Shanghai,Valencia,13483,4894,0.5512,Clear,3.6,149.93,Textiles,Sea,0,11.3,2024-11-04 07:12:00,11.3,Piraeus
SC-37598,2024-10-09,Ambarli,Dubai,8899,5185,0.641,Clear,4.1,112.59,Auto Parts,Sea,0,12.0,2024-10-21 00:00:00,12.0,Marsaxlokk
SC-21563,2024-03-14,Ambarli,Mersin,3200,10968,0.5441,Clear,4.6,149.65,Auto Parts,Sea,0,25.4,2024-04-08 09:36:00,25.4,Jebel Ali
SC-56819,2024-04-19,Ambarli,Shanghai,5752,4732,0.9853,Clear,2.1,131.13,Textiles,Sea,0,11.0,2024-04-30 00:00:00,11.0,İzmir
SC-83770,2024-06-28,Barcelona,Antwerp,13211,10923,0.6975,Rain,1.8,126.01,Machinery,Sea,0,25.3,2024-07-23 07:12:00,25.3,Singapore
SC-36966,2024-02-01,İzmir,Dubai,19471,7324,0.9506,Clear,1.1,124.78,Textiles,Sea,0,17.0,2024-02-18 00:00:00,17.0,Dubai
SC-91709,2024-08-21,Atina,Hamburg,2627,11161,0.9856,Clear,2.5,143.75,Auto Parts,Sea,0,25.8,2024-09-15 19:12:00,25.8,Jebel Ali
SC-69889,2024-10-08,Dubai,Busan,6457,9849,0.9548,Clear,4.4,146.36,Electronics,Sea,0,22.8,2024-10-30 19:12:00,22.8,Tanger Med
SC-36987,2024-01-25,Trieste,Dubai,2584,10294,0.7275,Fog,1.3,92.49,Machinery,Sea,0,23.8,2024-02-17 19:12:00,23.8,Jebel Ali
SC-88714,2024-11-26,Busan,Felixstowe,3155,3083,0.8894,Clear,3.2,114.54,Textiles,Sea,0,7.1,2024-12-03 02:24:00,7.1,Tanger Med
SC-68348,2024-10-05,Tokyo,Ambarli,4209,7205,0.5768,Clear,3.8,145.9,Auto Parts,Sea,0,16.7,2024-10-21 16:48:00,16.7,Barcelona
SC-34596,2024-08-13,Busan,Rotterdam,14875,6862,0.5474,Fog,4.3,106.75,Electronics,Sea,1,20.6,2024-09-02 14:24:00,20.6,Tanger Med
SC-43174,2024-02-26,Atina,Antwerp,8300,5070,0.9385,Fog,3.3,96.29,Auto Parts,Sea,0,11.7,2024-03-08 16:48:00,11.7,Ambarli
SC-74106,2024-06-28,Busan,Ningbo,8963,10563,0.5156,Clear,1.7,87.19,Machinery,Sea,0,24.5,2024-07-22 12:00:00,24.5,Dubai
SC-79967,2024-08-19,Ningbo,Valencia,13690,10870,0.9862,Clear,4.9,121.81,Chemicals,Sea,0,25.2,2024-09-13 04:48:00,25.2,Singapore
SC-69182,2024-12-08,Los Angeles,Felixstowe,3672,2201,0.8361,Clear,1.4,129.02,Textiles,Sea,0,5.1,2024-12-13 02:24:00,5.1,Ambarli
SC-97163,2024-10-13,New York,Singapore,8648,2088,0.7098,Clear,4.1,93.69,Electronics,Sea,0,4.8,2024-10-17 19:12:00,4.8,Barcelona
SC-49310,2024-03-04,Dubai,Busan,11100,8299,0.5707,Clear,1.3,127.15,Machinery,Sea,0,19.2,2024-03-23 04:48:00,19.2,Barcelona
SC-66088,2024-08-19,Dubai,Dubai,8128,10379,0.8616,Clear,1.6,142.97,Machinery,Sea,0,24.0,2024-09-12 00:00:00,24.0,Mersin
SC-18906,2024-10-15,Busan,Dubai,9928,7171,0.7816,Fog,4.6,97.05,Chemicals,Sea,0,16.6,2024-10-31 14:24:00,16.6,Piraeus
SC-46914,2024-07-31,Trieste,Rotterdam,2953,3554,0.8556,Clear,4.0,88.54,Chemicals,Sea,0,8.2,2024-08-08 04:48:00,8.2,Trieste
SC-55379,2024-09-14,Marsilya,Atina,2766,7599,0.709,Clear,2.5,138.48,Textiles,Sea,0,17.6,2024-10-01 14:24:00,17.6,Marsaxlokk
SC-88612,2024-01-18,Felixstowe,Felixstowe,6198,10421,0.5331,Clear,3.6,144.15,Textiles,Sea,0,24.1,2024-02-11 02:24:00,24.1,Trieste
SC-47650,2024-06-23,Singapore,Valencia,4538,2054,0.6575,Clear,2.8,95.04,Machinery,Sea,0,4.8,2024-06-27 19:12:00,4.8,Trieste
SC-56881,2024-08-16,New York,Atina,4070,6366,0.6575,Clear,1.3,130.5,Textiles,Sea,0,14.7,2024-08-30 16:48:00,14.7,Ambarli
SC-56413,2024-08-13,Felixstowe,Singapore,11679,6031,0.5043,Rain,3.9,121.36,Textiles,Sea,0,14.0,2024-08-27 00:00:00,14.0,Dubai
SC-16012,2024-03-24,Dubai,Marsilya,2762,11315,0.5048,Fog,4.1,96.74,Chemicals,Sea,0,26.2,2024-04-19 04:48:00,26.2,İzmir
SC-60115,2024-10-17,Barcelona,Hamburg,9489,5140,0.6654,Storm,4.5,137.66,Machinery,Sea,1,15.5,2024-11-01 12:00:00,15.5,İzmir
SC-17151,2024-09-02,Ambarli,Singapore,6117,10078,0.8638,Rain,3.2,112.93,Auto Parts,Sea,0,23.3,2024-09-25 07:12:00,23.3,Mersin
SC-67716,2024-04-19,Atina,Felixstowe,5395,3552,0.812,Rain,3.7,129.02,Auto Parts,Sea,1,10.7,2024-04-29 16:48:00,10.7,Piraeus
SC-46378,2024-09-10,Antwerp,Dubai,12723,9795,0.6195,Clear,2.8,101.1,Electronics,Sea,0,22.7,2024-10-02 16:48:00,22.7,Barcelona
SC-52652,2024-03-28,Singapore,Singapore,7814,7271,0.8014,Clear,2.3,137.1,Chemicals,Sea,0,16.8,2024-04-13 19:12:00,16.8,Jebel Ali
SC-82430,2024-03-12,Rotterdam,Dubai,11088,2115,0.8237,Rain,2.6,98.5,Electronics,Sea,0,4.9,2024-03-16 21:36:00,4.9,Atina
SC-23467,2024-01-30,Singapore,Barcelona,7618,5613,0.7613,Clear,4.6,105.54,Machinery,Sea,0,13.0,2024-02-12 00:00:00,13.0,İzmir
SC-41010,2024-06-20,Felixstowe,Singapore,7872,8372,0.7607,Clear,1.7,107.4,Auto Parts,Sea,0,19.4,2024-07-09 09:36:00,19.4,Trieste
SC-64691,2024-11-04,Barcelona,Rotterdam,3750,10551,0.6849,Rain,2.0,94.45,Auto Parts,Sea,1,31.8,2024-12-05 19:12:00,31.8,Singapore
SC-74157,2024-12-08,Dubai,Tokyo,5194,10219,0.5617,Fog,3.4,141.21,Auto Parts,Sea,0,23.7,2024-12-31 16:48:00,23.7,Singapore
SC-22289,2024-06-25,Ambarli,Tokyo,5292,5837,0.6927,Clear,1.5,87.94,Electronics,Sea,0,13.5,2024-07-08 12:00:00,13.5,New York
SC-54976,2024-05-18,Rotterdam,Singapore,2725,5533,0.6727,Clear,4.6,119.42,Textiles,Sea,0,12.8,2024-05-30 19:12:00,12.8,Barcelona
SC-53596,2024-07-12,İzmir,Valencia,13053,11610,0.796,Clear,1.2,136.99,Electronics,Sea,0,26.9,2024-08-07 21:36:00,26.9,Dubai
SC-33171,2024-07-04,New York,İzmir,2991,7831,0.9281,Clear,4.0,120.66,Auto Parts,Sea,1,23.6,2024-07-27 14:24:00,23.6,Dubai
SC-96365,2024-08-05,Tokyo,Valencia,5309,7963,0.6877,Clear,2.5,102.88,Chemicals,Sea,1,24.0,2024-08-29 00:00:00,24.0,New York
SC-54139,2024-06-12,Singapore,Singapore,5742,3294,0.8549,Fog,1.2,134.69,Chemicals,Sea,0,7.6,2024-06-19 14:24:00,7.6,Mersin
SC-58713,2024-06-09,Antwerp,Valencia,2619,7970,0.9059,Clear,4.4,114.94,Electronics,Sea,0,18.4,2024-06-27 09:36:00,18.4,Tanger Med
SC-39734,2024-01-13,Hamburg,Singapore,3885,9550,0.6059,Clear,3.6,91.41,Electronics,Sea,0,22.1,2024-02-04 02:24:00,22.1,Barcelona
SC-82588,2024-10-22,Valencia,Tokyo,3304,4075,0.9508,Rain,1.0,102.18,Machinery,Sea,0,9.4,2024-10-31 09:36:00,9.4,Barcelona
SC-73646,2024-03-29,Los Angeles,Barcelona,7232,9366,0.5352,Clear,2.1,121.44,Electronics,Sea,0,21.7,2024-04-19 16:48:00,21.7,New York
SC-13654,2024-11-19,Felixstowe,Atina,9546,7207,0.9509,Rain,2.4,126.11,Electronics,Sea,0,16.7,2024-12-05 16:48:00,16.7,Mersin
SC-99022,2024-02-11,Marsilya,Dubai,7387,7817,0.5818,Clear,2.3,118.37,Auto Parts,Sea,0,18.1,2024-02-29 02:24:00,18.1,Marsaxlokk
SC-28743,2024-07-28,Atina,Ningbo,3717,3778,0.6686,Rain,3.0,99.04,Textiles,Sea,0,8.7,2024-08-05 16:48:00,8.7,Barcelona
SC-58368,2024-08-16,Dubai,Tokyo,4692,2373,0.8026,Clear,3.1,121.56,Auto Parts,Sea,1,7.1,2024-08-23 02:24:00,7.1,Marsaxlokk
SC-84172,2024-12-15,Marsilya,Rotterdam,4171,9557,0.9528,Clear,2.6,103.27,Textiles,Sea,0,22.1,2025-01-06 02:24:00,22.1,Singapore
SC-16441,2024-10-01,Shanghai,Marsilya,13001,11323,0.6279,Clear,2.3,95.74,Auto Parts,Sea,0,26.2,2024-10-27 04:48:00,26.2,Barcelona
SC-34611,2024-10-05,Rotterdam,Shanghai,3512,3573,0.8818,Clear,3.0,146.19,Auto Parts,Sea,0,8.3,2024-10-13 07:12:00,8.3,Mersin
SC-22149,2024-09-07,Trieste,Valencia,6817,8026,0.8552,Clear,1.1,102.04,Machinery,Sea,0,18.6,2024-09-25 14:24:00,18.6,Mersin
SC-69189,2024-11-05,Marsilya,Atina,14312,6444,0.5799,Clear,3.6,103.49,Textiles,Sea,0,14.9,2024-11-19 21:36:00,14.9,Jebel Ali
SC-31675,2024-07-26,New York,Shanghai,14451,2787,0.7397,Storm,3.4,142.77,Auto Parts,Sea,0,6.5,2024-08-01 12:00:00,6.5,Ambarli
SC-81031,2024-11-16,Ningbo,Ningbo,12905,3545,0.7408,Clear,2.1,89.99,Auto Parts,Sea,0,8.2,2024-11-24 04:48:00,8.2,Trieste
SC-52668,2024-05-19,İzmir,Trieste,13102,10561,0.6523,Rain,1.7,120.92,Textiles,Sea,0,24.4,2024-06-12 09:36:00,24.4,Trieste
SC-23673,2024-10-06,Felixstowe,İzmir,5355,6374,0.89,Rain,1.3,134.86,Machinery,Sea,0,14.8,2024-10-20 19:12:00,14.8,Trieste
SC-86666,2024-02-03,Marsilya,Dubai,3538,7447,0.963,Fog,3.3,99.16,Textiles,Sea,0,17.2,2024-02-20 04:48:00,17.2,Tanger Med
SC-98204,2024-11-04,Los Angeles,Ambarli,6347,11894,0.8583,Fog,3.3,139.09,Machinery,Sea,0,27.5,2024-12-01 12:00:00,27.5,Trieste
SC-90758,2024-01-18,Ambarli,New York,4395,11849,0.9865,Clear,3.1,133.88,Machinery,Sea,0,27.4,2024-02-14 09:36:00,27.4,Tanger Med
SC-75429,2024-02-26,Hamburg,New York,4425,6055,0.5252,Clear,4.9,114.03,Chemicals,Sea,0,14.0,2024-03-11 00:00:00,14.0,Trieste
SC-33669,2024-04-21,Marsilya,Antwerp,6654,2606,0.5186,Clear,3.1,88.31,Machinery,Sea,0,6.0,2024-04-27 00:00:00,6.0,Trieste
SC-44068,2024-01-05,Valencia,Tokyo,17812,4576,0.9469,Clear,3.9,147.91,Chemicals,Sea,0,10.6,2024-01-15 14:24:00,10.6,Ambarli
SC-98789,2024-06-30,Rotterdam,Valencia,14908,8569,0.9489,Clear,1.5,123.7,Electronics,Sea,0,19.8,2024-07-19 19:12:00,19.8,Dubai
SC-19435,2024-01-13,Ningbo,Los Angeles,5710,6124,0.5536,Clear,2.2,116.2,Machinery,Sea,0,14.2,2024-01-27 04:48:00,14.2,İzmir
SC-62249,2024-12-04,New York,Rotterdam,10835,7051,0.6787,Clear,2.1,141.98,Textiles,Sea,0,16.3,2024-12-20 07:12:00,16.3,İzmir
SC-47384,2024-10-11,Busan,İzmir,6670,2322,0.9177,Rain,3.3,109.49,Chemicals,Sea,0,5.4,2024-10-16 09:36:00,5.4,Tanger Med
SC-91929,2024-09-15,New York,Antwerp,2793,2583,0.5643,Storm,2.3,119.45,Electronics,Sea,1,7.8,2024-09-22 19:12:00,7.8,Ambarli
SC-86153,2024-03-30,Ambarli,Antwerp,4659,7389,0.6337,Rain,3.6,140.09,Electronics,Sea,0,17.1,2024-04-16 02:24:00,17.1,Marsaxlokk
SC-85388,2024-04-13,Tokyo,Los Angeles,4339,10847,0.8405,Clear,3.8,107.51,Machinery,Sea,0,25.1,2024-05-08 02:24:00,25.1,Atina
SC-41401,2024-07-04,Atina,Barcelona,5622,6881,0.9909,Clear,1.1,134.07,Textiles,Sea,1,20.7,2024-07-24 16:48:00,20.7,Mersin
SC-81831,2024-09-06,Atina,Barcelona,4921,10414,0.8986,Rain,3.6,97.93,Machinery,Sea,0,24.1,2024-09-30 02:24:00,24.1,Atina
SC-44084,2024-09-11,Marsilya,Ningbo,9970,4122,0.8887,Clear,1.5,129.17,Auto Parts,Sea,0,9.5,2024-09-20 12:00:00,9.5,Jebel Ali
SC-65826,2024-03-16,Trieste,Atina,4934,9699,0.6713,Rain,2.9,115.73,Electronics,Sea,0,22.5,2024-04-07 12:00:00,22.5,Dubai
SC-46451,2024-04-17,Barcelona,Shanghai,12454,9796,0.8307,Rain,3.9,91.54,Auto Parts,Sea,0,22.7,2024-05-09 16:48:00,22.7,Dubai
SC-17227,2024-06-04,Felixstowe,Singapore,3303,4220,0.5565,Clear,3.8,89.52,Auto Parts,Sea,0,9.8,2024-06-13 19:12:00,9.8,Singapore
SC-41910,2024-03-22,Busan,Singapore,8617,7123,0.9961,Clear,2.2,112.04,Chemicals,Sea,0,16.5,2024-04-07 12:00:00,16.5,Jebel Ali
SC-46041,2024-03-17,Marsilya,Ningbo,9232,5550,0.7403,Clear,2.1,129.76,Auto Parts,Sea,1,16.7,2024-04-02 16:48:00,16.7,İzmir
SC-98920,2024-09-14,Tokyo,Dubai,7746,7779,0.8194,Clear,2.8,122.23,Electronics,Sea,0,18.0,2024-10-02 00:00:00,18.0,Dubai
SC-75681,2024-05-06,Singapore,Ningbo,3836,6928,0.9381,Clear,1.8,139.83,Electronics,Sea,0,16.0,2024-05-22 00:00:00,16.0,Mersin
SC-91571,2024-10-08,Marsilya,Valencia,2535,2166,0.5005,Storm,4.9,107.28,Textiles,Sea,1,6.5,2024-10-14 12:00:00,6.5,Barcelona
SC-75481,2024-03-28,Singapore,Hamburg,6939,8443,0.988,Clear,2.4,139.05,Machinery,Sea,0,19.5,2024-04-16 12:00:00,19.5,Ambarli
SC-78576,2024-07-22,Rotterdam,Atina,7188,10309,0.6796,Clear,4.7,82.59,Textiles,Sea,0,23.9,2024-08-14 21:36:00,23.9,İzmir
SC-74174,2024-01-16,Valencia,Tokyo,4268,8655,0.6698,Clear,4.6,105.61,Textiles,Sea,0,20.0,2024-02-05 00:00:00,20.0,İzmir
SC-36160,2024-05-30,İzmir,New York,5894,9342,0.5725,Clear,2.5,85.11,Machinery,Sea,0,21.6,2024-06-20 14:24:00,21.6,Tanger Med
SC-27633,2024-09-10,Hamburg,Ningbo,9688,4206,0.9291,Rain,2.0,144.35,Electronics,Sea,0,9.7,2024-09-19 16:48:00,9.7,Atina
SC-27014,2024-07-06,Atina,Valencia,4296,3250,0.9354,Clear,4.1,113.27,Chemicals,Sea,0,7.5,2024-07-13 12:00:00,7.5,Ambarli
SC-90532,2024-11-24,Atina,Barcelona,8424,6006,0.51,Storm,1.9,102.13,Auto Parts,Sea,1,18.1,2024-12-12 02:24:00,18.1,Jebel Ali
SC-59104,2024-02-01,Valencia,Antwerp,6150,6558,0.5279,Fog,3.1,114.47,Chemicals,Sea,0,15.2,2024-02-16 04:48:00,15.2,Ambarli
SC-51621,2024-09-27,Dubai,New York,3847,11863,0.9592,Fog,1.4,117.3,Auto Parts,Sea,1,35.7,2024-11-01 16:48:00,35.7,Marsaxlokk
SC-87231,2024-01-05,Atina,Singapore,9465,4151,0.5614,Clear,2.5,139.24,Machinery,Sea,0,9.6,2024-01-14 14:24:00,9.6,Tanger Med
SC-78388,2024-11-25,Felixstowe,Shanghai,3375,7077,0.8105,Clear,1.3,117.97,Machinery,Sea,0,16.4,2024-12-11 09:36:00,16.4,Singapore
SC-26014,2024-11-03,Mersin,Barcelona,2609,4297,0.8098,Rain,2.1,110.2,Textiles,Sea,0,9.9,2024-11-12 21:36:00,9.9,Jebel Ali
SC-43755,2024-11-28,Shanghai,Ningbo,3613,11228,0.9349,Rain,3.7,147.29,Machinery,Sea,0,26.0,2024-12-24 00:00:00,26.0,İzmir
SC-50390,2024-06-17,Barcelona,Marsilya,9993,4614,0.7863,Rain,5.0,147.8,Auto Parts,Sea,0,10.7,2024-06-27 16:48:00,10.7,Dubai
SC-33711,2024-06-29,Ambarli,Busan,3869,3879,0.717,Clear,2.0,82.69,Chemicals,Sea,0,9.0,2024-07-08 00:00:00,9.0,Singapore
SC-67993,2024-06-26,Busan,Busan,9454,10788,0.9872,Clear,2.9,129.48,Chemicals,Sea,0,25.0,2024-07-21 00:00:00,25.0,Ambarli
SC-84696,2024-05-22,Hamburg,Mersin,12782,2620,0.6144,Storm,2.8,106.02,Chemicals,Sea,1,7.9,2024-05-29 21:36:00,7.9,Jebel Ali
SC-37213,2024-12-27,Ambarli,Hamburg,18782,8698,0.6314,Clear,1.7,127.26,Chemicals,Sea,0,20.1,2025-01-16 02:24:00,20.1,Dubai
SC-67784,2024-09-04,Los Angeles,İzmir,18500,7507,0.5424,Clear,3.4,124.58,Textiles,Sea,0,17.4,2024-09-21 09:36:00,17.4,Marsaxlokk
SC-17421,2024-05-06,Mersin,Hamburg,5461,10262,0.9877,Clear,3.9,103.11,Chemicals,Sea,0,23.8,2024-05-29 19:12:00,23.8,Singapore
SC-96936,2024-09-19,New York,Hamburg,11659,3803,0.8532,Rain,1.6,149.07,Auto Parts,Sea,0,8.8,2024-09-27 19:12:00,8.8,Ambarli
SC-27727,2024-02-09,Busan,Ambarli,5001,9116,0.506,Clear,4.0,105.0,Textiles,Sea,0,21.1,2024-03-01 02:24:00,21.1,Ambarli
SC-14358,2024-12-20,Atina,Ningbo,7137,6533,0.8522,Clear,3.8,124.24,Textiles,Sea,0,15.1,2025-01-04 02:24:00,15.1,Dubai
SC-75108,2024-09-11,New York,New York,9576,11259,0.7021,Clear,1.8,136.94,Textiles,Sea,0,26.1,2024-10-07 02:24:00,26.1,Piraeus
SC-42117,2024-05-22,Rotterdam,İzmir,6887,3925,0.9838,Clear,3.6,90.18,Machinery,Sea,0,9.1,2024-05-31 02:24:00,9.1,Marsaxlokk
SC-98700,2024-08-27,Ningbo,Felixstowe,17648,3037,0.6387,Rain,2.6,101.04,Textiles,Sea,0,7.0,2024-09-03 00:00:00,7.0,Marsaxlokk
SC-41910,2024-08-15,Busan,Felixstowe,5735,5183,0.8551,Clear,3.7,93.93,Auto Parts,Sea,0,12.0,2024-08-27 00:00:00,12.0,Marsaxlokk
SC-65754,2024-12-06,Dubai,Felixstowe,3932,11594,0.8137,Clear,3.0,134.73,Chemicals,Sea,0,26.8,2025-01-01 19:12:00,26.8,Dubai
SC-72438,2024-07-16,Valencia,Marsilya,2722,11630,0.506,Clear,1.2,136.08,Machinery,Sea,0,26.9,2024-08-11 21:36:00,26.9,Atina
SC-39371,2024-03-05,Trieste,Atina,9700,10676,0.9426,Clear,4.1,97.92,Chemicals,Sea,0,24.7,2024-03-29 16:48:00,24.7,Atina
SC-61501,2024-01-11,Los Angeles,Barcelona,2894,6264,0.5698,Clear,3.2,80.29,Electronics,Sea,0,14.5,2024-01-25 12:00:00,14.5,Marsaxlokk
SC-70946,2024-04-17,Valencia,Ningbo,11901,6898,0.8318,Fog,3.9,109.63,Machinery,Sea,1,20.8,2024-05-07 19:12:00,20.8,İzmir
SC-48467,2024-01-26,Los Angeles,Los Angeles,8495,10437,0.8878,Fog,1.5,128.1,Auto Parts,Sea,0,24.2,2024-02-19 04:48:00,24.2,Barcelona
SC-27625,2024-05-30,New York,Los Angeles,7675,8121,0.8155,Clear,3.9,123.58,Machinery,Sea,0,18.8,2024-06-17 19:12:00,18.8,Trieste
SC-43893,2024-08-08,New York,Ambarli,7101,7789,0.5486,Clear,2.7,111.2,Textiles,Sea,0,18.0,2024-08-26 00:00:00,18.0,Mersin
SC-86329,2024-12-06,Ambarli,Tokyo,2899,5371,0.9876,Clear,4.2,101.14,Machinery,Sea,0,12.4,2024-12-18 09:36:00,12.4,İzmir
SC-41007,2024-08-24,Shanghai,Antwerp,3640,3350,0.6184,Rain,3.4,113.21,Textiles,Sea,0,7.8,2024-08-31 19:12:00,7.8,Piraeus
SC-49532,2024-08-24,Shanghai,Tokyo,7843,10721,0.8139,Clear,2.4,81.06,Chemicals,Sea,0,24.8,2024-09-17 19:12:00,24.8,Tanger Med
SC-64253,2024-08-06,Ambarli,Shanghai,4037,7714,0.8986,Clear,1.8,85.17,Machinery,Sea,0,17.9,2024-08-23 21:36:00,17.9,Piraeus
SC-22323,2024-05-30,Atina,New York,8558,5814,0.9696,Rain,4.3,91.39,Machinery,Sea,0,13.5,2024-06-12 12:00:00,13.5,New York
SC-83379,2024-05-02,Marsilya,Barcelona,10928,9147,0.802,Clear,3.2,123.78,Auto Parts,Sea,0,21.2,2024-05-23 04:48:00,21.2,Tanger Med
SC-24210,2024-05-23,Felixstowe,Marsilya,7653,8485,0.6295,Clear,4.9,95.32,Electronics,Sea,0,19.6,2024-06-11 14:24:00,19.6,New York
SC-26456,2024-07-07,Antwerp,Los Angeles,9178,11980,0.9183,Clear,2.5,109.64,Machinery,Sea,0,27.7,2024-08-03 16:48:00,27.7,Barcelona
SC-41367,2024-09-11,Los Angeles,Barcelona,3096,11894,0.5816,Clear,3.7,123.5,Chemicals,Sea,0,27.5,2024-10-08 12:00:00,27.5,İzmir
SC-64624,2024-03-08,Valencia,Ambarli,8948,5625,0.5111,Fog,3.5,138.14,Textiles,Sea,1,16.9,2024-03-24 21:36:00,16.9,İzmir
SC-20106,2024-04-13,Singapore,Tokyo,15947,10951,0.9541,Rain,3.6,118.48,Chemicals,Sea,0,25.3,2024-05-08 07:12:00,25.3,Singapore
SC-78008,2024-12-01,Los Angeles,Dubai,5995,10117,0.7877,Clear,3.9,92.4,Auto Parts,Sea,0,23.4,2024-12-24 09:36:00,23.4,Marsaxlokk
SC-82240,2024-06-07,Hamburg,Mersin,6067,11595,0.5348,Clear,1.6,146.62,Machinery,Sea,0,26.8,2024-07-03 19:12:00,26.8,Barcelona
SC-74315,2024-11-04,Valencia,Atina,8654,10989,0.7899,Clear,3.2,86.3,Electronics,Sea,0,25.4,2024-11-29 09:36:00,25.4,Ambarli
SC-79249,2024-12-27,Busan,Dubai,3038,2531,0.5725,Clear,3.0,105.7,Electronics,Sea,0,5.9,2025-01-01 21:36:00,5.9,New York
SC-80587,2024-10-26,Hamburg,Atina,8400,6137,0.5157,Clear,2.4,144.49,Machinery,Sea,0,14.2,2024-11-09 04:48:00,14.2,Jebel Ali
SC-20756,2024-03-30,Tokyo,Tokyo,7888,2598,0.5583,Clear,2.7,122.16,Electronics,Sea,0,6.0,2024-04-05 00:00:00,6.0,Tanger Med
SC-78011,2024-12-22,Valencia,New York,5809,9428,0.8876,Clear,3.1,126.39,Chemicals,Sea,0,21.8,2025-01-12 19:12:00,21.8,Trieste
SC-46378,2024-09-12,Dubai,Felixstowe,4239,10497,0.8778,Clear,2.3,101.12,Textiles,Sea,0,24.3,2024-10-06 07:12:00,24.3,Atina
SC-14255,2024-12-18,Trieste,Marsilya,6864,6904,0.8022,Clear,2.2,85.5,Machinery,Sea,0,16.0,2025-01-03 00:00:00,16.0,Trieste
SC-24484,2024-08-07,Hamburg,Felixstowe,8893,4909,0.6047,Clear,4.0,105.6,Textiles,Sea,0,11.4,2024-08-18 09:36:00,11.4,New York
SC-66549,2024-01-09,Shanghai,Atina,8769,2678,0.8695,Clear,1.3,108.15,Electronics,Sea,0,6.2,2024-01-15 04:48:00,6.2,Piraeus
SC-44503,2024-01-12,Marsilya,Ambarli,5457,5384,0.704,Clear,2.3,98.92,Auto Parts,Sea,0,12.5,2024-01-24 12:00:00,12.5,Ambarli
SC-83794,2024-11-20,Barcelona,Valencia,14614,10922,0.7554,Clear,3.6,95.08,Textiles,Sea,0,25.3,2024-12-15 07:12:00,25.3,Dubai
SC-55113,2024-08-31,Ambarli,Atina,6495,4025,0.9488,Clear,1.8,104.89,Auto Parts,Sea,0,9.3,2024-09-09 07:12:00,9.3,Trieste
SC-84069,2024-06-30,Hamburg,Valencia,14321,6228,0.7289,Clear,3.3,124.76,Chemicals,Sea,0,14.4,2024-07-14 09:36:00,14.4,Marsaxlokk
SC-15249,2024-10-10,Mersin,İzmir,5056,4766,0.8132,Clear,2.2,146.43,Auto Parts,Sea,0,11.0,2024-10-21 00:00:00,11.0,Trieste
SC-29201,2024-11-07,Trieste,Ningbo,6626,4098,0.9809,Clear,4.4,129.26,Textiles,Sea,0,9.5,2024-11-16 12:00:00,9.5,Trieste
SC-68576,2024-04-08,Los Angeles,Barcelona,7832,8761,0.7257,Clear,2.4,134.57,Textiles,Sea,0,20.3,2024-04-28 07:12:00,20.3,Ambarli
SC-19686,2024-07-15,Trieste,Marsilya,3604,2391,0.7804,Clear,1.9,101.42,Machinery,Sea,0,5.5,2024-07-20 12:00:00,5.5,Mersin
SC-63363,2024-08-13,Marsilya,Shanghai,11257,5784,0.7922,Rain,3.1,87.33,Auto Parts,Sea,0,13.4,2024-08-26 09:36:00,13.4,New York
SC-10661,2024-11-28,Busan,Singapore,9578,8666,0.6204,Clear,1.5,100.41,Chemicals,Sea,0,20.1,2024-12-18 02:24:00,20.1,Marsaxlokk
SC-54843,2024-04-12,Marsilya,Tokyo,6388,5837,0.8685,Storm,4.2,108.19,Machinery,Sea,1,17.6,2024-04-29 14:24:00,17.6,Jebel Ali
SC-70963,2024-04-15,İzmir,Felixstowe,13758,3685,0.8633,Rain,3.7,128.29,Machinery,Sea,1,11.1,2024-04-26 02:24:00,11.1,Mersin
SC-52828,2024-12-30,Ningbo,Shanghai,4888,8497,0.6068,Clear,4.1,145.76,Chemicals,Sea,0,19.7,2025-01-18 16:48:00,19.7,Ambarli
SC-58604,2024-02-27,Atina,Dubai,13210,4914,0.5067,Fog,2.6,136.65,Machinery,Sea,0,11.4,2024-03-09 09:36:00,11.4,İzmir
SC-20526,2024-03-18,Trieste,Valencia,6232,9116,0.9995,Clear,4.3,98.65,Chemicals,Sea,0,21.1,2024-04-08 02:24:00,21.1,Ambarli
SC-78910,2024-03-15,Dubai,Marsilya,14669,11610,0.7908,Clear,3.0,137.42,Electronics,Sea,0,26.9,2024-04-10 21:36:00,26.9,Atina
SC-35592,2024-02-11,Antwerp,Mersin,19334,5726,0.5905,Rain,1.4,108.82,Machinery,Sea,0,13.3,2024-02-24 07:12:00,13.3,Jebel Ali
SC-38982,2024-11-19,Dubai,Dubai,8255,6951,0.6418,Fog,1.9,92.28,Textiles,Sea,1,20.9,2024-12-09 21:36:00,20.9,Jebel Ali
SC-10207,2024-06-29,Antwerp,Atina,5370,8058,0.8089,Clear,3.8,112.29,Electronics,Sea,0,18.7,2024-07-17 16:48:00,18.7,New York
SC-98733,2024-02-02,Mersin,Atina,9019,9655,0.5688,Clear,4.6,119.43,Machinery,Sea,0,22.3,2024-02-24 07:12:00,22.3,New York
SC-78619,2024-03-11,Rotterdam,Marsilya,5660,6610,0.5186,Rain,1.4,133.44,Chemicals,Sea,0,15.3,2024-03-26 07:12:00,15.3,Barcelona
SC-39328,2024-02-25,Barcelona,Marsilya,11316,9821,0.8992,Fog,4.5,104.49,Electronics,Sea,0,22.7,2024-03-18 16:48:00,22.7,Dubai
SC-56479,2024-04-14,Tokyo,Trieste,18262,3084,0.8579,Clear,4.2,90.27,Electronics,Sea,0,7.1,2024-04-21 02:24:00,7.1,Ambarli
SC-30103,2024-07-18,Mersin,Felixstowe,11840,9583,0.6548,Clear,2.4,86.6,Textiles,Sea,0,22.2,2024-08-09 04:48:00,22.2,Singapore
SC-49891,2024-04-10,Marsilya,Barcelona,12096,11199,0.5292,Clear,3.8,87.87,Machinery,Sea,0,25.9,2024-05-05 21:36:00,25.9,Barcelona
SC-20754,2024-09-12,Tokyo,Antwerp,13831,3317,0.7431,Clear,1.7,146.5,Machinery,Sea,0,7.7,2024-09-19 16:48:00,7.7,Marsaxlokk
SC-91437,2024-11-02,Rotterdam,Los Angeles,17606,8880,0.6381,Fog,4.3,146.62,Chemicals,Sea,1,26.7,2024-11-28 16:48:00,26.7,Singapore
SC-82982,2024-03-14,İzmir,Singapore,6291,4349,0.6989,Clear,3.6,147.81,Electronics,Sea,0,10.1,2024-03-24 02:24:00,10.1,Dubai
SC-65922,2024-06-19,Trieste,Dubai,9093,9337,0.637,Fog,2.8,101.17,Textiles,Sea,1,28.1,2024-07-17 02:24:00,28.1,Ambarli
SC-58231,2024-05-22,İzmir,Busan,8500,4693,0.5876,Rain,4.5,93.41,Chemicals,Sea,0,10.9,2024-06-01 21:36:00,10.9,Singapore
SC-39301,2024-06-14,Ningbo,Busan,7199,9208,0.6935,Clear,1.6,148.66,Chemicals,Sea,0,21.3,2024-07-05 07:12:00,21.3,İzmir
SC-72711,2024-09-17,Ambarli,Singapore,5885,8881,0.9824,Clear,4.4,149.18,Textiles,Sea,0,20.6,2024-10-07 14:24:00,20.6,Trieste
SC-51323,2024-08-08,New York,Barcelona,8669,5722,0.6331,Clear,1.1,85.48,Machinery,Sea,0,13.2,2024-08-21 04:48:00,13.2,Dubai
SC-28752,2024-03-23,New York,Dubai,6203,5693,0.668,Clear,4.0,132.68,Textiles,Sea,0,13.2,2024-04-05 04:48:00,13.2,Ambarli
SC-92205,2024-06-30,Busan,Dubai,8167,6392,0.6646,Clear,3.3,100.21,Machinery,Sea,0,14.8,2024-07-14 19:12:00,14.8,Jebel Ali
SC-23395,2024-11-02,Rotterdam,Ambarli,3888,9224,0.7401,Clear,3.8,143.65,Auto Parts,Sea,0,21.4,2024-11-23 09:36:00,21.4,Jebel Ali
SC-95957,2024-01-10,Barcelona,Tokyo,9657,9802,0.9218,Clear,2.6,86.25,Electronics,Sea,0,22.7,2024-02-01 16:48:00,22.7,Singapore
SC-66273,2024-01-04,New York,Busan,9761,7717,0.7011,Clear,4.5,142.2,Textiles,Sea,0,17.9,2024-01-21 21:36:00,17.9,Singapore
SC-14895,2024-12-16,Ningbo,New York,7375,5134,0.9031,Clear,2.3,80.18,Chemicals,Sea,0,11.9,2024-12-27 21:36:00,11.9,Piraeus
SC-86559,2024-12-01,Los Angeles,Dubai,6847,4598,0.5575,Clear,2.1,116.54,Machinery,Sea,1,13.8,2024-12-14 19:12:00,13.8,Marsaxlokk
SC-20699,2024-10-18,Busan,Ningbo,11937,6052,0.9475,Rain,2.2,103.49,Electronics,Sea,0,14.0,2024-11-01 00:00:00,14.0,Piraeus
SC-75061,2024-10-07,New York,Singapore,5203,5824,0.5927,Clear,4.1,109.91,Electronics,Sea,0,13.5,2024-10-20 12:00:00,13.5,İzmir
SC-19715,2024-08-02,New York,Marsilya,6640,5520,0.5196,Clear,3.0,110.36,Textiles,Sea,0,12.8,2024-08-14 19:12:00,12.8,Barcelona
SC-29169,2024-04-07,Dubai,Rotterdam,10579,3249,0.5792,Rain,3.1,125.75,Chemicals,Sea,1,9.8,2024-04-16 19:12:00,9.8,Ambarli
SC-26163,2024-04-10,New York,Tokyo,3016,8586,0.5954,Rain,4.3,81.62,Textiles,Sea,0,19.9,2024-04-29 21:36:00,19.9,Ambarli
SC-15782,2024-01-09,Marsilya,Trieste,19600,9843,0.7543,Fog,4.3,128.4,Chemicals,Sea,1,29.6,2024-02-07 14:24:00,29.6,Jebel Ali
SC-98177,2024-03-01,Busan,Ningbo,6058,4074,0.725,Clear,1.6,81.55,Auto Parts,Sea,0,9.4,2024-03-10 09:36:00,9.4,Singapore
SC-94328,2024-11-04,Singapore,New York,5559,4504,0.8579,Clear,3.2,92.97,Textiles,Sea,0,10.4,2024-11-14 09:36:00,10.4,Jebel Ali
SC-45585,2024-05-25,Mersin,Antwerp,6745,4014,0.5255,Clear,1.5,122.47,Machinery,Sea,0,9.3,2024-06-03 07:12:00,9.3,New York
SC-40682,2024-03-03,Singapore,Mersin,6079,6944,0.7489,Clear,4.5,86.05,Textiles,Sea,0,16.1,2024-03-19 02:24:00,16.1,Dubai
SC-57864,2024-04-30,Trieste,Barcelona,11476,2948,0.6662,Clear,4.3,149.36,Textiles,Sea,0,6.8,2024-05-06 19:12:00,6.8,Ambarli
SC-94416,2024-08-13,Ambarli,Shanghai,4991,2106,0.8154,Clear,4.4,134.91,Auto Parts,Sea,0,4.9,2024-08-17 21:36:00,4.9,İzmir
SC-65114,2024-04-14,Felixstowe,Tokyo,2620,6692,0.5218,Clear,3.8,129.4,Auto Parts,Sea,0,15.5,2024-04-29 12:00:00,15.5,Ambarli
SC-48067,2024-09-16,Mersin,İzmir,4943,10346,0.5175,Clear,2.9,98.74,Textiles,Sea,0,23.9,2024-10-09 21:36:00,23.9,Piraeus
SC-52685,2024-12-14,Rotterdam,Shanghai,9242,5240,0.7136,Clear,2.6,83.4,Chemicals,Sea,0,12.1,2024-12-26 02:24:00,12.1,Mersin
SC-28073,2024-09-11,Los Angeles,Los Angeles,5262,10987,0.9057,Clear,2.6,148.51,Auto Parts,Sea,1,33.1,2024-10-14 02:24:00,33.1,Jebel Ali
SC-46035,2024-07-25,Dubai,Marsilya,7169,11762,0.8355,Clear,1.3,90.35,Auto Parts,Sea,0,27.2,2024-08-21 04:48:00,27.2,Singapore
SC-74977,2024-01-28,Dubai,Los Angeles,13403,7303,0.5084,Fog,4.8,138.14,Chemicals,Sea,1,22.0,2024-02-19 00:00:00,22.0,New York
SC-93362,2024-06-18,Felixstowe,Dubai,5903,3634,0.5892,Rain,2.8,93.83,Electronics,Sea,0,8.4,2024-06-26 09:36:00,8.4,Marsaxlokk
SC-75450,2024-12-01,Tokyo,Trieste,8598,3532,0.6134,Clear,4.7,106.19,Auto Parts,Sea,0,8.2,2024-12-09 04:48:00,8.2,Atina
SC-20382,2024-03-16,Felixstowe,İzmir,5340,9608,0.7115,Rain,4.5,128.55,Auto Parts,Sea,0,22.2,2024-04-07 04:48:00,22.2,New York
SC-14437,2024-04-25,Trieste,Valencia,9903,3440,0.7934,Clear,4.3,146.18,Chemicals,Sea,0,8.0,2024-05-03 00:00:00,8.0,İzmir
SC-80971,2024-03-09,New York,Felixstowe,9386,11590,0.6082,Clear,3.4,81.38,Chemicals,Sea,0,26.8,2024-04-04 19:12:00,26.8,İzmir
SC-74612,2024-12-19,İzmir,Trieste,8869,5646,0.6913,Clear,1.4,98.25,Textiles,Sea,0,13.1,2025-01-01 02:24:00,13.1,Singapore
SC-71929,2024-08-21,Trieste,Dubai,3048,7599,0.792,Fog,2.3,133.55,Textiles,Sea,0,17.6,2024-09-07 14:24:00,17.6,Singapore
SC-22329,2024-01-01,Tokyo,New York,3839,3615,0.6917,Clear,3.4,92.14,Electronics,Sea,0,8.4,2024-01-09 09:36:00,8.4,Piraeus
SC-35169,2024-06-15,Shanghai,İzmir,8016,11705,0.5716,Clear,1.1,87.8,Electronics,Sea,0,27.1,2024-07-12 02:24:00,27.1,Jebel Ali
SC-97468,2024-12-17,Shanghai,Antwerp,4815,9994,0.7458,Fog,1.2,83.23,Electronics,Sea,0,23.1,2025-01-09 02:24:00,23.1,Tanger Med
SC-44594,2024-08-05,Felixstowe,Barcelona,12528,8296,0.662,Clear,3.7,115.17,Machinery,Sea,1,25.0,2024-08-30 00:00:00,25.0,Ambarli
SC-86957,2024-09-29,Valencia,Dubai,9722,4598,0.9321,Rain,4.6,133.74,Chemicals,Sea,1,13.8,2024-10-12 19:12:00,13.8,İzmir
SC-70631,2024-09-07,Ambarli,Dubai,16152,11036,0.8878,Clear,4.4,147.32,Auto Parts,Sea,0,25.5,2024-10-02 12:00:00,25.5,Dubai
SC-55033,2024-12-12,Hamburg,Antwerp,7948,5530,0.5951,Clear,1.7,98.72,Chemicals,Sea,0,12.8,2024-12-24 19:12:00,12.8,New York
SC-73133,2024-12-09,Hamburg,New York,5206,9590,0.5763,Storm,4.6,88.5,Chemicals,Sea,0,22.2,2024-12-31 04:48:00,22.2,Singapore
SC-83165,2024-06-22,Ambarli,Hamburg,5049,4327,0.6738,Clear,3.8,108.18,Electronics,Sea,0,10.0,2024-07-02 00:00:00,10.0,Ambarli
SC-83861,2024-06-18,Felixstowe,Rotterdam,15998,8565,0.7061,Rain,3.9,83.88,Chemicals,Sea,0,19.8,2024-07-07 19:12:00,19.8,Trieste
SC-62290,2024-09-02,Antwerp,Mersin,4129,9767,0.966,Storm,2.2,103.2,Machinery,Sea,1,29.4,2024-10-01 09:36:00,29.4,New York
SC-41750,2024-03-30,Antwerp,Rotterdam,3871,3976,0.6508,Clear,3.9,125.02,Auto Parts,Sea,0,9.2,2024-04-08 04:48:00,9.2,Trieste
SC-50461,2024-02-18,Dubai,Singapore,5996,3835,0.9338,Clear,3.8,91.77,Electronics,Sea,0,8.9,2024-02-26 21:36:00,8.9,Ambarli
SC-83800,2024-10-20,Ambarli,İzmir,7539,6899,0.7527,Clear,3.4,124.23,Textiles,Sea,0,16.0,2024-11-05 00:00:00,16.0,Dubai
SC-88222,2024-05-29,Los Angeles,Rotterdam,14302,2354,0.9428,Clear,2.4,148.04,Auto Parts,Sea,0,5.4,2024-06-03 09:36:00,5.4,Jebel Ali
SC-34226,2024-05-11,Atina,Los Angeles,3192,11797,0.851,Clear,4.2,140.49,Textiles,Sea,0,27.3,2024-06-07 07:12:00,27.3,Piraeus
SC-16721,2024-02-28,Ningbo,Felixstowe,13052,6473,0.8542,Fog,4.8,104.98,Textiles,Sea,0,15.0,2024-03-14 00:00:00,15.0,İzmir
SC-66154,2024-11-19,Ningbo,Antwerp,5636,5195,0.7594,Clear,4.5,109.5,Chemicals,Sea,0,12.0,2024-12-01 00:00:00,12.0,New York
SC-30609,2024-07-17,Busan,Rotterdam,8127,11179,0.9202,Fog,2.0,109.35,Auto Parts,Sea,0,25.9,2024-08-11 21:36:00,25.9,Tanger Med
SC-62130,2024-08-02,New York,Dubai,10908,10345,0.6272,Rain,2.8,140.19,Machinery,Sea,0,23.9,2024-08-25 21:36:00,23.9,Atina
SC-82909,2024-02-18,Shanghai,Ningbo,5244,2906,0.9537,Storm,2.4,149.57,Chemicals,Sea,1,8.7,2024-02-26 16:48:00,8.7,Dubai
SC-65249,2024-08-19,Marsilya,Marsilya,8720,9198,0.8184,Fog,3.8,137.81,Textiles,Sea,0,21.3,2024-09-09 07:12:00,21.3,Piraeus
SC-58895,2024-09-03,Ambarli,İzmir,7071,3620,0.7194,Rain,4.3,119.07,Auto Parts,Sea,0,8.4,2024-09-11 09:36:00,8.4,Mersin
SC-15656,2024-08-26,Dubai,Atina,4522,6418,0.9911,Rain,1.9,86.82,Chemicals,Sea,0,14.9,2024-09-09 21:36:00,14.9,Ambarli
SC-84520,2024-06-16,Trieste,Trieste,10164,10523,0.931,Rain,4.8,146.81,Auto Parts,Sea,0,24.4,2024-07-10 09:36:00,24.4,Marsaxlokk
SC-73740,2024-02-17,Antwerp,Felixstowe,3367,6338,0.886,Rain,3.7,140.2,Electronics,Sea,0,14.7,2024-03-02 16:48:00,14.7,İzmir
SC-74309,2024-02-20,Atina,Atina,2557,2429,0.637,Rain,1.9,138.9,Machinery,Sea,0,5.6,2024-02-25 14:24:00,5.6,Atina
SC-39984,2024-10-25,Mersin,Rotterdam,3987,7301,0.9869,Rain,2.5,107.43,Machinery,Sea,0,16.9,2024-11-10 21:36:00,16.9,Atina
SC-83822,2024-04-07,Barcelona,Singapore,4317,4423,0.8715,Clear,1.4,111.3,Machinery,Sea,0,10.2,2024-04-17 04:48:00,10.2,İzmir
SC-15901,2024-08-03,Valencia,Tokyo,5174,10272,0.8026,Clear,3.4,88.38,Textiles,Sea,0,23.8,2024-08-26 19:12:00,23.8,Jebel Ali
SC-41552,2024-06-25,New York,Barcelona,6952,3573,0.9609,Clear,1.7,145.65,Textiles,Sea,0,8.3,2024-07-03 07:12:00,8.3,Atina
SC-41055,2024-03-20,Busan,Ningbo,3599,10035,0.5811,Clear,3.8,146.03,Machinery,Sea,1,30.2,2024-04-19 04:48:00,30.2,Ambarli
SC-47685,2024-07-03,Ambarli,Ningbo,9949,2419,0.5695,Clear,3.9,97.81,Auto Parts,Sea,0,5.6,2024-07-08 14:24:00,5.6,Jebel Ali
SC-83965,2024-01-27,Ningbo,Hamburg,6408,2466,0.7819,Fog,2.9,128.72,Electronics,Sea,1,7.4,2024-02-03 09:36:00,7.4,Jebel Ali
SC-24716,2024-07-13,Hamburg,Shanghai,12302,7176,0.5284,Clear,1.4,94.24,Textiles,Sea,0,16.6,2024-07-29 14:24:00,16.6,Jebel Ali
SC-21138,2024-08-01,Mersin,Marsilya,7714,5393,0.832,Clear,3.4,107.51,Chemicals,Sea,0,12.5,2024-08-13 12:00:00,12.5,Mersin
SC-45298,2024-12-07,Dubai,Barcelona,5341,11757,0.6204,Rain,2.5,101.17,Chemicals,Sea,0,27.2,2025-01-03 04:48:00,27.2,Ambarli
SC-61112,2024-04-23,Busan,Ambarli,10273,11710,0.5595,Fog,4.8,107.27,Textiles,Sea,0,27.1,2024-05-20 02:24:00,27.1,Piraeus
SC-33429,2024-08-29,New York,Marsilya,4496,9433,0.7047,Rain,3.1,101.63,Machinery,Sea,0,21.8,2024-09-19 19:12:00,21.8,Barcelona
SC-60200,2024-05-03,Hamburg,Busan,5037,9394,0.733,Rain,1.3,104.17,Auto Parts,Sea,1,28.3,2024-05-31 07:12:00,28.3,Barcelona
SC-81308,2024-10-31,Tokyo,New York,6671,4035,0.5852,Clear,3.5,135.37,Electronics,Sea,0,9.3,2024-11-09 07:12:00,9.3,Singapore
SC-58244,2024-03-16,Busan,Shanghai,4893,10995,0.5208,Clear,4.1,101.0,Chemicals,Sea,0,25.5,2024-04-10 12:00:00,25.5,Singapore
SC-27347,2024-11-06,İzmir,Busan,8298,11269,0.707,Clear,1.6,137.03,Textiles,Sea,0,26.1,2024-12-02 02:24:00,26.1,Piraeus
SC-26920,2024-11-07,Ambarli,New York,3387,3632,0.8798,Clear,2.8,119.75,Auto Parts,Sea,0,8.4,2024-11-15 09:36:00,8.4,Jebel Ali
SC-41822,2024-07-14,İzmir,Barcelona,5102,3984,0.9371,Clear,4.0,134.63,Machinery,Sea,0,9.2,2024-07-23 04:48:00,9.2,New York
SC-56659,2024-12-16,Trieste,Antwerp,9881,9121,0.5488,Fog,1.1,144.32,Electronics,Sea,0,21.1,2025-01-06 02:24:00,21.1,Tanger Med
SC-50108,2024-02-13,Barcelona,İzmir,5665,2003,0.7623,Rain,1.1,89.69,Electronics,Sea,0,4.6,2024-02-17 14:24:00,4.6,Dubai
SC-99099,2024-07-04,Ambarli,Rotterdam,3871,9477,0.6317,Clear,3.7,104.07,Chemicals,Sea,0,21.9,2024-07-25 21:36:00,21.9,Jebel Ali
SC-17967,2024-12-08,Valencia,Antwerp,5009,7998,0.6873,Clear,3.9,83.89,Chemicals,Sea,0,18.5,2024-12-26 12:00:00,18.5,Dubai
SC-21871,2024-09-02,Rotterdam,Mersin,4190,2602,0.9667,Clear,4.4,108.48,Textiles,Sea,0,6.0,2024-09-08 00:00:00,6.0,Atina
SC-87452,2024-03-24,Valencia,Marsilya,10325,9256,0.676,Clear,2.6,96.62,Electronics,Sea,0,21.4,2024-04-14 09:36:00,21.4,İzmir
SC-84270,2024-07-25,Hamburg,Rotterdam,3495,10692,0.6827,Rain,2.6,120.02,Machinery,Sea,0,24.8,2024-08-18 19:12:00,24.8,Mersin
SC-43613,2024-05-30,Dubai,Marsilya,3459,8714,0.6047,Clear,3.2,134.84,Machinery,Sea,0,20.2,2024-06-19 04:48:00,20.2,İzmir
SC-38179,2024-06-04,İzmir,Los Angeles,12072,10376,0.98,Rain,4.0,114.05,Textiles,Sea,0,24.0,2024-06-28 00:00:00,24.0,Singapore
SC-62188,2024-01-16,New York,Ningbo,7367,5251,0.7282,Rain,3.6,103.35,Electronics,Sea,0,12.2,2024-01-28 04:48:00,12.2,Marsaxlokk
SC-65099,2024-06-13,Hamburg,Los Angeles,9941,5147,0.7852,Clear,2.3,90.68,Chemicals,Sea,0,11.9,2024-06-24 21:36:00,11.9,Tanger Med
SC-45262,2024-05-24,Dubai,Dubai,7989,11487,0.7266,Rain,2.4,81.88,Machinery,Sea,1,34.6,2024-06-27 14:24:00,34.6,Dubai
SC-88213,2024-02-06,Ambarli,Rotterdam,7358,10144,0.6265,Clear,4.1,127.45,Auto Parts,Sea,0,23.5,2024-02-29 12:00:00,23.5,Barcelona
SC-28268,2024-11-28,Trieste,Dubai,8076,2054,0.9052,Clear,3.1,82.14,Textiles,Sea,1,6.2,2024-12-04 04:48:00,6.2,Mersin
SC-87866,2024-02-14,Antwerp,Atina,8385,11916,0.5142,Clear,1.4,144.46,Machinery,Sea,0,27.6,2024-03-12 14:24:00,27.6,Atina
SC-96269,2024-07-24,Los Angeles,Valencia,7311,4910,0.8451,Clear,1.6,121.6,Auto Parts,Sea,0,11.4,2024-08-04 09:36:00,11.4,Trieste
SC-70545,2024-03-02,Dubai,Felixstowe,6110,3870,0.7971,Clear,4.4,104.73,Auto Parts,Sea,0,9.0,2024-03-11 00:00:00,9.0,Singapore
SC-82146,2024-12-21,Hamburg,Dubai,3922,5348,0.5721,Clear,5.0,82.93,Machinery,Sea,0,12.4,2025-01-02 09:36:00,12.4,Jebel Ali
SC-81966,2024-11-03,Hamburg,Hamburg,4939,3601,0.583,Clear,2.3,108.94,Textiles,Sea,0,8.3,2024-11-11 07:12:00,8.3,Jebel Ali
SC-49922,2024-01-19,Mersin,Atina,12932,7767,0.8296,Clear,2.5,140.71,Auto Parts,Sea,0,18.0,2024-02-06 00:00:00,18.0,Singapore
SC-89364,2024-12-30,Atina,New York,3262,7830,0.6561,Rain,1.6,147.89,Auto Parts,Sea,0,18.1,2025-01-17 02:24:00,18.1,Barcelona
SC-52913,2024-10-26,Busan,Dubai,3710,10120,0.6329,Clear,1.9,85.94,Electronics,Sea,0,23.4,2024-11-18 09:36:00,23.4,Trieste
SC-65677,2024-01-07,Busan,New York,5134,9043,0.5296,Rain,2.7,134.4,Electronics,Sea,0,20.9,2024-01-27 21:36:00,20.9,Piraeus
SC-59841,2024-09-05,Busan,Busan,3342,4090,0.8832,Clear,2.1,98.09,Electronics,Sea,0,9.5,2024-09-14 12:00:00,9.5,Mersin
SC-56332,2024-04-26,Busan,Los Angeles,4738,7480,0.9413,Rain,3.8,106.56,Auto Parts,Sea,0,17.3,2024-05-13 07:12:00,17.3,Dubai
SC-35032,2024-03-08,Shanghai,Marsilya,10513,11443,0.9099,Clear,3.2,118.34,Auto Parts,Sea,0,26.5,2024-04-03 12:00:00,26.5,Singapore
SC-47846,2024-02-03,Dubai,Trieste,11770,8370,0.733,Clear,4.3,149.63,Textiles,Sea,0,19.4,2024-02-22 09:36:00,19.4,Barcelona
SC-69474,2024-07-12,Ambarli,Shanghai,6307,7182,0.767,Clear,3.9,94.62,Chemicals,Sea,0,16.6,2024-07-28 14:24:00,16.6,Ambarli
SC-54936,2024-11-20,Felixstowe,New York,5843,2170,0.6211,Clear,1.5,89.13,Electronics,Sea,0,5.0,2024-11-25 00:00:00,5.0,Barcelona
SC-39794,2024-02-24,Antwerp,Trieste,13361,4809,0.5864,Clear,1.5,121.65,Chemicals,Sea,0,11.1,2024-03-06 02:24:00,11.1,Ambarli
SC-71588,2024-09-22,Singapore,Atina,4292,8993,0.9115,Rain,4.6,139.71,Electronics,Sea,0,20.8,2024-10-12 19:12:00,20.8,Dubai
SC-80984,2024-02-11,New York,Ningbo,3776,9929,0.8992,Fog,4.3,125.38,Electronics,Sea,1,29.9,2024-03-11 21:36:00,29.9,Trieste
SC-60331,2024-10-23,Busan,Trieste,11933,11965,0.8887,Clear,2.9,104.33,Textiles,Sea,0,27.7,2024-11-19 16:48:00,27.7,Tanger Med
SC-38141,2024-08-18,Trieste,Ningbo,16749,8711,0.7317,Clear,1.5,148.39,Textiles,Sea,0,20.2,2024-09-07 04:48:00,20.2,Atina
SC-19074,2024-01-10,Barcelona,Trieste,4374,5991,0.9323,Clear,4.6,149.65,Machinery,Sea,0,13.9,2024-01-23 21:36:00,13.9,Marsaxlokk
SC-16406,2024-12-23,Rotterdam,Rotterdam,7837,9135,0.9631,Fog,1.9,133.95,Electronics,Sea,1,27.5,2025-01-19 12:00:00,27.5,Marsaxlokk
SC-33291,2024-05-07,Trieste,Dubai,2666,2826,0.6642,Clear,1.1,136.17,Electronics,Sea,0,6.5,2024-05-13 12:00:00,6.5,Trieste
SC-51568,2024-06-27,Atina,New York,14797,11857,0.6123,Clear,4.7,133.26,Electronics,Sea,0,27.4,2024-07-24 09:36:00,27.4,Marsaxlokk
SC-56851,2024-07-11,Shanghai,Valencia,12993,2129,0.7321,Clear,4.2,98.04,Textiles,Sea,0,4.9,2024-07-15 21:36:00,4.9,Singapore
SC-64823,2024-04-01,Valencia,Shanghai,14381,3417,0.5897,Clear,3.8,90.52,Electronics,Sea,0,7.9,2024-04-08 21:36:00,7.9,Dubai
SC-33312,2024-08-18,Dubai,Mersin,8847,8798,0.942,Clear,1.1,118.8,Machinery,Sea,0,20.4,2024-09-07 09:36:00,20.4,Jebel Ali
SC-53108,2024-03-18,Los Angeles,İzmir,8964,8773,0.669,Clear,3.1,146.79,Auto Parts,Sea,0,20.3,2024-04-07 07:12:00,20.3,Singapore
SC-76918,2024-03-25,Hamburg,Antwerp,12176,3407,0.7881,Clear,3.6,141.48,Machinery,Sea,0,7.9,2024-04-01 21:36:00,7.9,Jebel Ali
SC-44171,2024-01-30,Rotterdam,Ambarli,11124,7136,0.7974,Clear,4.0,87.48,Auto Parts,Sea,0,16.5,2024-02-15 12:00:00,16.5,Atina
SC-51779,2024-07-31,Antwerp,Los Angeles,6495,10785,0.7575,Rain,2.9,83.99,Textiles,Sea,0,25.0,2024-08-25 00:00:00,25.0,Atina
SC-78828,2024-02-18,Dubai,Los Angeles,9449,3037,0.5783,Fog,4.8,141.16,Chemicals,Sea,0,7.0,2024-02-25 00:00:00,7.0,New York
SC-22411,2024-09-21,Tokyo,Antwerp,7044,9546,0.9955,Clear,2.0,122.91,Textiles,Sea,0,22.1,2024-10-13 02:24:00,22.1,Marsaxlokk
SC-67009,2024-05-24,Rotterdam,Marsilya,4124,7903,0.5863,Clear,1.3,101.3,Chemicals,Sea,0,18.3,2024-06-11 07:12:00,18.3,Piraeus
SC-25422,2024-03-09,Mersin,Barcelona,2950,2022,0.8758,Clear,2.3,119.32,Auto Parts,Sea,0,4.7,2024-03-13 16:48:00,4.7,New York
SC-52468,2024-02-27,Tokyo,Barcelona,16701,11825,0.8957,Clear,3.6,95.52,Chemicals,Sea,0,27.4,2024-03-25 09:36:00,27.4,Jebel Ali
SC-42371,2024-07-03,Felixstowe,Antwerp,4113,8287,0.5726,Clear,3.9,146.29,Auto Parts,Sea,0,19.2,2024-07-22 04:48:00,19.2,İzmir
SC-67022,2024-03-02,Ningbo,Mersin,7667,3405,0.9666,Clear,4.0,137.9,Chemicals,Sea,0,7.9,2024-03-09 21:36:00,7.9,New York
SC-81229,2024-11-03,Dubai,İzmir,9181,11670,0.7439,Clear,1.4,147.36,Auto Parts,Sea,0,27.0,2024-11-30 00:00:00,27.0,Atina
SC-61196,2024-10-22,Marsilya,Felixstowe,3018,8467,0.8144,Clear,4.5,93.09,Chemicals,Sea,0,19.6,2024-11-10 14:24:00,19.6,New York
SC-90354,2024-06-14,İzmir,Ambarli,15118,3194,0.8211,Clear,2.1,139.06,Auto Parts,Sea,0,7.4,2024-06-21 09:36:00,7.4,Barcelona
SC-36715,2024-06-19,Marsilya,Rotterdam,8174,10767,0.7525,Clear,1.8,119.22,Machinery,Sea,0,24.9,2024-07-13 21:36:00,24.9,Dubai
SC-37605,2024-03-03,Ningbo,Rotterdam,8461,9923,0.571,Rain,3.5,102.75,Electronics,Sea,0,23.0,2024-03-26 00:00:00,23.0,Piraeus
SC-41174,2024-05-26,Valencia,Ambarli,9290,3606,0.8759,Rain,1.8,113.58,Machinery,Sea,0,8.3,2024-06-03 07:12:00,8.3,İzmir
SC-19956,2024-11-01,Hamburg,Tokyo,7284,10643,0.7909,Storm,3.0,146.11,Textiles,Sea,1,32.0,2024-12-03 00:00:00,32.0,Ambarli
SC-86373,2024-06-09,Dubai,New York,4426,10316,0.5593,Rain,2.6,128.4,Chemicals,Sea,1,31.0,2024-07-10 00:00:00,31.0,Atina
SC-79252,2024-05-20,İzmir,Valencia,7045,8250,0.8502,Clear,1.9,105.19,Auto Parts,Sea,0,19.1,2024-06-08 02:24:00,19.1,Dubai
SC-71949,2024-11-29,Antwerp,Valencia,12557,3683,0.8514,Rain,2.2,149.99,Machinery,Sea,0,8.5,2024-12-07 12:00:00,8.5,Dubai
SC-72646,2024-04-06,Felixstowe,Felixstowe,6562,11098,0.7742,Clear,2.7,104.2,Machinery,Sea,0,25.7,2024-05-01 16:48:00,25.7,Ambarli
SC-80017,2024-08-08,Shanghai,Los Angeles,3277,10621,0.5453,Clear,2.4,136.96,Auto Parts,Sea,0,24.6,2024-09-01 14:24:00,24.6,Piraeus
SC-73037,2024-02-12,Atina,Dubai,7216,4751,0.6763,Clear,2.5,134.91,Chemicals,Sea,0,11.0,2024-02-23 00:00:00,11.0,Atina
SC-99818,2024-10-18,Shanghai,Tokyo,11395,9504,0.5255,Clear,3.9,130.6,Textiles,Sea,0,22.0,2024-11-09 00:00:00,22.0,Trieste
SC-16548,2024-04-17,Ningbo,Antwerp,2936,9663,0.7388,Fog,1.7,126.86,Textiles,Sea,1,29.1,2024-05-16 02:24:00,29.1,Barcelona
SC-83294,2024-09-22,Ambarli,Barcelona,7356,10553,0.9532,Rain,3.5,87.61,Textiles,Sea,1,31.8,2024-10-23 19:12:00,31.8,Tanger Med
SC-33177,2024-04-04,Antwerp,Trieste,11536,10623,0.5011,Clear,3.7,149.65,Auto Parts,Sea,0,24.6,2024-04-28 14:24:00,24.6,Atina
SC-34022,2024-09-18,Trieste,Barcelona,5424,4722,0.6333,Clear,4.2,91.27,Machinery,Sea,0,10.9,2024-09-28 21:36:00,10.9,New York
SC-15542,2024-11-08,Los Angeles,Ambarli,4302,7639,0.8999,Rain,4.4,121.73,Textiles,Sea,0,17.7,2024-11-25 16:48:00,17.7,Trieste
SC-70428,2024-03-11,Busan,Felixstowe,6259,5223,0.5049,Clear,1.6,97.44,Machinery,Sea,0,12.1,2024-03-23 02:24:00,12.1,Marsaxlokk
SC-32740,2024-08-06,Trieste,Ningbo,8788,7441,0.5051,Clear,1.6,91.81,Textiles,Sea,0,17.2,2024-08-23 04:48:00,17.2,Singapore
SC-69353,2024-01-21,Dubai,Valencia,9089,11822,0.8054,Clear,3.5,119.16,Textiles,Sea,0,27.4,2024-02-17 09:36:00,27.4,Ambarli
SC-66532,2024-04-01,Ningbo,Valencia,3087,9381,0.8946,Rain,4.0,138.54,Chemicals,Sea,0,21.7,2024-04-22 16:48:00,21.7,Barcelona
SC-26052,2024-05-06,Valencia,Dubai,2930,7184,0.8883,Clear,2.1,106.39,Auto Parts,Sea,0,16.6,2024-05-22 14:24:00,16.6,Marsaxlokk
SC-57076,2024-03-20,Tokyo,Tokyo,9154,2269,0.8898,Rain,3.1,85.4,Chemicals,Sea,0,5.3,2024-03-25 07:12:00,5.3,Marsaxlokk
SC-63420,2024-11-07,Dubai,Ningbo,17432,9704,0.6805,Rain,4.1,123.66,Machinery,Sea,0,22.5,2024-11-29 12:00:00,22.5,Jebel Ali
SC-10671,2024-08-25,Ambarli,Dubai,3207,8115,0.9414,Clear,4.1,133.65,Machinery,Sea,0,18.8,2024-09-12 19:12:00,18.8,Atina
SC-10163,2024-06-30,New York,Tokyo,3171,11315,0.5064,Clear,3.6,100.73,Auto Parts,Sea,0,26.2,2024-07-26 04:48:00,26.2,İzmir
SC-51424,2024-01-25,Barcelona,Ambarli,9859,9298,0.6561,Clear,1.3,128.34,Textiles,Sea,0,21.5,2024-02-15 12:00:00,21.5,Ambarli
SC-63744,2024-06-04,Ambarli,Mersin,6990,6533,0.6686,Clear,1.2,85.31,Auto Parts,Sea,0,15.1,2024-06-19 02:24:00,15.1,Dubai
SC-80331,2024-01-05,Mersin,Los Angeles,16510,3042,0.5828,Clear,2.6,105.3,Textiles,Sea,1,9.2,2024-01-14 04:48:00,9.2,Trieste
SC-20634,2024-04-29,Marsilya,Trieste,4627,3641,0.6681,Clear,1.1,113.19,Electronics,Sea,0,8.4,2024-05-07 09:36:00,8.4,Tanger Med
SC-14798,2024-10-03,İzmir,Shanghai,9901,8603,0.7929,Clear,4.6,134.74,Electronics,Sea,0,19.9,2024-10-22 21:36:00,19.9,Mersin
SC-32420,2024-01-18,Singapore,Mersin,7448,5297,0.7601,Clear,1.1,103.67,Auto Parts,Sea,0,12.3,2024-01-30 07:12:00,12.3,Jebel Ali
SC-39300,2024-07-16,Shanghai,Los Angeles,7049,9055,0.6597,Clear,1.1,111.76,Electronics,Sea,0,21.0,2024-08-06 00:00:00,21.0,Mersin
SC-99881,2024-02-26,Barcelona,New York,9988,3383,0.8747,Clear,1.7,123.98,Electronics,Sea,0,7.8,2024-03-04 19:12:00,7.8,Trieste
SC-20749,2024-04-02,Antwerp,İzmir,8031,5996,0.8574,Clear,3.5,123.69,Machinery,Sea,0,13.9,2024-04-15 21:36:00,13.9,Ambarli
SC-35121,2024-01-19,Valencia,Shanghai,5582,2014,0.6403,Rain,3.2,116.24,Textiles,Sea,1,6.1,2024-01-25 02:24:00,6.1,Jebel Ali
SC-47487,2024-12-18,Ambarli,Busan,5262,3674,0.6616,Clear,3.6,102.99,Electronics,Sea,0,8.5,2024-12-26 12:00:00,8.5,Ambarli
SC-43361,2024-07-11,Marsilya,Busan,8719,7099,0.6438,Clear,4.6,126.89,Chemicals,Sea,0,16.4,2024-07-27 09:36:00,16.4,Marsaxlokk
SC-31223,2024-08-24,Marsilya,Marsilya,10225,5617,0.5644,Clear,2.8,138.6,Machinery,Sea,0,13.0,2024-09-06 00:00:00,13.0,Dubai
SC-82930,2024-10-03,Trieste,Valencia,5537,10099,0.8764,Rain,1.2,90.77,Textiles,Sea,0,23.4,2024-10-26 09:36:00,23.4,New York
SC-24056,2024-08-14,İzmir,Dubai,6556,8557,0.5231,Clear,4.1,103.83,Machinery,Sea,0,19.8,2024-09-02 19:12:00,19.8,Dubai
SC-38380,2024-08-20,Busan,Rotterdam,6403,7474,0.5753,Fog,4.2,126.81,Chemicals,Sea,0,17.3,2024-09-06 07:12:00,17.3,New York
SC-36035,2024-02-09,Trieste,Dubai,3370,3480,0.5527,Rain,1.2,132.9,Textiles,Sea,0,8.1,2024-02-17 02:24:00,8.1,Atina
SC-40620,2024-11-18,Atina,Tokyo,3936,11937,0.9127,Clear,2.0,134.7,Auto Parts,Sea,0,27.6,2024-12-15 14:24:00,27.6,New York
SC-29877,2024-06-01,Rotterdam,Felixstowe,3108,9698,0.522,Clear,4.1,125.73,Auto Parts,Sea,0,22.4,2024-06-23 09:36:00,22.4,Atina
SC-65316,2024-05-06,Mersin,Dubai,8470,5046,0.8323,Clear,2.5,113.48,Machinery,Sea,0,11.7,2024-05-17 16:48:00,11.7,İzmir
SC-74041,2024-08-24,Felixstowe,Dubai,8411,9363,0.5222,Clear,2.9,125.21,Auto Parts,Sea,0,21.7,2024-09-14 16:48:00,21.7,Tanger Med
SC-63352,2024-02-24,Ambarli,Ambarli,6382,7957,0.8932,Clear,4.3,89.45,Textiles,Sea,0,18.4,2024-03-13 09:36:00,18.4,Trieste
SC-40911,2024-06-20,İzmir,Rotterdam,3218,6210,0.9564,Clear,1.4,94.54,Chemicals,Sea,0,14.4,2024-07-04 09:36:00,14.4,Piraeus
SC-42784,2024-04-18,Felixstowe,Los Angeles,4418,7471,0.7434,Fog,3.7,144.93,Chemicals,Sea,0,17.3,2024-05-05 07:12:00,17.3,Piraeus
SC-13191,2024-12-19,Dubai,Ningbo,3013,2975,0.9023,Clear,1.9,144.55,Auto Parts,Sea,0,6.9,2024-12-25 21:36:00,6.9,Atina
SC-43160,2024-07-02,Hamburg,Antwerp,5091,3685,0.8532,Clear,1.3,130.67,Electronics,Sea,0,8.5,2024-07-10 12:00:00,8.5,Piraeus
SC-74641,2024-07-16,İzmir,Ningbo,8231,4083,0.8978,Clear,3.6,102.89,Electronics,Sea,0,9.5,2024-07-25 12:00:00,9.5,Piraeus
SC-59723,2024-03-27,Valencia,Busan,7437,3686,0.8834,Clear,1.5,125.42,Electronics,Sea,0,8.5,2024-04-04 12:00:00,8.5,Marsaxlokk
SC-13631,2024-07-19,İzmir,Trieste,19254,6158,0.6027,Rain,4.0,128.15,Auto Parts,Sea,0,14.3,2024-08-02 07:12:00,14.3,İzmir
SC-16172,2024-12-02,Atina,İzmir,14895,8809,0.7498,Clear,1.8,116.06,Auto Parts,Sea,0,20.4,2024-12-22 09:36:00,20.4,Barcelona
SC-52080,2024-11-17,Ningbo,Singapore,11841,10700,0.9802,Rain,1.2,132.4,Auto Parts,Sea,1,32.2,2024-12-19 04:48:00,32.2,Trieste
SC-99097,2024-10-01,Rotterdam,Los Angeles,4088,2187,0.6718,Clear,1.4,82.08,Textiles,Sea,0,5.1,2024-10-06 02:24:00,5.1,Singapore
SC-30281,2024-07-29,Shanghai,İzmir,7845,4782,0.9852,Rain,4.4,97.94,Electronics,Sea,0,11.1,2024-08-09 02:24:00,11.1,Marsaxlokk
SC-38671,2024-04-27,Hamburg,Dubai,10894,6188,0.7916,Clear,2.5,135.61,Machinery,Sea,0,14.3,2024-05-11 07:12:00,14.3,Atina
SC-61431,2024-07-09,New York,Valencia,6938,6100,0.7308,Rain,2.2,145.71,Textiles,Sea,0,14.1,2024-07-23 02:24:00,14.1,Dubai
SC-38602,2024-02-11,İzmir,Mersin,4947,4072,0.8289,Rain,3.0,141.33,Textiles,Sea,0,9.4,2024-02-20 09:36:00,9.4,Piraeus
SC-98789,2024-02-11,Barcelona,Ambarli,9400,8651,0.9079,Rain,3.5,130.15,Auto Parts,Sea,0,20.0,2024-03-02 00:00:00,20.0,Barcelona
SC-61399,2024-11-10,Shanghai,Singapore,5088,2097,0.6971,Clear,1.1,91.58,Auto Parts,Sea,0,4.9,2024-11-14 21:36:00,4.9,Atina
SC-33472,2024-10-02,Shanghai,Ningbo,6891,11483,0.5165,Clear,4.6,105.81,Textiles,Sea,0,26.6,2024-10-28 14:24:00,26.6,Singapore
SC-59230,2024-11-24,Trieste,Ambarli,9918,8805,0.8544,Clear,4.8,83.51,Auto Parts,Sea,0,20.4,2024-12-14 09:36:00,20.4,Barcelona
SC-83616,2024-01-17,New York,Singapore,6035,5464,0.9781,Storm,2.7,124.79,Electronics,Sea,1,16.4,2024-02-02 09:36:00,16.4,Barcelona
SC-17099,2024-10-09,Hamburg,Shanghai,6205,3787,0.8125,Clear,2.7,111.49,Textiles,Sea,0,8.8,2024-10-17 19:12:00,8.8,Marsaxlokk
SC-35431,2024-09-14,Hamburg,Mersin,3319,9763,0.5942,Rain,4.5,120.11,Textiles,Sea,0,22.6,2024-10-06 14:24:00,22.6,Dubai
SC-66492,2024-03-03,Shanghai,Tokyo,6976,7404,0.6241,Clear,2.7,148.55,Textiles,Sea,0,17.1,2024-03-20 02:24:00,17.1,Jebel Ali
SC-57684,2024-03-02,New York,New York,3858,2683,0.9549,Clear,4.4,108.16,Auto Parts,Sea,0,6.2,2024-03-08 04:48:00,6.2,Trieste
SC-40111,2024-04-09,Singapore,Ambarli,6707,3132,0.5068,Clear,1.1,101.47,Textiles,Sea,0,7.2,2024-04-16 04:48:00,7.2,Mersin
SC-73936,2024-01-19,Tokyo,Barcelona,3104,7877,0.7744,Clear,3.0,90.54,Machinery,Sea,0,18.2,2024-02-06 04:48:00,18.2,Ambarli
SC-32614,2024-01-17,Barcelona,Los Angeles,6599,8198,0.5793,Clear,4.8,90.05,Machinery,Sea,0,19.0,2024-02-05 00:00:00,19.0,Ambarli
SC-51991,2024-11-20,Barcelona,Singapore,13025,5836,0.6414,Clear,2.0,116.3,Electronics,Sea,0,13.5,2024-12-03 12:00:00,13.5,Marsaxlokk
SC-80476,2024-09-02,Barcelona,Antwerp,4882,11806,0.6535,Clear,2.1,132.45,Textiles,Sea,0,27.3,2024-09-29 07:12:00,27.3,Trieste
SC-70920,2024-09-07,Antwerp,Valencia,3203,3041,0.6096,Rain,3.5,119.51,Textiles,Sea,0,7.0,2024-09-14 00:00:00,7.0,Marsaxlokk
SC-73530,2024-03-21,Atina,İzmir,2784,7889,0.8962,Clear,4.7,141.13,Auto Parts,Sea,0,18.3,2024-04-08 07:12:00,18.3,İzmir
SC-46224,2024-02-08,Barcelona,İzmir,7742,2854,0.6661,Rain,1.8,102.11,Chemicals,Sea,0,6.6,2024-02-14 14:24:00,6.6,Trieste
SC-17788,2024-02-05,Tokyo,Dubai,2810,7738,0.6727,Clear,4.7,121.65,Chemicals,Sea,0,17.9,2024-02-22 21:36:00,17.9,Dubai
SC-38082,2024-07-15,Dubai,Barcelona,6182,4026,0.7265,Rain,3.7,126.29,Textiles,Sea,0,9.3,2024-07-24 07:12:00,9.3,Barcelona
SC-99570,2024-06-06,Antwerp,Singapore,3693,7365,0.9511,Clear,5.0,99.65,Electronics,Sea,0,17.0,2024-06-23 00:00:00,17.0,Ambarli
SC-86816,2024-07-22,Hamburg,Busan,4004,4550,0.8441,Clear,3.9,107.74,Machinery,Sea,1,13.7,2024-08-04 16:48:00,13.7,Singapore
SC-93588,2024-07-14,Los Angeles,Felixstowe,4586,9089,0.5309,Clear,3.7,121.37,Textiles,Sea,0,21.0,2024-08-04 00:00:00,21.0,Tanger Med
SC-26531,2024-08-03,Valencia,Los Angeles,7543,2239,0.5196,Clear,4.3,81.47,Textiles,Sea,0,5.2,2024-08-08 04:48:00,5.2,Trieste
SC-98340,2024-10-11,Los Angeles,Valencia,6163,2489,0.7832,Clear,1.7,142.06,Electronics,Sea,0,5.8,2024-10-16 19:12:00,5.8,Mersin
SC-54857,2024-07-14,Mersin,New York,9804,3036,0.9435,Rain,4.8,87.77,Electronics,Sea,0,7.0,2024-07-21 00:00:00,7.0,Ambarli
SC-20142,2024-11-02,Atina,Felixstowe,7637,11530,0.6616,Rain,1.7,83.33,Chemicals,Sea,0,26.7,2024-11-28 16:48:00,26.7,Atina
SC-58355,2024-05-31,Barcelona,Valencia,8595,8132,0.6239,Clear,1.1,95.05,Textiles,Sea,0,18.8,2024-06-18 19:12:00,18.8,Dubai
SC-19866,2024-01-14,Ningbo,Antwerp,14564,6780,0.8741,Rain,3.8,115.16,Textiles,Sea,0,15.7,2024-01-29 16:48:00,15.7,Jebel Ali
SC-80067,2024-11-20,Atina,Rotterdam,6579,9909,0.801,Clear,1.7,103.01,Auto Parts,Sea,0,22.9,2024-12-12 21:36:00,22.9,Piraeus
SC-74027,2024-05-25,Tokyo,Tokyo,8849,5269,0.7825,Clear,4.0,110.81,Machinery,Sea,0,12.2,2024-06-06 04:48:00,12.2,Ambarli
SC-67906,2024-02-26,Trieste,Los Angeles,4165,8122,0.5747,Clear,4.2,85.9,Auto Parts,Sea,0,18.8,2024-03-15 19:12:00,18.8,Piraeus
SC-38138,2024-07-29,Mersin,İzmir,14375,7710,0.588,Rain,1.9,96.32,Auto Parts,Sea,0,17.8,2024-08-15 19:12:00,17.8,Ambarli
SC-39956,2024-09-24,Valencia,Marsilya,7619,3767,0.6409,Clear,1.3,86.84,Machinery,Sea,0,8.7,2024-10-02 16:48:00,8.7,Mersin
SC-86295,2024-07-28,İzmir,Hamburg,7711,6708,0.6034,Fog,3.0,96.08,Textiles,Sea,0,15.5,2024-08-12 12:00:00,15.5,Marsaxlokk
SC-15439,2024-01-17,Trieste,Los Angeles,9546,10353,0.9857,Clear,4.6,129.23,Chemicals,Sea,0,24.0,2024-02-10 00:00:00,24.0,Trieste
SC-57241,2024-10-12,Ambarli,Antwerp,16857,10847,0.5093,Rain,4.4,120.27,Machinery,Sea,0,25.1,2024-11-06 02:24:00,25.1,Ambarli
SC-52533,2024-12-09,Tokyo,Tokyo,15804,5006,0.813,Rain,1.5,103.38,Electronics,Sea,0,11.6,2024-12-20 14:24:00,11.6,Marsaxlokk
SC-38270,2024-07-21,Shanghai,Dubai,5686,3256,0.7588,Rain,4.9,98.29,Textiles,Sea,0,7.5,2024-07-28 12:00:00,7.5,Mersin
SC-88815,2024-04-08,Busan,Atina,6614,9077,0.6616,Clear,2.1,149.83,Machinery,Sea,0,21.0,2024-04-29 00:00:00,21.0,Trieste
SC-49279,2024-10-05,Marsilya,Rotterdam,3235,7351,0.9438,Clear,2.4,133.75,Machinery,Sea,0,17.0,2024-10-22 00:00:00,17.0,Jebel Ali
SC-33888,2024-07-27,Mersin,Dubai,14370,2749,0.8351,Clear,1.6,137.54,Machinery,Sea,0,6.4,2024-08-02 09:36:00,6.4,Barcelona
SC-27630,2024-05-08,Dubai,Antwerp,5670,2708,0.9992,Clear,2.5,81.85,Chemicals,Sea,0,6.3,2024-05-14 07:12:00,6.3,İzmir
SC-71063,2024-11-30,Valencia,Busan,2573,8416,0.5843,Fog,3.5,84.17,Auto Parts,Sea,1,25.3,2024-12-25 07:12:00,25.3,Marsaxlokk
SC-45144,2024-10-14,Ambarli,Tokyo,3880,11813,0.5439,Clear,3.0,129.88,Auto Parts,Sea,0,27.3,2024-11-10 07:12:00,27.3,Trieste
SC-62161,2024-09-08,Ningbo,İzmir,7946,8950,0.5697,Clear,4.3,93.43,Machinery,Sea,0,20.7,2024-09-28 16:48:00,20.7,Singapore
SC-87360,2024-09-21,Singapore,Felixstowe,6320,10657,0.6346,Clear,3.6,109.8,Machinery,Sea,0,24.7,2024-10-15 16:48:00,24.7,Jebel Ali
SC-60979,2024-09-27,Marsilya,Dubai,14926,11292,0.7084,Clear,2.1,92.89,Auto Parts,Sea,0,26.1,2024-10-23 02:24:00,26.1,İzmir
SC-16979,2024-07-06,Antwerp,Singapore,3324,3713,0.9313,Rain,3.2,92.4,Chemicals,Sea,1,11.2,2024-07-17 04:48:00,11.2,İzmir
SC-36189,2024-08-01,Dubai,Ningbo,10367,9936,0.6418,Clear,1.3,87.64,Textiles,Sea,1,29.9,2024-08-30 21:36:00,29.9,New York
SC-52600,2024-10-09,Busan,Singapore,15454,10308,0.9576,Rain,3.3,121.6,Auto Parts,Sea,0,23.9,2024-11-01 21:36:00,23.9,Ambarli
SC-69560,2024-07-29,Tokyo,Dubai,8909,2195,0.7315,Clear,2.6,131.75,Machinery,Sea,0,5.1,2024-08-03 02:24:00,5.1,Atina
SC-88040,2024-12-30,Valencia,Tokyo,8199,6714,0.8235,Clear,1.4,83.98,Chemicals,Sea,0,15.5,2025-01-14 12:00:00,15.5,Ambarli
SC-71558,2024-03-16,Dubai,New York,9094,11666,0.6322,Clear,2.2,99.29,Chemicals,Sea,0,27.0,2024-04-12 00:00:00,27.0,İzmir
SC-96205,2024-05-27,Mersin,New York,14183,3274,0.578,Clear,4.6,126.09,Machinery,Sea,0,7.6,2024-06-03 14:24:00,7.6,Singapore
SC-16910,2024-11-16,New York,Antwerp,8037,5709,0.9347,Clear,3.3,107.46,Electronics,Sea,0,13.2,2024-11-29 04:48:00,13.2,Trieste
SC-67713,2024-07-31,Busan,Busan,4918,2338,0.5548,Rain,4.6,129.33,Chemicals,Sea,0,5.4,2024-08-05 09:36:00,5.4,Mersin
SC-56857,2024-04-18,Felixstowe,Ningbo,7201,8761,0.887,Clear,2.6,133.15,Auto Parts,Sea,0,20.3,2024-05-08 07:12:00,20.3,Trieste
SC-44964,2024-05-08,İzmir,Marsilya,8120,5511,0.7905,Clear,4.9,82.26,Electronics,Sea,0,12.8,2024-05-20 19:12:00,12.8,Tanger Med
SC-95667,2024-01-10,Marsilya,Los Angeles,6853,6275,0.9306,Rain,2.4,106.66,Textiles,Sea,0,14.5,2024-01-24 12:00:00,14.5,Barcelona
SC-35227,2024-02-16,Mersin,Rotterdam,5753,3656,0.8589,Clear,4.0,131.04,Auto Parts,Sea,0,8.5,2024-02-24 12:00:00,8.5,İzmir
SC-15978,2024-11-10,Hamburg,Ningbo,5387,8762,0.6408,Rain,2.2,106.49,Machinery,Sea,1,26.4,2024-12-06 09:36:00,26.4,Tanger Med
SC-97527,2024-04-05,New York,Atina,6138,10834,0.7872,Clear,1.4,80.41,Electronics,Sea,0,25.1,2024-04-30 02:24:00,25.1,Tanger Med
SC-27153,2024-04-12,Singapore,Felixstowe,9329,11872,0.5065,Clear,4.3,103.54,Auto Parts,Sea,0,27.5,2024-05-09 12:00:00,27.5,New York
SC-69765,2024-12-07,Los Angeles,Rotterdam,14310,11542,0.7376,Clear,4.1,141.09,Chemicals,Sea,1,34.7,2025-01-10 16:48:00,34.7,Barcelona
SC-49071,2024-05-25,Felixstowe,Ningbo,10623,7273,0.543,Clear,4.3,146.64,Machinery,Sea,0,16.8,2024-06-10 19:12:00,16.8,İzmir
SC-79519,2024-01-27,Marsilya,Hamburg,12850,10810,0.7145,Clear,2.2,119.24,Electronics,Sea,0,25.0,2024-02-21 00:00:00,25.0,Jebel Ali
SC-19503,2024-08-07,Valencia,Barcelona,6901,3169,0.5548,Clear,3.8,101.45,Chemicals,Sea,0,7.3,2024-08-14 07:12:00,7.3,Tanger Med
SC-70703,2024-01-18,Valencia,Los Angeles,4155,10443,0.9777,Rain,1.9,112.62,Machinery,Sea,0,24.2,2024-02-11 04:48:00,24.2,Trieste
SC-74379,2024-06-15,Busan,Dubai,2984,10173,0.7615,Clear,1.0,96.53,Machinery,Sea,0,23.5,2024-07-08 12:00:00,23.5,İzmir
SC-67866,2024-03-22,Los Angeles,Ambarli,8931,2301,0.9566,Clear,4.5,91.77,Electronics,Sea,0,5.3,2024-03-27 07:12:00,5.3,Mersin
SC-26905,2024-03-12,Hamburg,Mersin,4060,3566,0.5112,Clear,3.1,114.55,Electronics,Sea,0,8.3,2024-03-20 07:12:00,8.3,Piraeus
SC-55838,2024-11-05,Dubai,Dubai,5263,9816,0.8188,Clear,4.9,131.57,Electronics,Sea,0,22.7,2024-11-27 16:48:00,22.7,Barcelona
SC-68279,2024-09-10,Trieste,Busan,5047,4210,0.6535,Clear,2.5,95.57,Auto Parts,Sea,0,9.7,2024-09-19 16:48:00,9.7,Tanger Med
SC-99489,2024-06-10,Ambarli,Dubai,12902,9230,0.7159,Clear,4.8,143.67,Machinery,Sea,0,21.4,2024-07-01 09:36:00,21.4,İzmir
SC-36806,2024-11-22,Felixstowe,Hamburg,9683,10803,0.9365,Fog,3.5,91.78,Textiles,Sea,0,25.0,2024-12-17 00:00:00,25.0,Mersin
SC-55000,2024-02-07,Ningbo,Ambarli,9692,8588,0.99,Clear,3.0,119.09,Chemicals,Sea,0,19.9,2024-02-26 21:36:00,19.9,Barcelona
SC-32168,2024-07-19,Dubai,Rotterdam,9480,3943,0.6232,Clear,2.2,134.35,Electronics,Sea,0,9.1,2024-07-28 02:24:00,9.1,Ambarli
SC-80119,2024-07-18,İzmir,Mersin,4881,10265,0.9741,Clear,4.3,94.94,Machinery,Sea,0,23.8,2024-08-10 19:12:00,23.8,Piraeus
SC-48714,2024-09-11,Rotterdam,Los Angeles,5313,6637,0.8444,Clear,4.3,100.75,Chemicals,Sea,0,15.4,2024-09-26 09:36:00,15.4,Marsaxlokk
SC-64093,2024-06-27,Dubai,New York,4689,10348,0.9757,Clear,2.7,83.6,Textiles,Sea,0,24.0,2024-07-21 00:00:00,24.0,İzmir
SC-65419,2024-02-04,Barcelona,Shanghai,11313,7385,0.7812,Clear,3.9,146.08,Chemicals,Sea,0,17.1,2024-02-21 02:24:00,17.1,Singapore
SC-59145,2024-03-22,Los Angeles,İzmir,3338,2255,0.9804,Clear,2.8,114.09,Textiles,Sea,0,5.2,2024-03-27 04:48:00,5.2,Trieste
SC-87425,2024-08-07,Dubai,İzmir,12141,5110,0.9462,Clear,4.0,84.5,Electronics,Sea,0,11.8,2024-08-18 19:12:00,11.8,Atina
SC-87811,2024-06-06,Valencia,Rotterdam,6711,11243,0.5643,Rain,5.0,138.11,Auto Parts,Sea,0,26.0,2024-07-02 00:00:00,26.0,Tanger Med
SC-12461,2024-01-04,Ambarli,Mersin,8449,7032,0.6554,Clear,2.0,119.85,Textiles,Sea,0,16.3,2024-01-20 07:12:00,16.3,Jebel Ali
SC-24291,2024-06-15,Felixstowe,Shanghai,9703,8261,0.6215,Storm,3.5,83.87,Electronics,Sea,1,24.9,2024-07-09 21:36:00,24.9,Ambarli
SC-56804,2024-07-22,Shanghai,Los Angeles,5416,4417,0.786,Clear,2.5,111.56,Chemicals,Sea,1,13.3,2024-08-04 07:12:00,13.3,Mersin
SC-86971,2024-07-12,Trieste,Busan,11898,4256,0.9014,Rain,3.2,110.41,Chemicals,Sea,0,9.9,2024-07-21 21:36:00,9.9,Ambarli
SC-74946,2024-08-22,Hamburg,Dubai,6702,4634,0.8797,Rain,4.5,90.23,Chemicals,Sea,0,10.7,2024-09-01 16:48:00,10.7,Ambarli
SC-94080,2024-07-24,Trieste,Ningbo,3699,3891,0.8634,Fog,2.4,109.43,Auto Parts,Sea,0,9.0,2024-08-02 00:00:00,9.0,Piraeus
SC-71332,2024-05-29,Mersin,Barcelona,12584,5464,0.6876,Clear,1.3,99.8,Machinery,Sea,0,12.6,2024-06-10 14:24:00,12.6,Piraeus
SC-87794,2024-06-07,Singapore,Tokyo,9456,11967,0.5698,Clear,4.2,129.0,Textiles,Sea,0,27.7,2024-07-04 16:48:00,27.7,Dubai
SC-40841,2024-10-05,Shanghai,Barcelona,7288,9426,0.6053,Clear,3.2,80.38,Machinery,Sea,1,28.4,2024-11-02 09:36:00,28.4,Atina
SC-58758,2024-10-30,Felixstowe,Dubai,5638,3970,0.8708,Clear,2.8,87.45,Chemicals,Sea,0,9.2,2024-11-08 04:48:00,9.2,Mersin
SC-86272,2024-06-14,Trieste,Shanghai,6626,5953,0.5738,Clear,1.7,144.31,Auto Parts,Sea,0,13.8,2024-06-27 19:12:00,13.8,Atina
SC-47643,2024-11-06,Rotterdam,Dubai,3297,7818,0.6115,Clear,1.4,110.33,Electronics,Sea,0,18.1,2024-11-24 02:24:00,18.1,Singapore
SC-60408,2024-03-08,Trieste,New York,9518,8771,0.7123,Clear,2.1,92.33,Auto Parts,Sea,0,20.3,2024-03-28 07:12:00,20.3,Tanger Med
SC-53950,2024-03-28,Rotterdam,Antwerp,7429,8748,0.5361,Clear,3.9,135.53,Machinery,Sea,0,20.2,2024-04-17 04:48:00,20.2,Dubai
SC-66849,2024-08-04,Barcelona,Atina,6359,7003,0.6063,Clear,2.6,139.61,Chemicals,Sea,0,16.2,2024-08-20 04:48:00,16.2,Ambarli
SC-38044,2024-01-01,Marsilya,Ambarli,7235,2648,0.5749,Clear,3.3,94.78,Textiles,Sea,0,6.1,2024-01-07 02:24:00,6.1,Dubai
SC-25997,2024-05-14,Mersin,Ambarli,13345,11832,0.9757,Clear,1.3,129.95,Auto Parts,Sea,0,27.4,2024-06-10 09:36:00,27.4,New York
SC-89751,2024-07-03,Marsilya,Dubai,9844,10720,0.5958,Clear,1.5,123.06,Machinery,Sea,0,24.8,2024-07-27 19:12:00,24.8,Trieste
SC-33911,2024-12-16,Tokyo,Shanghai,10534,4101,0.9309,Rain,1.0,132.15,Machinery,Sea,0,9.5,2024-12-25 12:00:00,9.5,İzmir
SC-65533,2024-05-19,Busan,Dubai,7075,2418,0.5574,Clear,3.7,135.15,Electronics,Sea,0,5.6,2024-05-24 14:24:00,5.6,Ambarli
SC-92566,2024-04-15,Felixstowe,Ambarli,14789,4352,0.9348,Fog,2.1,126.27,Textiles,Sea,1,13.1,2024-04-28 02:24:00,13.1,New York
SC-24571,2024-05-12,Marsilya,Tokyo,7451,7775,0.7997,Clear,4.9,146.94,Machinery,Sea,0,18.0,2024-05-30 00:00:00,18.0,Singapore
SC-67941,2024-04-17,Atina,Dubai,2919,10276,0.9249,Rain,2.2,140.5,Textiles,Sea,0,23.8,2024-05-10 19:12:00,23.8,Marsaxlokk
SC-68005,2024-06-26,Antwerp,Los Angeles,10667,9691,0.9337,Clear,2.5,96.03,Chemicals,Sea,0,22.4,2024-07-18 09:36:00,22.4,Piraeus
SC-96250,2024-10-24,Dubai,Rotterdam,8618,3751,0.7982,Fog,2.9,143.95,Auto Parts,Sea,1,11.3,2024-11-04 07:12:00,11.3,Piraeus
SC-68712,2024-12-23,Hamburg,Trieste,7109,4657,0.9588,Clear,2.3,105.17,Machinery,Sea,0,10.8,2025-01-02 19:12:00,10.8,Trieste
SC-53541,2024-12-24,Singapore,Busan,3945,8123,0.7927,Rain,4.3,130.86,Chemicals,Sea,0,18.8,2025-01-11 19:12:00,18.8,Mersin
SC-33387,2024-05-25,Los Angeles,Hamburg,9739,7524,0.8563,Clear,4.5,139.36,Electronics,Sea,0,17.4,2024-06-11 09:36:00,17.4,Marsaxlokk
SC-58908,2024-03-14,Tokyo,Felixstowe,4509,4351,0.708,Clear,1.0,110.55,Textiles,Sea,0,10.1,2024-03-24 02:24:00,10.1,Mersin
SC-95457,2024-04-17,Hamburg,Barcelona,13765,10071,0.957,Clear,3.6,83.61,Chemicals,Sea,0,23.3,2024-05-10 07:12:00,23.3,Singapore
SC-23057,2024-05-01,Valencia,Trieste,5420,3289,0.9121,Clear,3.7,146.48,Textiles,Sea,0,7.6,2024-05-08 14:24:00,7.6,Ambarli
SC-74028,2024-01-17,Dubai,Antwerp,14342,4702,0.5834,Clear,4.8,85.07,Textiles,Sea,0,10.9,2024-01-27 21:36:00,10.9,Atina
SC-65731,2024-07-14,İzmir,Rotterdam,5786,10835,0.7882,Fog,2.5,104.37,Machinery,Sea,0,25.1,2024-08-08 02:24:00,25.1,Barcelona
SC-34858,2024-11-22,Trieste,Atina,12201,4905,0.9484,Clear,1.8,121.75,Textiles,Sea,0,11.4,2024-12-03 09:36:00,11.4,Mersin
SC-58689,2024-11-13,Shanghai,Trieste,6418,6669,0.8965,Clear,3.1,88.23,Chemicals,Sea,0,15.4,2024-11-28 09:36:00,15.4,Dubai
SC-54638,2024-10-23,Hamburg,Los Angeles,7180,4922,0.9813,Clear,2.8,138.67,Electronics,Sea,0,11.4,2024-11-03 09:36:00,11.4,Jebel Ali
SC-56486,2024-09-08,Rotterdam,Marsilya,12856,8654,0.6157,Clear,4.2,94.24,Machinery,Sea,0,20.0,2024-09-28 00:00:00,20.0,Ambarli
SC-30567,2024-04-28,Trieste,Atina,9969,4021,0.6837,Clear,4.6,149.02,Auto Parts,Sea,0,9.3,2024-05-07 07:12:00,9.3,İzmir
SC-39739,2024-06-10,Mersin,Trieste,7347,5624,0.7536,Rain,1.3,144.15,Electronics,Sea,0,13.0,2024-06-23 00:00:00,13.0,Piraeus
SC-67804,2024-07-16,Ambarli,Ningbo,10997,8344,0.6163,Clear,4.4,122.32,Chemicals,Sea,0,19.3,2024-08-04 07:12:00,19.3,Tanger Med
SC-13754,2024-02-14,Los Angeles,Los Angeles,9812,9778,0.697,Clear,4.6,126.2,Machinery,Sea,0,22.6,2024-03-07 14:24:00,22.6,New York
SC-37044,2024-11-09,Felixstowe,Shanghai,8628,2136,0.7688,Clear,4.7,117.35,Textiles,Sea,0,4.9,2024-11-13 21:36:00,4.9,Barcelona
SC-77260,2024-06-27,Singapore,Los Angeles,8782,6225,0.5957,Clear,4.1,107.38,Electronics,Sea,0,14.4,2024-07-11 09:36:00,14.4,Piraeus
SC-76912,2024-02-13,Valencia,Marsilya,8418,11410,0.6283,Clear,4.0,104.62,Machinery,Sea,0,26.4,2024-03-10 09:36:00,26.4,Tanger Med
SC-18706,2024-09-27,Shanghai,Busan,7468,11209,0.5624,Clear,1.1,142.42,Auto Parts,Sea,0,25.9,2024-10-22 21:36:00,25.9,Ambarli
SC-18894,2024-03-18,Valencia,İzmir,9232,5140,0.8567,Clear,4.7,120.36,Auto Parts,Sea,0,11.9,2024-03-29 21:36:00,11.9,Marsaxlokk
SC-28037,2024-11-21,Ambarli,Hamburg,9190,4587,0.6808,Fog,2.4,137.63,Auto Parts,Sea,1,13.8,2024-12-04 19:12:00,13.8,New York
SC-93986,2024-06-26,Barcelona,Busan,7777,8669,0.6101,Clear,1.2,115.98,Machinery,Sea,0,20.1,2024-07-16 02:24:00,20.1,Atina
SC-91942,2024-12-22,Busan,Tokyo,3587,4605,0.7537,Rain,2.7,101.49,Electronics,Sea,0,10.7,2025-01-01 16:48:00,10.7,Dubai
SC-61612,2024-01-03,Ambarli,Busan,8689,7004,0.5341,Clear,3.9,86.42,Textiles,Sea,0,16.2,2024-01-19 04:48:00,16.2,Tanger Med
SC-39725,2024-08-01,Felixstowe,Ambarli,3923,10400,0.9617,Clear,2.8,102.66,Electronics,Sea,0,24.1,2024-08-25 02:24:00,24.1,Atina
SC-15926,2024-12-07,Dubai,New York,2806,9504,0.6472,Clear,4.0,141.61,Textiles,Sea,0,22.0,2024-12-29 00:00:00,22.0,Piraeus
SC-19496,2024-03-14,İzmir,Rotterdam,9797,5810,0.9432,Clear,3.0,129.84,Electronics,Sea,0,13.4,2024-03-27 09:36:00,13.4,Trieste
SC-66447,2024-02-20,Los Angeles,Tokyo,19985,8080,0.7488,Clear,2.2,135.01,Electronics,Sea,0,18.7,2024-03-09 16:48:00,18.7,Dubai
SC-39806,2024-03-07,Trieste,Marsilya,6825,9408,0.9251,Clear,1.8,134.14,Machinery,Sea,1,28.3,2024-04-04 07:12:00,28.3,Piraeus
SC-98199,2024-11-27,Shanghai,Dubai,4929,6153,0.6235,Storm,2.7,88.4,Auto Parts,Sea,1,18.5,2024-12-15 12:00:00,18.5,Jebel Ali
SC-51321,2024-04-02,Hamburg,Valencia,4000,5376,0.5876,Clear,1.1,91.12,Auto Parts,Sea,0,12.4,2024-04-14 09:36:00,12.4,Trieste
SC-75095,2024-06-24,Trieste,Rotterdam,7863,3368,0.9247,Rain,2.7,102.21,Auto Parts,Sea,0,7.8,2024-07-01 19:12:00,7.8,Barcelona
SC-32656,2024-05-24,Dubai,Antwerp,6864,9809,0.6065,Clear,1.3,101.07,Auto Parts,Sea,0,22.7,2024-06-15 16:48:00,22.7,Piraeus
SC-65147,2024-01-07,Tokyo,Rotterdam,3811,5800,0.8731,Clear,4.5,84.63,Electronics,Sea,0,13.4,2024-01-20 09:36:00,13.4,Tanger Med
SC-59666,2024-09-25,Valencia,Marsilya,3460,3037,0.6723,Clear,3.3,90.74,Auto Parts,Sea,0,7.0,2024-10-02 00:00:00,7.0,New York
SC-92368,2024-11-17,Atina,Atina,8524,2992,0.8741,Clear,3.6,139.94,Electronics,Sea,0,6.9,2024-11-23 21:36:00,6.9,Tanger Med
SC-48787,2024-01-04,İzmir,Dubai,7805,9312,0.9538,Clear,2.2,121.23,Textiles,Sea,0,21.6,2024-01-25 14:24:00,21.6,Singapore
SC-72946,2024-05-17,İzmir,Mersin,12261,6510,0.9908,Clear,1.9,103.96,Chemicals,Sea,0,15.1,2024-06-01 02:24:00,15.1,Barcelona
SC-31727,2024-08-18,Antwerp,Valencia,8193,2393,0.6799,Clear,3.8,116.85,Chemicals,Sea,0,5.5,2024-08-23 12:00:00,5.5,New York
SC-78056,2024-03-28,Rotterdam,Marsilya,6749,10005,0.6838,Clear,3.7,98.29,Textiles,Sea,0,23.2,2024-04-20 04:48:00,23.2,Ambarli
SC-13081,2024-01-17,New York,Barcelona,4132,5686,0.9907,Clear,1.5,120.87,Electronics,Sea,1,17.1,2024-02-03 02:24:00,17.1,Marsaxlokk
SC-44196,2024-02-21,Atina,Tokyo,6160,2357,0.9308,Clear,2.0,85.22,Auto Parts,Sea,0,5.5,2024-02-26 12:00:00,5.5,Marsaxlokk
SC-46735,2024-05-13,Tokyo,Hamburg,5110,6004,0.5225,Rain,4.8,143.19,Machinery,Sea,0,13.9,2024-05-26 21:36:00,13.9,New York
SC-90102,2024-07-29,New York,Dubai,5544,3181,0.7867,Clear,2.2,96.83,Electronics,Sea,0,7.4,2024-08-05 09:36:00,7.4,Piraeus
SC-89578,2024-11-20,Shanghai,Atina,8739,8817,0.5906,Fog,1.1,137.34,Electronics,Sea,0,20.4,2024-12-10 09:36:00,20.4,New York
SC-35498,2024-08-06,Dubai,Marsilya,4105,4065,0.997,Clear,1.3,126.2,Textiles,Sea,0,9.4,2024-08-15 09:36:00,9.4,Trieste
SC-86865,2024-07-23,Mersin,Hamburg,8249,8871,0.5695,Clear,4.1,116.61,Textiles,Sea,0,20.5,2024-08-12 12:00:00,20.5,Marsaxlokk
SC-41656,2024-07-29,Valencia,Marsilya,9222,5129,0.7797,Clear,4.0,145.09,Machinery,Sea,0,11.9,2024-08-09 21:36:00,11.9,Trieste
SC-77695,2024-10-03,Mersin,Atina,13028,2154,0.8326,Clear,2.5,90.98,Auto Parts,Sea,0,5.0,2024-10-08 00:00:00,5.0,Marsaxlokk
SC-47900,2024-01-24,Busan,New York,7130,11746,0.9685,Rain,1.6,88.35,Chemicals,Sea,0,27.2,2024-02-20 04:48:00,27.2,Atina
SC-94899,2024-01-04,Tokyo,Ningbo,14554,10678,0.9236,Clear,3.0,102.53,Auto Parts,Sea,0,24.7,2024-01-28 16:48:00,24.7,Ambarli
SC-57701,2024-05-31,Tokyo,Shanghai,5440,8294,0.6229,Clear,2.3,138.12,Auto Parts,Sea,0,19.2,2024-06-19 04:48:00,19.2,İzmir
SC-29033,2024-09-15,Rotterdam,İzmir,10329,11574,0.7863,Clear,2.5,82.46,Electronics,Sea,1,34.8,2024-10-19 19:12:00,34.8,New York
SC-20805,2024-11-19,Tokyo,İzmir,8234,4415,0.9768,Clear,2.0,96.76,Machinery,Sea,0,10.2,2024-11-29 04:48:00,10.2,Atina
SC-45851,2024-12-22,Mersin,Rotterdam,19074,3070,0.8679,Fog,1.3,109.73,Electronics,Sea,0,7.1,2024-12-29 02:24:00,7.1,Barcelona
SC-36832,2024-06-16,Marsilya,Rotterdam,8496,4254,0.8442,Rain,4.2,129.91,Textiles,Sea,0,9.8,2024-06-25 19:12:00,9.8,Tanger Med
SC-73437,2024-06-24,Hamburg,Singapore,3259,10042,0.8775,Clear,3.5,100.95,Chemicals,Sea,0,23.2,2024-07-17 04:48:00,23.2,Jebel Ali
SC-23944,2024-11-05,Singapore,Valencia,6323,11698,0.6613,Clear,4.3,111.37,Machinery,Sea,0,27.1,2024-12-02 02:24:00,27.1,İzmir
SC-29873,2024-10-17,Busan,Antwerp,16279,9807,0.8646,Fog,3.0,103.58,Machinery,Sea,1,29.5,2024-11-15 12:00:00,29.5,New York
SC-50372,2024-02-25,Ningbo,Dubai,6303,8840,0.6164,Clear,4.9,86.44,Auto Parts,Sea,0,20.5,2024-03-16 12:00:00,20.5,Jebel Ali
SC-99464,2024-04-17,Rotterdam,Trieste,8255,8713,0.7141,Fog,4.9,131.71,Electronics,Sea,1,26.2,2024-05-13 04:48:00,26.2,Tanger Med
SC-25379,2024-10-22,Dubai,Dubai,9699,4190,0.945,Clear,2.1,112.3,Auto Parts,Sea,0,9.7,2024-10-31 16:48:00,9.7,Tanger Med
SC-46751,2024-11-19,Dubai,Tokyo,3677,9264,0.5095,Clear,2.5,136.88,Auto Parts,Sea,0,21.4,2024-12-10 09:36:00,21.4,New York
SC-99822,2024-10-28,Los Angeles,Antwerp,4098,11262,0.7072,Rain,4.0,128.63,Machinery,Sea,0,26.1,2024-11-23 02:24:00,26.1,Singapore
SC-15110,2024-11-29,İzmir,Ningbo,12667,10382,0.6334,Clear,4.1,84.05,Chemicals,Sea,0,24.0,2024-12-23 00:00:00,24.0,Marsaxlokk
SC-64341,2024-05-20,Tokyo,Tokyo,6332,10331,0.5993,Clear,4.6,115.01,Textiles,Sea,0,23.9,2024-06-12 21:36:00,23.9,Barcelona
SC-22087,2024-06-03,Ambarli,Rotterdam,7167,9398,0.9193,Clear,3.6,149.36,Auto Parts,Sea,0,21.8,2024-06-24 19:12:00,21.8,Atina
SC-33762,2024-09-18,Dubai,Tokyo,7138,4972,0.8482,Clear,2.9,101.55,Chemicals,Sea,0,11.5,2024-09-29 12:00:00,11.5,Mersin
SC-92617,2024-09-29,Tokyo,Los Angeles,15487,3514,0.5563,Clear,2.5,114.51,Auto Parts,Sea,0,8.1,2024-10-07 02:24:00,8.1,Marsaxlokk
SC-19596,2024-08-19,Atina,Antwerp,14750,5970,0.7472,Clear,2.7,125.64,Chemicals,Sea,0,13.8,2024-09-01 19:12:00,13.8,Barcelona
SC-28313,2024-08-28,Shanghai,Busan,8208,6719,0.7335,Clear,4.4,94.16,Electronics,Sea,0,15.6,2024-09-12 14:24:00,15.6,Atina
SC-76549,2024-12-20,Antwerp,Valencia,5533,3345,0.5713,Clear,4.9,129.18,Textiles,Sea,0,7.7,2024-12-27 16:48:00,7.7,Trieste
SC-33705,2024-12-02,Trieste,Dubai,3460,3917,0.8999,Clear,1.2,126.18,Machinery,Sea,0,9.1,2024-12-11 02:24:00,9.1,Atina
SC-77364,2024-09-14,Ambarli,Marsilya,7062,9641,0.6833,Storm,3.3,106.25,Electronics,Sea,1,29.0,2024-10-13 00:00:00,29.0,Atina
SC-83445,2024-09-05,Dubai,Barcelona,9571,10644,0.881,Rain,3.1,99.91,Auto Parts,Sea,0,24.6,2024-09-29 14:24:00,24.6,Ambarli
SC-88645,2024-03-17,Tokyo,İzmir,5709,3611,0.596,Clear,2.5,144.34,Auto Parts,Sea,0,8.4,2024-03-25 09:36:00,8.4,Jebel Ali
SC-12023,2024-06-28,Felixstowe,Rotterdam,2846,4078,0.6575,Clear,4.4,88.89,Textiles,Sea,0,9.4,2024-07-07 09:36:00,9.4,New York
SC-69796,2024-03-06,Rotterdam,Dubai,7134,4064,0.5476,Clear,3.3,110.24,Textiles,Sea,0,9.4,2024-03-15 09:36:00,9.4,Tanger Med
SC-90073,2024-11-03,İzmir,İzmir,12070,9379,0.5717,Rain,2.3,133.69,Textiles,Sea,0,21.7,2024-11-24 16:48:00,21.7,Jebel Ali
SC-74429,2024-12-13,Rotterdam,Dubai,11245,7779,0.9416,Clear,2.8,90.37,Auto Parts,Sea,0,18.0,2024-12-31 00:00:00,18.0,Ambarli
SC-71627,2024-06-19,Dubai,Rotterdam,3876,11450,0.5546,Rain,2.4,145.3,Auto Parts,Sea,0,26.5,2024-07-15 12:00:00,26.5,Ambarli
SC-43848,2024-01-22,Ningbo,Dubai,9876,9150,0.5479,Clear,2.7,116.84,Machinery,Sea,0,21.2,2024-02-12 04:48:00,21.2,Marsaxlokk
SC-47804,2024-04-16,Hamburg,Atina,8749,2353,0.9702,Clear,1.3,115.34,Textiles,Sea,0,5.4,2024-04-21 09:36:00,5.4,Trieste
SC-25379,2024-11-18,Mersin,Ningbo,6489,7718,0.823,Clear,1.4,109.7,Chemicals,Sea,0,17.9,2024-12-05 21:36:00,17.9,Tanger Med
SC-69664,2024-08-14,New York,Dubai,8887,5636,0.5505,Clear,3.5,140.72,Machinery,Sea,0,13.0,2024-08-27 00:00:00,13.0,New York
SC-37766,2024-08-03,Barcelona,Trieste,7634,11755,0.9859,Clear,3.7,146.39,Chemicals,Sea,0,27.2,2024-08-30 04:48:00,27.2,Atina
SC-78099,2024-03-09,New York,Singapore,8278,8044,0.5736,Clear,3.5,106.6,Electronics,Sea,0,18.6,2024-03-27 14:24:00,18.6,Jebel Ali
SC-46060,2024-03-24,Busan,Singapore,11570,2711,0.8832,Clear,4.1,117.97,Textiles,Sea,0,6.3,2024-03-30 07:12:00,6.3,Marsaxlokk
SC-79122,2024-04-12,İzmir,Barcelona,2521,11048,0.5174,Clear,4.8,102.08,Machinery,Sea,0,25.6,2024-05-07 14:24:00,25.6,Trieste
SC-26087,2024-02-08,Singapore,Singapore,7863,6272,0.8123,Clear,4.4,105.76,Machinery,Sea,0,14.5,2024-02-22 12:00:00,14.5,Marsaxlokk
SC-58868,2024-01-13,Tokyo,Felixstowe,6421,3429,0.7734,Clear,2.7,81.98,Electronics,Sea,0,7.9,2024-01-20 21:36:00,7.9,Marsaxlokk
SC-33225,2024-10-23,İzmir,İzmir,2796,8444,0.604,Rain,1.9,135.02,Electronics,Sea,0,19.5,2024-11-11 12:00:00,19.5,Singapore
SC-16643,2024-11-08,Dubai,İzmir,8901,5420,0.8216,Clear,2.2,147.85,Electronics,Sea,0,12.5,2024-11-20 12:00:00,12.5,Dubai
SC-46727,2024-06-29,Busan,Dubai,9566,4068,0.8085,Rain,3.4,133.87,Machinery,Sea,0,9.4,2024-07-08 09:36:00,9.4,Mersin
SC-21005,2024-09-24,Shanghai,Dubai,7002,9159,0.8992,Clear,4.4,116.27,Auto Parts,Sea,0,21.2,2024-10-15 04:48:00,21.2,Jebel Ali
SC-75697,2024-01-13,Trieste,Dubai,14097,6806,0.9379,Clear,3.8,137.93,Chemicals,Sea,0,15.8,2024-01-28 19:12:00,15.8,Trieste
SC-26029,2024-04-29,Marsilya,Los Angeles,2615,8844,0.7551,Clear,3.2,140.05,Chemicals,Sea,0,20.5,2024-05-19 12:00:00,20.5,Jebel Ali
SC-24226,2024-12-18,Antwerp,Mersin,4558,10343,0.7451,Fog,3.4,118.12,Electronics,Sea,0,23.9,2025-01-10 21:36:00,23.9,Atina
SC-73646,2024-02-26,Los Angeles,Rotterdam,2826,5231,0.8108,Clear,3.1,145.6,Auto Parts,Sea,0,12.1,2024-03-09 02:24:00,12.1,Trieste
SC-70603,2024-02-09,New York,Los Angeles,4127,4906,0.8646,Clear,4.9,82.11,Auto Parts,Sea,0,11.4,2024-02-20 09:36:00,11.4,Singapore
SC-38731,2024-12-01,Rotterdam,Marsilya,7930,5551,0.6781,Fog,4.3,80.71,Electronics,Sea,0,12.8,2024-12-13 19:12:00,12.8,Atina
SC-78926,2024-05-07,Dubai,Tokyo,9357,11658,0.7523,Clear,4.1,85.7,Textiles,Sea,0,27.0,2024-06-03 00:00:00,27.0,İzmir
SC-15997,2024-06-21,İzmir,İzmir,2507,6191,0.7926,Clear,3.1,84.05,Machinery,Sea,0,14.3,2024-07-05 07:12:00,14.3,Marsaxlokk
SC-65506,2024-02-04,Rotterdam,Atina,5971,5423,0.9942,Clear,2.3,109.72,Textiles,Sea,0,12.6,2024-02-16 14:24:00,12.6,Marsaxlokk
SC-88229,2024-09-15,Atina,Rotterdam,5768,6057,0.7939,Rain,1.1,145.82,Auto Parts,Sea,0,14.0,2024-09-29 00:00:00,14.0,Marsaxlokk
SC-59815,2024-01-05,Singapore,Hamburg,7112,7194,0.6121,Clear,1.2,127.27,Electronics,Sea,0,16.7,2024-01-21 16:48:00,16.7,İzmir
SC-52092,2024-08-05,Rotterdam,Dubai,3961,5665,0.794,Rain,1.1,126.16,Machinery,Sea,0,13.1,2024-08-18 02:24:00,13.1,Mersin
SC-72539,2024-01-11,Felixstowe,Barcelona,4237,6735,0.9097,Clear,4.9,106.94,Chemicals,Sea,0,15.6,2024-01-26 14:24:00,15.6,Ambarli
SC-76077,2024-11-22,Barcelona,Hamburg,6890,11348,0.9287,Rain,1.5,117.36,Auto Parts,Sea,0,26.3,2024-12-18 07:12:00,26.3,Atina
SC-31817,2024-04-26,Valencia,Valencia,5013,8389,0.9001,Clear,1.6,101.29,Machinery,Sea,0,19.4,2024-05-15 09:36:00,19.4,Jebel Ali
SC-47861,2024-07-02,Busan,Busan,8630,9882,0.9441,Clear,2.9,116.25,Machinery,Sea,0,22.9,2024-07-24 21:36:00,22.9,Piraeus
SC-23428,2024-12-27,Trieste,Tokyo,6404,7289,0.6674,Clear,2.9,132.27,Textiles,Sea,0,16.9,2025-01-12 21:36:00,16.9,Ambarli
SC-53934,2024-04-25,Valencia,Antwerp,6612,9798,0.7538,Rain,4.7,119.11,Chemicals,Sea,0,22.7,2024-05-17 16:48:00,22.7,Marsaxlokk
SC-20258,2024-06-10,Singapore,Trieste,4777,5408,0.8898,Clear,1.3,109.32,Textiles,Sea,0,12.5,2024-06-22 12:00:00,12.5,İzmir
SC-67775,2024-03-07,Shanghai,New York,9341,3161,0.6322,Clear,4.8,139.14,Textiles,Sea,0,7.3,2024-03-14 07:12:00,7.3,Mersin
SC-91580,2024-07-18,Ningbo,Antwerp,19029,3259,0.6858,Clear,1.9,100.12,Textiles,Sea,0,7.5,2024-07-25 12:00:00,7.5,Tanger Med
SC-15469,2024-01-31,Ningbo,Mersin,5011,6090,0.9156,Clear,4.9,113.7,Textiles,Sea,0,14.1,2024-02-14 02:24:00,14.1,Tanger Med
SC-38854,2024-03-15,İzmir,Rotterdam,13120,7690,0.885,Storm,3.2,148.47,Auto Parts,Sea,1,23.1,2024-04-07 02:24:00,23.1,Atina
SC-16256,2024-08-24,Dubai,Los Angeles,8538,4981,0.9856,Clear,3.6,147.71,Chemicals,Sea,0,11.5,2024-09-04 12:00:00,11.5,Atina
SC-86256,2024-11-22,Ningbo,Ambarli,7116,10065,0.998,Clear,2.3,80.44,Textiles,Sea,0,23.3,2024-12-15 07:12:00,23.3,Jebel Ali
SC-43937,2024-03-06,Barcelona,Atina,7120,5554,0.6204,Clear,3.4,117.26,Auto Parts,Sea,0,12.9,2024-03-18 21:36:00,12.9,Piraeus
SC-11651,2024-03-10,Trieste,Antwerp,2805,11416,0.9502,Rain,3.8,103.58,Auto Parts,Sea,0,26.4,2024-04-05 09:36:00,26.4,Piraeus
SC-60288,2024-10-23,Rotterdam,Hamburg,13948,4389,0.5473,Rain,1.0,100.39,Machinery,Sea,1,13.2,2024-11-05 04:48:00,13.2,Marsaxlokk
SC-94730,2024-01-20,Ningbo,Dubai,10282,10158,0.8549,Fog,1.1,121.74,Machinery,Sea,1,30.6,2024-02-19 14:24:00,30.6,Jebel Ali
SC-35051,2024-08-13,Trieste,Singapore,9319,3014,0.61,Clear,4.9,111.24,Electronics,Sea,0,7.0,2024-08-20 00:00:00,7.0,Trieste
SC-37386,2024-07-17,Shanghai,İzmir,2972,7729,0.6502,Rain,2.8,131.3,Auto Parts,Sea,0,17.9,2024-08-03 21:36:00,17.9,Ambarli
SC-85054,2024-02-08,Felixstowe,Ambarli,3655,5713,0.9732,Clear,4.7,81.9,Electronics,Sea,0,13.2,2024-02-21 04:48:00,13.2,Ambarli
SC-26184,2024-05-24,Antwerp,Dubai,8239,3492,0.6316,Clear,3.9,144.88,Auto Parts,Sea,0,8.1,2024-06-01 02:24:00,8.1,Piraeus
SC-43787,2024-02-14,Antwerp,Felixstowe,7127,9585,0.8366,Rain,2.5,119.73,Textiles,Sea,1,28.8,2024-03-13 19:12:00,28.8,Ambarli
SC-31621,2024-11-21,Atina,New York,5766,6122,0.5891,Clear,1.6,127.88,Textiles,Sea,0,14.2,2024-12-05 04:48:00,14.2,Tanger Med
SC-85564,2024-03-31,Tokyo,Los Angeles,9034,11892,0.5467,Rain,4.9,122.32,Electronics,Sea,0,27.5,2024-04-27 12:00:00,27.5,New York
SC-87984,2024-08-25,Hamburg,Trieste,7452,2454,0.6697,Clear,3.3,149.24,Textiles,Sea,0,5.7,2024-08-30 16:48:00,5.7,Ambarli
SC-69792,2024-03-10,Ambarli,Ningbo,4582,2917,0.8121,Clear,1.8,149.04,Textiles,Sea,0,6.8,2024-03-16 19:12:00,6.8,İzmir
SC-55253,2024-06-14,Atina,Tokyo,3500,8723,0.624,Clear,3.7,122.69,Machinery,Sea,1,26.2,2024-07-10 04:48:00,26.2,Piraeus
SC-44051,2024-05-09,Valencia,Barcelona,8798,10205,0.6501,Clear,1.4,127.88,Textiles,Sea,0,23.6,2024-06-01 14:24:00,23.6,Singapore
SC-59811,2024-08-01,Singapore,Rotterdam,3744,8241,0.8544,Clear,4.5,123.3,Machinery,Sea,0,19.1,2024-08-20 02:24:00,19.1,Tanger Med
SC-40447,2024-12-05,New York,İzmir,9460,6374,0.5514,Clear,1.4,101.75,Chemicals,Sea,0,14.8,2024-12-19 19:12:00,14.8,Barcelona
SC-93930,2024-03-29,Shanghai,Tokyo,9459,8059,0.7235,Fog,1.9,93.48,Auto Parts,Sea,1,24.3,2024-04-22 07:12:00,24.3,Trieste
SC-40254,2024-11-30,Tokyo,Trieste,8143,2489,0.9709,Fog,1.4,108.19,Machinery,Sea,0,5.8,2024-12-05 19:12:00,5.8,Tanger Med
SC-94045,2024-09-08,Felixstowe,Rotterdam,5410,2984,0.6985,Clear,1.4,127.79,Machinery,Sea,0,6.9,2024-09-14 21:36:00,6.9,Mersin
SC-67418,2024-12-14,Los Angeles,Tokyo,5922,2960,0.7171,Clear,3.1,83.92,Machinery,Sea,0,6.9,2024-12-20 21:36:00,6.9,Jebel Ali
SC-24472,2024-03-12,Antwerp,Dubai,6814,10050,0.8691,Clear,3.7,116.0,Auto Parts,Sea,0,23.3,2024-04-04 07:12:00,23.3,Marsaxlokk
SC-13471,2024-06-13,New York,New York,2551,3782,0.8895,Clear,4.2,108.59,Auto Parts,Sea,0,8.8,2024-06-21 19:12:00,8.8,Mersin
SC-18329,2024-02-18,Valencia,Marsilya,17599,7983,0.8848,Clear,3.8,116.92,Auto Parts,Sea,0,18.5,2024-03-07 12:00:00,18.5,Singapore
SC-44865,2024-02-21,New York,Antwerp,7716,3869,0.9989,Clear,2.5,140.22,Textiles,Sea,0,9.0,2024-03-01 00:00:00,9.0,Ambarli
SC-56850,2024-10-15,Singapore,Antwerp,11243,4644,0.5357,Clear,3.2,83.33,Machinery,Sea,0,10.8,2024-10-25 19:12:00,10.8,Trieste
SC-64220,2024-10-04,İzmir,New York,3930,8838,0.9911,Rain,4.7,133.45,Auto Parts,Sea,0,20.5,2024-10-24 12:00:00,20.5,Singapore
SC-16397,2024-04-23,Marsilya,Ambarli,3019,6345,0.9751,Clear,2.6,126.68,Chemicals,Sea,0,14.7,2024-05-07 16:48:00,14.7,Ambarli
SC-45525,2024-08-26,New York,Tokyo,3399,7702,0.9261,Clear,2.0,94.27,Auto Parts,Sea,0,17.8,2024-09-12 19:12:00,17.8,Barcelona
SC-63072,2024-05-12,Mersin,Ambarli,7723,10075,0.7271,Clear,3.1,131.39,Electronics,Sea,0,23.3,2024-06-04 07:12:00,23.3,Jebel Ali
SC-93820,2024-09-30,Singapore,Trieste,13844,9630,0.9355,Clear,2.2,114.75,Electronics,Sea,0,22.3,2024-10-22 07:12:00,22.3,Trieste
SC-94530,2024-06-14,Barcelona,Ningbo,9845,7902,0.6104,Clear,2.0,113.67,Machinery,Sea,0,18.3,2024-07-02 07:12:00,18.3,New York
SC-33284,2024-10-19,Singapore,Marsilya,8604,8032,0.8958,Clear,4.1,113.81,Machinery,Sea,0,18.6,2024-11-06 14:24:00,18.6,Ambarli
SC-71330,2024-08-30,Ambarli,Felixstowe,2642,3825,0.5926,Clear,4.6,146.45,Machinery,Sea,0,8.9,2024-09-07 21:36:00,8.9,Piraeus
SC-93369,2024-11-15,Rotterdam,Felixstowe,3579,5110,0.9077,Clear,3.0,146.11,Textiles,Sea,0,11.8,2024-11-26 19:12:00,11.8,Tanger Med
SC-35122,2024-05-17,Tokyo,Singapore,2698,5770,0.8073,Clear,4.1,143.95,Electronics,Sea,0,13.4,2024-05-30 09:36:00,13.4,Marsaxlokk
SC-80553,2024-03-19,Ningbo,Atina,3296,2029,0.549,Clear,1.7,142.07,Electronics,Sea,0,4.7,2024-03-23 16:48:00,4.7,Jebel Ali
SC-91906,2024-06-18,Shanghai,Mersin,9544,10958,0.9477,Rain,3.2,82.63,Machinery,Sea,0,25.4,2024-07-13 09:36:00,25.4,İzmir
SC-72812,2024-05-02,Trieste,Hamburg,11212,10806,0.789,Clear,3.5,108.04,Electronics,Sea,0,25.0,2024-05-27 00:00:00,25.0,Barcelona
SC-17999,2024-06-24,Singapore,Busan,4151,11196,0.8281,Clear,3.0,142.64,Electronics,Sea,0,25.9,2024-07-19 21:36:00,25.9,Marsaxlokk
SC-32436,2024-10-26,Barcelona,New York,2917,4121,0.6418,Rain,1.5,132.86,Textiles,Sea,0,9.5,2024-11-04 12:00:00,9.5,Mersin
SC-52963,2024-03-22,Dubai,Tokyo,3839,5009,0.9358,Clear,3.9,111.97,Chemicals,Sea,0,11.6,2024-04-02 14:24:00,11.6,Marsaxlokk
SC-12096,2024-03-27,Valencia,Tokyo,5830,5819,0.7726,Clear,4.4,134.13,Machinery,Sea,0,13.5,2024-04-09 12:00:00,13.5,New York
SC-35279,2024-08-12,Hamburg,Marsilya,5495,9739,0.7106,Clear,3.5,94.57,Chemicals,Sea,0,22.5,2024-09-03 12:00:00,22.5,İzmir
SC-36201,2024-01-16,Singapore,Hamburg,8202,10215,0.7671,Clear,1.7,121.99,Chemicals,Sea,0,23.6,2024-02-08 14:24:00,23.6,Atina
SC-29715,2024-11-05,Barcelona,New York,5075,6059,0.8517,Clear,1.3,117.31,Textiles,Sea,0,14.0,2024-11-19 00:00:00,14.0,Trieste
SC-39309,2024-12-23,Hamburg,Shanghai,6369,4910,0.8475,Clear,2.2,120.15,Electronics,Sea,0,11.4,2025-01-03 09:36:00,11.4,Ambarli
SC-25078,2024-06-11,Busan,Marsilya,13761,3970,0.6788,Rain,1.1,130.53,Machinery,Sea,0,9.2,2024-06-20 04:48:00,9.2,Dubai
SC-66614,2024-04-07,Trieste,Hamburg,6572,11730,0.6926,Clear,4.4,146.49,Auto Parts,Sea,0,27.2,2024-05-04 04:48:00,27.2,Ambarli
SC-15105,2024-06-04,Ambarli,Barcelona,6478,8655,0.7811,Clear,3.8,98.48,Chemicals,Sea,0,20.0,2024-06-24 00:00:00,20.0,Singapore
SC-12839,2024-01-02,Tokyo,Atina,9774,6767,0.9622,Clear,3.3,133.06,Chemicals,Sea,0,15.7,2024-01-17 16:48:00,15.7,Dubai
SC-78920,2024-12-15,Singapore,Rotterdam,4605,10762,0.8727,Clear,4.6,125.16,Textiles,Sea,0,24.9,2025-01-08 21:36:00,24.9,Atina
SC-53619,2024-06-17,Antwerp,Dubai,2973,3242,0.6952,Clear,1.4,128.66,Chemicals,Sea,0,7.5,2024-06-24 12:00:00,7.5,Tanger Med
SC-52821,2024-11-10,Shanghai,New York,7980,2712,0.6685,Rain,3.9,110.02,Chemicals,Sea,0,6.3,2024-11-16 07:12:00,6.3,Dubai
SC-23493,2024-11-20,Trieste,Felixstowe,8055,11485,0.7618,Clear,1.6,146.12,Chemicals,Sea,0,26.6,2024-12-16 14:24:00,26.6,Tanger Med
SC-27069,2024-04-01,Antwerp,Singapore,5064,4866,0.935,Clear,1.2,113.58,Textiles,Sea,0,11.3,2024-04-12 07:12:00,11.3,Piraeus
SC-17531,2024-06-29,Dubai,Dubai,6504,11866,0.5043,Clear,1.5,88.51,Electronics,Sea,0,27.5,2024-07-26 12:00:00,27.5,Barcelona
SC-47051,2024-08-18,Barcelona,Dubai,6940,8153,0.8552,Clear,4.8,127.65,Chemicals,Sea,0,18.9,2024-09-05 21:36:00,18.9,Singapore
SC-17736,2024-10-27,Dubai,Atina,9793,7587,0.6473,Rain,2.8,89.02,Machinery,Sea,0,17.6,2024-11-13 14:24:00,17.6,Piraeus
SC-17710,2024-05-27,Ambarli,Antwerp,3420,11551,0.6042,Clear,1.2,102.59,Chemicals,Sea,0,26.7,2024-06-22 16:48:00,26.7,Mersin
SC-77155,2024-10-06,Dubai,Ningbo,7023,10827,0.5061,Clear,3.3,95.96,Chemicals,Sea,0,25.1,2024-10-31 02:24:00,25.1,Trieste
SC-23975,2024-07-07,Hamburg,Mersin,3920,11401,0.9483,Storm,1.8,117.73,Machinery,Sea,1,34.3,2024-08-10 07:12:00,34.3,Tanger Med
SC-72424,2024-12-12,Ambarli,Hamburg,7895,9713,0.9561,Clear,1.0,104.33,Textiles,Sea,0,22.5,2025-01-03 12:00:00,22.5,Mersin
SC-55603,2024-12-15,Ningbo,Tokyo,14274,8861,0.5307,Clear,4.0,91.19,Auto Parts,Sea,0,20.5,2025-01-04 12:00:00,20.5,Ambarli
SC-33252,2024-11-09,Tokyo,Valencia,7575,3297,0.7609,Rain,1.6,135.36,Machinery,Sea,0,7.6,2024-11-16 14:24:00,7.6,Marsaxlokk
SC-90797,2024-05-07,Singapore,Marsilya,9140,2357,0.5763,Rain,4.8,112.79,Auto Parts,Sea,0,5.5,2024-05-12 12:00:00,5.5,New York
SC-11431,2024-01-07,Singapore,Busan,6257,7102,0.8793,Clear,3.4,111.81,Electronics,Sea,0,16.4,2024-01-23 09:36:00,16.4,Dubai
SC-84603,2024-02-16,Atina,Shanghai,11004,2240,0.8327,Clear,1.3,142.05,Electronics,Sea,0,5.2,2024-02-21 04:48:00,5.2,Ambarli
SC-47481,2024-02-22,Valencia,Mersin,8614,8854,0.6486,Clear,1.9,117.72,Chemicals,Sea,0,20.5,2024-03-13 12:00:00,20.5,Atina
SC-19557,2024-07-05,Singapore,Antwerp,7547,3826,0.5585,Clear,3.4,129.69,Chemicals,Sea,1,11.5,2024-07-16 12:00:00,11.5,Barcelona
SC-84971,2024-02-07,Tokyo,Tokyo,7568,10115,0.9156,Clear,2.4,102.96,Textiles,Sea,0,23.4,2024-03-01 09:36:00,23.4,Ambarli
SC-10162,2024-08-13,Dubai,Busan,19388,5558,0.8371,Rain,3.1,119.29,Auto Parts,Sea,0,12.9,2024-08-25 21:36:00,12.9,Tanger Med
SC-44742,2024-02-22,Busan,Shanghai,5855,5860,0.5034,Clear,4.2,130.85,Electronics,Sea,0,13.6,2024-03-06 14:24:00,13.6,Trieste
SC-29675,2024-08-11,Hamburg,Dubai,5028,6447,0.8139,Clear,4.2,100.75,Electronics,Sea,0,14.9,2024-08-25 21:36:00,14.9,Piraeus
SC-83997,2024-06-02,Atina,Busan,2978,6139,0.9051,Clear,3.8,128.2,Chemicals,Sea,0,14.2,2024-06-16 04:48:00,14.2,Mersin
SC-27015,2024-02-17,Dubai,Trieste,3982,2137,0.7954,Clear,4.5,119.81,Chemicals,Sea,0,4.9,2024-02-21 21:36:00,4.9,New York
SC-60057,2024-12-16,Marsilya,Ambarli,15936,5734,0.7124,Clear,1.8,110.39,Textiles,Sea,0,13.3,2024-12-29 07:12:00,13.3,Jebel Ali
SC-42591,2024-05-26,Ambarli,Marsilya,8333,3967,0.792,Fog,1.7,129.91,Chemicals,Sea,1,11.9,2024-06-06 21:36:00,11.9,Dubai
SC-19833,2024-03-04,Valencia,Dubai,5747,8579,0.8099,Clear,4.2,102.18,Chemicals,Sea,0,19.9,2024-03-23 21:36:00,19.9,Ambarli
SC-17896,2024-12-14,Mersin,Ambarli,8922,6849,0.82,Clear,2.3,130.02,Textiles,Sea,0,15.9,2024-12-29 21:36:00,15.9,İzmir
SC-42972,2024-06-30,Trieste,İzmir,18234,10334,0.9835,Clear,3.0,118.58,Chemicals,Sea,0,23.9,2024-07-23 21:36:00,23.9,Atina
SC-59733,2024-05-04,Singapore,Mersin,4857,9167,0.5893,Rain,4.0,97.19,Chemicals,Sea,0,21.2,2024-05-25 04:48:00,21.2,Trieste
SC-51800,2024-06-27,Felixstowe,Los Angeles,3239,7942,0.8115,Rain,2.6,126.78,Chemicals,Sea,0,18.4,2024-07-15 09:36:00,18.4,Atina
SC-15347,2024-02-08,Marsilya,Atina,6568,9466,0.594,Rain,1.5,141.93,Auto Parts,Sea,0,21.9,2024-02-29 21:36:00,21.9,İzmir
SC-69063,2024-09-16,New York,Mersin,5316,8405,0.605,Clear,3.7,101.7,Electronics,Sea,0,19.5,2024-10-05 12:00:00,19.5,Trieste
SC-12643,2024-01-03,Mersin,Los Angeles,3656,7515,0.8346,Rain,4.3,136.86,Machinery,Sea,0,17.4,2024-01-20 09:36:00,17.4,İzmir
SC-50785,2024-03-04,New York,New York,2740,10051,0.958,Clear,1.1,103.53,Electronics,Sea,0,23.3,2024-03-27 07:12:00,23.3,İzmir
SC-28681,2024-01-29,Rotterdam,Hamburg,6614,4019,0.5795,Clear,3.3,137.48,Auto Parts,Sea,0,9.3,2024-02-07 07:12:00,9.3,Ambarli
SC-60026,2024-01-11,Marsilya,Valencia,8653,8174,0.9812,Fog,2.9,83.58,Machinery,Sea,1,24.6,2024-02-04 14:24:00,24.6,Dubai
SC-25892,2024-04-06,New York,Tokyo,7576,9092,0.6597,Rain,2.0,80.51,Electronics,Sea,0,21.0,2024-04-27 00:00:00,21.0,İzmir
SC-57299,2024-12-23,Busan,Busan,5863,4849,0.6957,Rain,1.6,87.93,Textiles,Sea,0,11.2,2025-01-03 04:48:00,11.2,Tanger Med
SC-27073,2024-07-21,Felixstowe,Ambarli,11925,3192,0.5768,Clear,1.8,141.18,Auto Parts,Sea,1,9.6,2024-07-30 14:24:00,9.6,Piraeus
SC-40682,2024-01-21,Felixstowe,Felixstowe,7960,4355,0.8079,Clear,3.9,117.36,Textiles,Sea,0,10.1,2024-01-31 02:24:00,10.1,İzmir
SC-24289,2024-02-08,Barcelona,Shanghai,11321,4506,0.7982,Fog,3.1,121.59,Textiles,Sea,0,10.4,2024-02-18 09:36:00,10.4,Dubai
SC-17927,2024-08-10,Atina,Tokyo,3790,2333,0.7211,Clear,4.9,138.95,Electronics,Sea,0,5.4,2024-08-15 09:36:00,5.4,Singapore
SC-58330,2024-04-11,Hamburg,Atina,5892,4562,0.738,Clear,2.0,83.55,Machinery,Sea,0,10.6,2024-04-21 14:24:00,10.6,Singapore
SC-76707,2024-02-15,Barcelona,Barcelona,18256,3795,0.8115,Rain,4.8,107.1,Chemicals,Sea,0,8.8,2024-02-23 19:12:00,8.8,New York
SC-87454,2024-03-06,Busan,Barcelona,4159,2253,0.7917,Clear,3.1,125.02,Chemicals,Sea,0,5.2,2024-03-11 04:48:00,5.2,Mersin
SC-75428,2024-03-31,Hamburg,Valencia,2900,5657,0.6871,Rain,1.6,108.33,Auto Parts,Sea,1,17.0,2024-04-17 00:00:00,17.0,Singapore
SC-60601,2024-06-12,Atina,Dubai,5543,9502,0.9421,Rain,1.6,82.25,Textiles,Sea,0,22.0,2024-07-04 00:00:00,22.0,Marsaxlokk
SC-87465,2024-04-20,Felixstowe,Ambarli,9689,11615,0.8338,Clear,3.4,125.57,Auto Parts,Sea,0,26.9,2024-05-16 21:36:00,26.9,Dubai
SC-12539,2024-12-03,Singapore,Rotterdam,6592,5237,0.6027,Clear,4.3,107.4,Electronics,Sea,0,12.1,2024-12-15 02:24:00,12.1,Ambarli
SC-32669,2024-05-02,Tokyo,Busan,5895,5331,0.66,Clear,4.0,81.34,Textiles,Sea,0,12.3,2024-05-14 07:12:00,12.3,Barcelona
SC-80968,2024-07-11,Felixstowe,İzmir,7844,3027,0.8939,Rain,3.6,91.94,Chemicals,Sea,0,7.0,2024-07-18 00:00:00,7.0,İzmir
SC-30644,2024-04-08,Valencia,Marsilya,3001,4166,0.5523,Clear,1.7,95.23,Electronics,Sea,0,9.6,2024-04-17 14:24:00,9.6,Tanger Med
SC-28745,2024-10-17,İzmir,Antwerp,7871,2469,0.8751,Clear,1.4,115.74,Electronics,Sea,1,7.4,2024-10-24 09:36:00,7.4,Jebel Ali
SC-38228,2024-06-07,Barcelona,Dubai,10886,9660,0.6794,Clear,1.0,93.05,Auto Parts,Sea,0,22.4,2024-06-29 09:36:00,22.4,Jebel Ali
SC-44521,2024-04-12,Dubai,Barcelona,8791,9905,0.7758,Clear,1.4,105.29,Auto Parts,Sea,0,22.9,2024-05-04 21:36:00,22.9,Piraeus
SC-36928,2024-10-07,Valencia,New York,14735,7983,0.6403,Clear,4.1,132.55,Machinery,Sea,0,18.5,2024-10-25 12:00:00,18.5,Atina
SC-28322,2024-02-12,Rotterdam,Ningbo,6065,3093,0.9932,Rain,4.6,136.54,Chemicals,Sea,0,7.2,2024-02-19 04:48:00,7.2,Atina
SC-67714,2024-03-24,Rotterdam,Dubai,3533,6789,0.9529,Storm,2.0,135.68,Chemicals,Sea,1,20.4,2024-04-13 09:36:00,20.4,Singapore
SC-97896,2024-07-09,New York,Dubai,3590,4912,0.9642,Clear,4.2,128.66,Auto Parts,Sea,0,11.4,2024-07-20 09:36:00,11.4,Marsaxlokk
SC-72292,2024-02-20,Mersin,Rotterdam,8546,7489,0.5924,Clear,1.8,117.93,Chemicals,Sea,0,17.3,2024-03-08 07:12:00,17.3,Atina
SC-39055,2024-07-28,Busan,Mersin,4233,2180,0.9208,Clear,2.0,118.54,Chemicals,Sea,0,5.0,2024-08-02 00:00:00,5.0,Piraeus
SC-52891,2024-05-05,Rotterdam,Felixstowe,8782,11412,0.7677,Clear,1.9,146.74,Electronics,Sea,0,26.4,2024-05-31 09:36:00,26.4,Ambarli
SC-91912,2024-03-09,Los Angeles,Dubai,8323,6142,0.8539,Clear,1.2,141.45,Textiles,Sea,0,14.2,2024-03-23 04:48:00,14.2,Mersin
SC-16588,2024-09-21,Valencia,Atina,13777,5623,0.6088,Hurricane,1.8,125.48,Textiles,Sea,1,16.9,2024-10-07 21:36:00,16.9,Ambarli
SC-16304,2024-09-14,New York,Hamburg,3985,6729,0.856,Clear,2.5,112.79,Machinery,Sea,0,15.6,2024-09-29 14:24:00,15.6,İzmir
SC-17345,2024-07-06,Rotterdam,Singapore,9728,7259,0.9571,Clear,2.6,131.03,Textiles,Sea,1,21.8,2024-07-27 19:12:00,21.8,New York
SC-39300,2024-08-17,Ningbo,Felixstowe,4214,10029,0.6337,Clear,2.2,84.39,Chemicals,Sea,0,23.2,2024-09-09 04:48:00,23.2,Piraeus
SC-34259,2024-07-07,Antwerp,Atina,9176,11755,0.6167,Fog,3.1,146.12,Electronics,Sea,1,35.4,2024-08-11 09:36:00,35.4,Dubai
SC-98553,2024-01-10,Antwerp,Dubai,14785,6684,0.5522,Clear,2.5,118.33,Textiles,Sea,0,15.5,2024-01-25 12:00:00,15.5,Ambarli
SC-25352,2024-04-23,Valencia,Busan,7530,9854,0.6334,Clear,4.9,115.2,Chemicals,Sea,0,22.8,2024-05-15 19:12:00,22.8,Trieste
SC-43365,2024-03-16,İzmir,Rotterdam,4683,5632,0.7679,Clear,4.2,100.36,Chemicals,Sea,0,13.0,2024-03-29 00:00:00,13.0,Mersin
SC-29446,2024-06-12,Felixstowe,Rotterdam,13724,7973,0.9164,Clear,4.7,80.24,Auto Parts,Sea,0,18.5,2024-06-30 12:00:00,18.5,Mersin
SC-12336,2024-03-25,Antwerp,İzmir,2684,8417,0.6394,Clear,3.2,84.29,Auto Parts,Sea,1,25.3,2024-04-19 07:12:00,25.3,Jebel Ali
SC-72032,2024-02-18,Hamburg,Shanghai,5596,3562,0.8106,Clear,3.7,98.41,Textiles,Sea,0,8.2,2024-02-26 04:48:00,8.2,Mersin
SC-85415,2024-11-21,Valencia,Barcelona,8732,3413,0.7398,Clear,1.7,117.91,Auto Parts,Sea,0,7.9,2024-11-28 21:36:00,7.9,New York
SC-17521,2024-06-25,Antwerp,Dubai,8532,8504,0.6443,Fog,4.0,85.85,Chemicals,Sea,0,19.7,2024-07-14 16:48:00,19.7,Atina
SC-81707,2024-08-05,Hamburg,Los Angeles,15031,3017,0.7552,Rain,1.9,148.04,Chemicals,Sea,0,7.0,2024-08-12 00:00:00,7.0,İzmir
SC-33481,2024-07-07,Rotterdam,Los Angeles,4312,5654,0.584,Clear,1.6,108.77,Auto Parts,Sea,0,13.1,2024-07-20 02:24:00,13.1,Trieste
SC-28474,2024-12-11,Valencia,Busan,9632,8842,0.8198,Storm,1.2,102.14,Electronics,Sea,1,26.6,2025-01-06 14:24:00,26.6,İzmir
SC-56760,2024-08-17,Valencia,Felixstowe,19757,10949,0.5578,Clear,2.9,116.76,Auto Parts,Sea,1,32.9,2024-09-18 21:36:00,32.9,Ambarli
SC-65718,2024-09-11,Tokyo,Rotterdam,7574,8098,0.8655,Rain,2.1,84.55,Electronics,Sea,0,18.7,2024-09-29 16:48:00,18.7,New York
SC-54629,2024-08-23,Ningbo,Trieste,6447,10812,0.5889,Clear,4.9,139.53,Auto Parts,Sea,0,25.0,2024-09-17 00:00:00,25.0,İzmir
SC-55232,2024-01-26,Antwerp,Trieste,19975,5584,0.9991,Clear,2.0,112.22,Chemicals,Sea,0,12.9,2024-02-07 21:36:00,12.9,Trieste
SC-96544,2024-03-12,New York,Marsilya,5726,2181,0.9118,Clear,4.5,92.48,Chemicals,Sea,0,5.0,2024-03-17 00:00:00,5.0,New York
SC-77169,2024-09-17,Antwerp,New York,3178,8829,0.6719,Clear,2.3,91.32,Auto Parts,Sea,0,20.4,2024-10-07 09:36:00,20.4,Jebel Ali
SC-60669,2024-09-10,Ambarli,Barcelona,9956,4667,0.7131,Clear,4.0,105.27,Machinery,Sea,0,10.8,2024-09-20 19:12:00,10.8,Trieste
SC-88021,2024-09-27,Tokyo,Tokyo,8119,11991,0.6296,Clear,3.6,120.14,Electronics,Sea,0,27.8,2024-10-24 19:12:00,27.8,İzmir
SC-79184,2024-05-02,Antwerp,Mersin,3261,8173,0.8836,Clear,3.2,109.18,Machinery,Sea,0,18.9,2024-05-20 21:36:00,18.9,İzmir
SC-57945,2024-05-23,Mersin,Dubai,6245,7421,0.6904,Rain,2.7,121.78,Chemicals,Sea,0,17.2,2024-06-09 04:48:00,17.2,Atina
SC-23140,2024-09-13,Trieste,Ningbo,12966,11691,0.8776,Clear,3.7,129.38,Electronics,Sea,0,27.1,2024-10-10 02:24:00,27.1,Jebel Ali
SC-93457,2024-05-23,Trieste,Rotterdam,7882,11176,0.5092,Rain,2.6,132.39,Auto Parts,Sea,0,25.9,2024-06-17 21:36:00,25.9,Atina
SC-24357,2024-09-15,New York,Antwerp,7332,4364,0.5678,Rain,3.2,108.07,Electronics,Sea,0,10.1,2024-09-25 02:24:00,10.1,Marsaxlokk
SC-78673,2024-02-16,Mersin,Hamburg,9406,7516,0.6825,Clear,3.4,130.19,Electronics,Sea,0,17.4,2024-03-04 09:36:00,17.4,Atina
SC-75633,2024-12-16,Shanghai,Antwerp,7180,5305,0.5545,Clear,2.1,89.91,Textiles,Sea,0,12.3,2024-12-28 07:12:00,12.3,Dubai
SC-86943,2024-01-13,Marsilya,New York,4002,4215,0.8006,Clear,2.4,115.92,Electronics,Sea,0,9.8,2024-01-22 19:12:00,9.8,Dubai
SC-88258,2024-07-26,Valencia,Busan,13498,2125,0.5254,Fog,1.1,85.08,Chemicals,Sea,0,4.9,2024-07-30 21:36:00,4.9,Jebel Ali
SC-22924,2024-11-06,Felixstowe,İzmir,6109,4620,0.9299,Clear,4.4,97.09,Machinery,Sea,0,10.7,2024-11-16 16:48:00,10.7,Marsaxlokk
SC-79286,2024-08-22,Rotterdam,Los Angeles,6757,6215,0.8807,Rain,4.0,120.82,Machinery,Sea,0,14.4,2024-09-05 09:36:00,14.4,Ambarli
SC-84071,2024-05-28,Hamburg,Antwerp,12658,3451,0.6081,Rain,1.7,131.83,Auto Parts,Sea,1,10.4,2024-06-07 09:36:00,10.4,New York
SC-67326,2024-11-17,Hamburg,Antwerp,5799,11200,0.7419,Fog,2.4,86.67,Textiles,Sea,0,25.9,2024-12-12 21:36:00,25.9,Jebel Ali
SC-40651,2024-06-03,Singapore,Tokyo,9131,11405,0.7259,Clear,2.7,94.49,Machinery,Sea,0,26.4,2024-06-29 09:36:00,26.4,Marsaxlokk
SC-80202,2024-06-14,Valencia,Singapore,8264,7547,0.8624,Clear,2.3,149.43,Machinery,Sea,0,17.5,2024-07-01 12:00:00,17.5,Mersin
SC-58777,2024-03-30,Ambarli,New York,4581,8703,0.7008,Rain,4.2,103.64,Electronics,Sea,0,20.1,2024-04-19 02:24:00,20.1,Trieste
SC-26994,2024-07-04,Antwerp,Singapore,7613,9369,0.5165,Rain,3.9,99.88,Chemicals,Sea,0,21.7,2024-07-25 16:48:00,21.7,Mersin
SC-77263,2024-11-13,Shanghai,Trieste,9756,5130,0.6369,Clear,4.1,85.97,Chemicals,Sea,0,11.9,2024-11-24 21:36:00,11.9,Trieste
SC-69634,2024-12-23,Antwerp,Atina,4760,2696,0.7331,Clear,4.6,128.64,Auto Parts,Sea,0,6.2,2024-12-29 04:48:00,6.2,Ambarli
SC-20800,2024-06-22,Shanghai,Singapore,9186,4270,0.9872,Clear,3.4,115.58,Chemicals,Sea,0,9.9,2024-07-01 21:36:00,9.9,Mersin
SC-47823,2024-08-04,Marsilya,Barcelona,7870,11707,0.9406,Clear,3.5,91.03,Machinery,Sea,0,27.1,2024-08-31 02:24:00,27.1,Marsaxlokk
SC-73878,2024-09-20,Busan,Hamburg,4434,11226,0.5907,Rain,3.9,124.3,Electronics,Sea,0,26.0,2024-10-16 00:00:00,26.0,Mersin
SC-28708,2024-04-06,Rotterdam,New York,6007,11727,0.8616,Clear,3.7,116.8,Chemicals,Sea,0,27.1,2024-05-03 02:24:00,27.1,İzmir
SC-22819,2024-04-26,Dubai,Singapore,13440,11005,0.9684,Clear,4.5,119.55,Textiles,Sea,0,25.5,2024-05-21 12:00:00,25.5,Mersin
SC-84905,2024-07-17,Ambarli,Felixstowe,6731,10501,0.5044,Clear,4.1,149.64,Textiles,Sea,0,24.3,2024-08-10 07:12:00,24.3,Marsaxlokk
SC-73870,2024-11-15,İzmir,Busan,9739,11203,0.8605,Rain,1.5,82.0,Textiles,Sea,0,25.9,2024-12-10 21:36:00,25.9,Trieste
SC-19283,2024-01-21,Los Angeles,Trieste,5743,11210,0.7297,Clear,4.7,144.05,Chemicals,Sea,0,25.9,2024-02-15 21:36:00,25.9,Jebel Ali
SC-40573,2024-07-18,Dubai,Tokyo,6421,5411,0.8401,Clear,3.7,138.93,Electronics,Sea,0,12.5,2024-07-30 12:00:00,12.5,Atina
SC-88707,2024-12-06,Antwerp,Dubai,7306,5718,0.8028,Clear,1.5,109.07,Chemicals,Sea,0,13.2,2024-12-19 04:48:00,13.2,Jebel Ali
SC-40933,2024-09-04,Rotterdam,Rotterdam,5276,8717,0.9923,Clear,4.1,141.67,Machinery,Sea,0,20.2,2024-09-24 04:48:00,20.2,Tanger Med
SC-15774,2024-10-02,Hamburg,Los Angeles,3092,6920,0.6444,Clear,2.4,125.4,Chemicals,Sea,0,16.0,2024-10-18 00:00:00,16.0,Atina
SC-82055,2024-09-20,Dubai,Marsilya,10482,4044,0.8931,Clear,4.2,142.25,Textiles,Sea,0,9.4,2024-09-29 09:36:00,9.4,Jebel Ali
SC-20983,2024-02-27,Shanghai,Ambarli,8182,3116,0.6173,Clear,4.8,121.63,Textiles,Sea,0,7.2,2024-03-05 04:48:00,7.2,New York
SC-28133,2024-10-28,Tokyo,İzmir,7904,3156,0.7178,Clear,2.0,95.13,Electronics,Sea,0,7.3,2024-11-04 07:12:00,7.3,Barcelona
SC-24939,2024-01-31,Atina,New York,9286,2988,0.9877,Fog,4.4,120.34,Auto Parts,Sea,0,6.9,2024-02-06 21:36:00,6.9,New York
SC-10781,2024-09-05,Marsilya,Ningbo,5616,7587,0.8831,Clear,4.1,92.53,Textiles,Sea,0,17.6,2024-09-22 14:24:00,17.6,Trieste
SC-66700,2024-04-02,Dubai,Mersin,18562,3828,0.6579,Clear,3.7,89.86,Textiles,Sea,0,8.9,2024-04-10 21:36:00,8.9,New York
SC-37624,2024-09-21,İzmir,Singapore,4218,9872,0.8097,Clear,2.5,125.78,Auto Parts,Sea,0,22.9,2024-10-13 21:36:00,22.9,New York
SC-16823,2024-09-27,Busan,Singapore,7443,8088,0.5248,Clear,1.4,146.32,Chemicals,Sea,0,18.7,2024-10-15 16:48:00,18.7,Tanger Med
SC-28489,2024-04-03,Trieste,Los Angeles,3514,4345,0.6332,Clear,2.9,121.19,Textiles,Sea,0,10.1,2024-04-13 02:24:00,10.1,İzmir
SC-49961,2024-06-02,Atina,Ambarli,2924,11276,0.8592,Rain,1.4,135.71,Electronics,Sea,0,26.1,2024-06-28 02:24:00,26.1,Atina
SC-39118,2024-10-11,Mersin,Antwerp,3962,5005,0.785,Clear,3.0,91.79,Chemicals,Sea,0,11.6,2024-10-22 14:24:00,11.6,Dubai
SC-91816,2024-03-20,Valencia,New York,4085,6435,0.7348,Fog,4.3,125.79,Chemicals,Sea,0,14.9,2024-04-03 21:36:00,14.9,Dubai
SC-32263,2024-10-18,Dubai,Antwerp,9833,8628,0.8454,Clear,5.0,131.31,Textiles,Sea,0,20.0,2024-11-07 00:00:00,20.0,Tanger Med
SC-23565,2024-03-24,Rotterdam,Ambarli,3840,2076,0.6992,Clear,1.8,82.91,Chemicals,Sea,0,4.8,2024-03-28 19:12:00,4.8,Atina
SC-30354,2024-12-30,Mersin,Hamburg,3137,7752,0.5131,Storm,1.8,86.8,Chemicals,Sea,0,17.9,2025-01-16 21:36:00,17.9,Mersin
SC-52951,2024-02-06,Singapore,Marsilya,9161,4562,0.7205,Clear,4.2,134.71,Electronics,Sea,0,10.6,2024-02-16 14:24:00,10.6,Marsaxlokk
SC-33648,2024-12-07,İzmir,Singapore,5925,3572,0.9511,Clear,2.9,110.8,Chemicals,Sea,0,8.3,2024-12-15 07:12:00,8.3,Barcelona
SC-60729,2024-11-22,Valencia,Felixstowe,4797,9087,0.9283,Rain,4.7,108.39,Textiles,Sea,0,21.0,2024-12-13 00:00:00,21.0,İzmir
SC-51971,2024-08-19,Hamburg,Atina,5841,7970,0.7045,Clear,4.1,144.43,Textiles,Sea,1,24.0,2024-09-12 00:00:00,24.0,Mersin
SC-28658,2024-04-02,Barcelona,Antwerp,6191,9952,0.5111,Clear,3.9,149.44,Auto Parts,Sea,0,23.0,2024-04-25 00:00:00,23.0,Tanger Med
SC-31253,2024-12-01,Los Angeles,Felixstowe,6272,8609,0.8182,Clear,1.4,133.51,Machinery,Sea,0,19.9,2024-12-20 21:36:00,19.9,New York
SC-74166,2024-04-11,Mersin,Marsilya,6454,10056,0.8706,Rain,1.1,135.48,Auto Parts,Sea,1,30.3,2024-05-11 07:12:00,30.3,Dubai
SC-58563,2024-06-14,New York,Barcelona,9644,5111,0.6471,Clear,2.3,94.58,Electronics,Sea,0,11.8,2024-06-25 19:12:00,11.8,Ambarli
SC-36390,2024-06-07,Hamburg,New York,4889,4737,0.7383,Clear,1.9,93.46,Electronics,Sea,0,11.0,2024-06-18 00:00:00,11.0,İzmir
SC-98664,2024-01-14,Busan,Mersin,4631,11544,0.9959,Storm,3.8,148.65,Textiles,Sea,1,34.7,2024-02-17 16:48:00,34.7,Ambarli
SC-61578,2024-08-12,Felixstowe,Marsilya,12626,7404,0.7882,Clear,2.8,128.66,Machinery,Sea,0,17.1,2024-08-29 02:24:00,17.1,Tanger Med
SC-89025,2024-03-13,Felixstowe,New York,6117,11138,0.6755,Clear,3.1,128.07,Auto Parts,Sea,0,25.8,2024-04-07 19:12:00,25.8,Mersin
SC-42658,2024-09-05,Felixstowe,Trieste,9342,6649,0.8137,Rain,4.3,100.03,Machinery,Sea,0,15.4,2024-09-20 09:36:00,15.4,Dubai
SC-16852,2024-03-31,Valencia,Rotterdam,5941,5868,0.59,Clear,2.9,142.05,Textiles,Sea,0,13.6,2024-04-13 14:24:00,13.6,İzmir
SC-12551,2024-08-03,Shanghai,Atina,13744,5137,0.5996,Clear,3.2,83.11,Chemicals,Sea,0,11.9,2024-08-14 21:36:00,11.9,Dubai
SC-81947,2024-03-30,Dubai,Rotterdam,5132,9824,0.9625,Clear,4.4,99.22,Textiles,Sea,0,22.7,2024-04-21 16:48:00,22.7,Trieste
SC-71001,2024-01-29,Rotterdam,Los Angeles,3219,8136,0.6196,Rain,2.7,92.61,Textiles,Sea,0,18.8,2024-02-16 19:12:00,18.8,Barcelona
SC-59159,2024-10-31,Rotterdam,Mersin,10372,9799,0.6554,Clear,1.3,129.78,Machinery,Sea,0,22.7,2024-11-22 16:48:00,22.7,Barcelona
SC-61707,2024-08-07,Marsilya,Tokyo,9752,5486,0.7719,Storm,3.1,130.07,Electronics,Sea,1,16.5,2024-08-23 12:00:00,16.5,İzmir
SC-43243,2024-11-23,Hamburg,Busan,2713,3002,0.9498,Clear,3.3,117.43,Chemicals,Sea,0,6.9,2024-11-29 21:36:00,6.9,Jebel Ali
SC-31800,2024-08-02,Dubai,Rotterdam,2939,11011,0.8907,Clear,3.0,80.37,Chemicals,Sea,0,25.5,2024-08-27 12:00:00,25.5,Dubai
SC-85939,2024-08-08,Hamburg,Busan,3361,10614,0.5219,Clear,2.0,141.16,Electronics,Sea,0,24.6,2024-09-01 14:24:00,24.6,New York
SC-67828,2024-02-11,New York,Dubai,6062,10763,0.8465,Clear,1.9,146.89,Machinery,Sea,0,24.9,2024-03-06 21:36:00,24.9,Dubai
SC-17239,2024-05-14,Dubai,Dubai,7851,9906,0.752,Clear,2.5,94.16,Machinery,Sea,0,22.9,2024-06-05 21:36:00,22.9,İzmir
SC-16710,2024-02-11,Antwerp,Barcelona,5597,7359,0.7378,Rain,1.7,138.96,Electronics,Sea,0,17.0,2024-02-28 00:00:00,17.0,Singapore
SC-31384,2024-06-12,Ningbo,Trieste,8135,6530,0.8458,Clear,3.7,148.13,Auto Parts,Sea,0,15.1,2024-06-27 02:24:00,15.1,New York
SC-31038,2024-12-26,Singapore,Trieste,4384,11615,0.5981,Clear,3.5,102.89,Machinery,Sea,0,26.9,2025-01-21 21:36:00,26.9,İzmir
SC-50846,2024-10-09,Valencia,Valencia,16852,3633,0.9907,Fog,3.5,92.95,Electronics,Sea,1,10.9,2024-10-19 21:36:00,10.9,İzmir
SC-97983,2024-02-27,Dubai,Ambarli,3942,8669,0.8227,Clear,1.9,148.43,Auto Parts,Sea,0,20.1,2024-03-18 02:24:00,20.1,İzmir
SC-77821,2024-10-28,Antwerp,Felixstowe,9772,3753,0.6828,Fog,2.0,84.18,Textiles,Sea,1,11.3,2024-11-08 07:12:00,11.3,Trieste
SC-47991,2024-11-17,Shanghai,İzmir,19588,10659,0.8001,Clear,4.1,99.32,Chemicals,Sea,0,24.7,2024-12-11 16:48:00,24.7,Atina
SC-89057,2024-01-25,Marsilya,Singapore,6557,8353,0.6082,Clear,3.8,131.94,Electronics,Sea,0,19.3,2024-02-13 07:12:00,19.3,Piraeus
SC-16971,2024-03-13,Valencia,Ningbo,8391,11898,0.8169,Rain,4.5,123.21,Machinery,Sea,0,27.5,2024-04-09 12:00:00,27.5,Ambarli
SC-39139,2024-05-08,Barcelona,Shanghai,12838,10264,0.5141,Rain,2.6,127.92,Chemicals,Sea,1,30.9,2024-06-07 21:36:00,30.9,Mersin
SC-95445,2024-03-27,Valencia,Singapore,9854,2146,0.6706,Clear,3.2,129.57,Auto Parts,Sea,0,5.0,2024-04-01 00:00:00,5.0,Ambarli
SC-87067,2024-11-25,Dubai,Barcelona,5029,9507,0.8738,Clear,4.0,128.03,Chemicals,Sea,0,22.0,2024-12-17 00:00:00,22.0,Tanger Med
SC-90257,2024-06-01,Busan,Mersin,3195,2316,0.904,Clear,4.9,103.96,Electronics,Sea,0,5.4,2024-06-06 09:36:00,5.4,Barcelona
SC-94742,2024-06-30,Shanghai,Singapore,9453,10797,0.6265,Clear,5.0,101.81,Textiles,Sea,0,25.0,2024-07-25 00:00:00,25.0,Jebel Ali
SC-47711,2024-05-04,Marsilya,Ambarli,10824,10766,0.7697,Rain,5.0,109.99,Auto Parts,Sea,0,24.9,2024-05-28 21:36:00,24.9,Jebel Ali
SC-16530,2024-03-07,Ningbo,İzmir,7618,3177,0.7642,Clear,4.6,136.54,Auto Parts,Sea,0,7.4,2024-03-14 09:36:00,7.4,Marsaxlokk
SC-21116,2024-01-06,Ambarli,Mersin,6852,5422,0.7107,Rain,3.6,145.68,Auto Parts,Sea,0,12.6,2024-01-18 14:24:00,12.6,Singapore
SC-75794,2024-05-04,Busan,Hamburg,9572,4594,0.6142,Clear,1.0,111.87,Chemicals,Sea,0,10.6,2024-05-14 14:24:00,10.6,Singapore
SC-10282,2024-11-09,İzmir,Rotterdam,7414,10503,0.8516,Clear,3.8,86.0,Textiles,Sea,0,24.3,2024-12-03 07:12:00,24.3,Ambarli
SC-89473,2024-11-21,Tokyo,Tokyo,18199,2764,0.6262,Rain,2.0,145.68,Electronics,Sea,1,8.3,2024-11-29 07:12:00,8.3,Tanger Med
SC-11898,2024-02-22,Los Angeles,Trieste,6040,9836,0.9555,Clear,1.2,85.63,Electronics,Sea,0,22.8,2024-03-15 19:12:00,22.8,İzmir
SC-14135,2024-03-06,Barcelona,Hamburg,6556,8277,0.7643,Rain,3.8,91.14,Chemicals,Sea,0,19.2,2024-03-25 04:48:00,19.2,Dubai
SC-16629,2024-11-09,Hamburg,Los Angeles,19656,2435,0.9352,Clear,4.0,140.74,Electronics,Sea,0,5.6,2024-11-14 14:24:00,5.6,Trieste
SC-95120,2024-03-22,Marsilya,Rotterdam,5328,5351,0.6454,Clear,3.6,118.6,Electronics,Sea,0,12.4,2024-04-03 09:36:00,12.4,İzmir
SC-99087,2024-03-27,Barcelona,New York,13755,4930,0.9035,Clear,2.5,104.69,Textiles,Sea,0,11.4,2024-04-07 09:36:00,11.4,Barcelona
SC-75031,2024-01-02,Mersin,Felixstowe,15361,2134,0.5568,Fog,3.0,145.16,Chemicals,Sea,1,6.4,2024-01-08 09:36:00,6.4,Mersin
SC-43380,2024-07-22,Felixstowe,Dubai,6509,6618,0.8834,Clear,4.7,147.24,Chemicals,Sea,0,15.3,2024-08-06 07:12:00,15.3,Singapore
SC-27071,2024-05-29,Dubai,Valencia,7375,10995,0.6935,Clear,3.9,103.15,Auto Parts,Sea,0,25.5,2024-06-23 12:00:00,25.5,Singapore
SC-30074,2024-10-19,New York,Los Angeles,7557,4366,0.735,Clear,3.0,140.79,Electronics,Sea,0,10.1,2024-10-29 02:24:00,10.1,Piraeus
SC-77843,2024-04-12,Marsilya,İzmir,3085,11668,0.5834,Clear,3.4,127.5,Machinery,Sea,0,27.0,2024-05-09 00:00:00,27.0,Singapore
SC-49901,2024-01-24,Tokyo,Marsilya,7182,5415,0.5093,Clear,4.7,99.21,Textiles,Sea,0,12.5,2024-02-05 12:00:00,12.5,Singapore
SC-21205,2024-07-30,Valencia,Busan,9651,3006,0.8331,Clear,2.6,145.9,Textiles,Sea,0,7.0,2024-08-06 00:00:00,7.0,Dubai
SC-65661,2024-03-05,Los Angeles,Marsilya,3550,9908,0.7939,Clear,1.4,84.41,Machinery,Sea,0,22.9,2024-03-27 21:36:00,22.9,Singapore
SC-15906,2024-07-27,Busan,İzmir,9975,11184,0.8112,Clear,2.3,102.26,Auto Parts,Sea,0,25.9,2024-08-21 21:36:00,25.9,Ambarli
SC-12591,2024-09-07,Tokyo,İzmir,4303,6691,0.6275,Rain,2.7,107.74,Machinery,Sea,0,15.5,2024-09-22 12:00:00,15.5,Tanger Med
SC-72987,2024-04-26,Felixstowe,Tokyo,8517,9669,0.6196,Rain,2.1,128.35,Machinery,Sea,0,22.4,2024-05-18 09:36:00,22.4,New York
SC-73370,2024-04-25,Busan,Rotterdam,6661,9829,0.9151,Clear,3.1,82.69,Auto Parts,Sea,0,22.8,2024-05-17 19:12:00,22.8,Dubai
SC-90685,2024-08-24,Trieste,Felixstowe,16810,3896,0.8806,Clear,2.2,142.28,Machinery,Sea,0,9.0,2024-09-02 00:00:00,9.0,Jebel Ali
SC-64400,2024-04-14,Ambarli,Hamburg,5189,5065,0.6684,Clear,1.4,126.14,Auto Parts,Sea,0,11.7,2024-04-25 16:48:00,11.7,Ambarli
SC-35150,2024-09-15,Busan,Barcelona,2873,4748,0.8189,Clear,1.8,99.25,Electronics,Sea,0,11.0,2024-09-26 00:00:00,11.0,Dubai
SC-41852,2024-02-15,Felixstowe,Mersin,8212,8692,0.9141,Storm,4.7,126.08,Auto Parts,Sea,1,26.2,2024-03-12 04:48:00,26.2,Barcelona
SC-52870,2024-11-06,Ambarli,Ningbo,3967,4661,0.9444,Clear,3.5,117.58,Chemicals,Sea,0,10.8,2024-11-16 19:12:00,10.8,Mersin
SC-62756,2024-11-26,Dubai,Los Angeles,5127,4978,0.5029,Clear,2.3,103.54,Chemicals,Sea,0,11.5,2024-12-07 12:00:00,11.5,Dubai
SC-66481,2024-08-03,Barcelona,Dubai,6036,8949,0.9067,Rain,2.5,82.0,Machinery,Sea,0,20.7,2024-08-23 16:48:00,20.7,New York
SC-11283,2024-10-27,New York,Singapore,2884,8375,0.6752,Clear,3.0,118.58,Chemicals,Sea,0,19.4,2024-11-15 09:36:00,19.4,Barcelona
SC-43691,2024-11-28,Mersin,Rotterdam,5313,8459,0.8592,Clear,3.7,85.75,Auto Parts,Sea,0,19.6,2024-12-17 14:24:00,19.6,Piraeus
SC-11125,2024-01-24,Trieste,Trieste,4800,8107,0.6857,Clear,3.3,136.71,Electronics,Sea,0,18.8,2024-02-11 19:12:00,18.8,Atina
SC-77065,2024-02-04,Antwerp,Marsilya,7659,11940,0.8031,Clear,4.7,86.2,Auto Parts,Sea,0,27.6,2024-03-02 14:24:00,27.6,Marsaxlokk
SC-36170,2024-01-24,İzmir,Singapore,2675,8501,0.8234,Clear,3.5,110.01,Textiles,Sea,1,25.6,2024-02-18 14:24:00,25.6,Mersin
SC-18438,2024-01-28,Barcelona,Busan,9967,4661,0.7025,Clear,4.6,110.42,Machinery,Sea,0,10.8,2024-02-07 19:12:00,10.8,Piraeus
SC-30095,2024-01-16,Ningbo,Shanghai,6513,8165,0.7564,Clear,1.0,118.93,Electronics,Sea,0,18.9,2024-02-03 21:36:00,18.9,Singapore
SC-26154,2024-02-28,Los Angeles,Singapore,3863,10210,0.8632,Rain,4.6,82.77,Machinery,Sea,0,23.6,2024-03-22 14:24:00,23.6,Ambarli
SC-18004,2024-08-30,Shanghai,Ningbo,14229,5358,0.7382,Clear,3.9,94.27,Textiles,Sea,0,12.4,2024-09-11 09:36:00,12.4,Trieste
SC-19752,2024-07-25,Los Angeles,Valencia,15132,2275,0.507,Clear,1.7,93.97,Chemicals,Sea,0,5.3,2024-07-30 07:12:00,5.3,Barcelona
SC-65426,2024-09-27,Los Angeles,New York,6398,6078,0.5065,Clear,2.1,121.93,Textiles,Sea,0,14.1,2024-10-11 02:24:00,14.1,Atina
SC-36819,2024-09-05,Atina,Ningbo,13050,6754,0.8307,Clear,3.2,98.45,Chemicals,Sea,0,15.6,2024-09-20 14:24:00,15.6,New York
SC-34217,2024-09-23,Los Angeles,Singapore,14290,6698,0.9236,Clear,1.5,90.09,Machinery,Sea,0,15.5,2024-10-08 12:00:00,15.5,Atina
SC-98708,2024-07-11,Busan,Valencia,2801,2364,0.8926,Clear,4.1,81.28,Machinery,Sea,1,7.1,2024-07-18 02:24:00,7.1,Dubai
SC-42994,2024-11-30,Valencia,Dubai,8935,2794,0.6552,Clear,4.2,138.84,Machinery,Sea,0,6.5,2024-12-06 12:00:00,6.5,Barcelona
SC-25036,2024-08-05,Singapore,Antwerp,6379,8795,0.7356,Clear,2.2,148.01,Auto Parts,Sea,0,20.4,2024-08-25 09:36:00,20.4,Singapore
SC-87275,2024-04-24,Trieste,İzmir,7150,7870,0.6171,Clear,1.3,129.23,Electronics,Sea,0,18.2,2024-05-12 04:48:00,18.2,Tanger Med
SC-59416,2024-03-08,Tokyo,Atina,4727,2589,0.9946,Fog,5.0,108.89,Auto Parts,Sea,0,6.0,2024-03-14 00:00:00,6.0,Marsaxlokk
SC-19587,2024-10-25,Mersin,Los Angeles,8815,6294,0.6303,Clear,2.0,88.54,Textiles,Sea,0,14.6,2024-11-08 14:24:00,14.6,Mersin
SC-10645,2024-11-20,Los Angeles,Barcelona,5430,6313,0.7081,Rain,1.3,113.26,Electronics,Sea,0,14.6,2024-12-04 14:24:00,14.6,Trieste
SC-40930,2024-03-15,Marsilya,Singapore,4626,10932,0.8406,Clear,2.3,112.01,Machinery,Sea,0,25.3,2024-04-09 07:12:00,25.3,Barcelona
SC-91835,2024-04-12,Marsilya,Valencia,8209,6745,0.938,Clear,4.9,109.39,Machinery,Sea,0,15.6,2024-04-27 14:24:00,15.6,Singapore
SC-40090,2024-10-23,Rotterdam,Los Angeles,3190,9377,0.5257,Clear,4.2,106.48,Machinery,Sea,0,21.7,2024-11-13 16:48:00,21.7,Marsaxlokk
SC-97489,2024-06-26,Los Angeles,New York,4201,10861,0.6505,Fog,2.9,114.77,Chemicals,Sea,0,25.1,2024-07-21 02:24:00,25.1,Tanger Med
SC-62142,2024-08-02,İzmir,İzmir,10938,3437,0.7845,Rain,2.2,85.12,Textiles,Sea,0,8.0,2024-08-10 00:00:00,8.0,Mersin
SC-36475,2024-11-10,Antwerp,Antwerp,9118,11047,0.8092,Storm,2.7,82.68,Auto Parts,Sea,0,25.6,2024-12-05 14:24:00,25.6,İzmir
SC-28888,2024-02-08,Valencia,Rotterdam,7092,6033,0.535,Rain,1.1,84.48,Textiles,Sea,1,18.2,2024-02-26 04:48:00,18.2,Trieste
SC-53732,2024-09-15,Barcelona,Antwerp,6010,3893,0.832,Clear,3.9,94.0,Chemicals,Sea,0,9.0,2024-09-24 00:00:00,9.0,Singapore
SC-91623,2024-07-22,Tokyo,Shanghai,5896,9519,0.764,Storm,1.4,99.46,Chemicals,Sea,0,22.0,2024-08-13 00:00:00,22.0,Ambarli
SC-56305,2024-01-07,Singapore,Shanghai,8165,11378,0.9138,Storm,3.1,91.86,Textiles,Sea,0,26.3,2024-02-02 07:12:00,26.3,Jebel Ali
SC-56037,2024-02-18,Singapore,Atina,7504,3842,0.6111,Clear,3.3,97.63,Chemicals,Sea,0,8.9,2024-02-26 21:36:00,8.9,Marsaxlokk
SC-19346,2024-01-26,İzmir,İzmir,5913,8244,0.5975,Fog,1.0,93.01,Electronics,Sea,1,24.8,2024-02-19 19:12:00,24.8,Marsaxlokk
SC-10587,2024-06-09,Tokyo,Rotterdam,5914,2326,0.8967,Clear,4.9,90.55,Machinery,Sea,0,5.4,2024-06-14 09:36:00,5.4,Singapore
SC-22763,2024-12-22,İzmir,Dubai,9593,4400,0.8519,Fog,2.2,100.51,Auto Parts,Sea,0,10.2,2025-01-01 04:48:00,10.2,Ambarli
SC-69165,2024-06-24,İzmir,İzmir,5033,10106,0.8958,Fog,1.3,107.83,Chemicals,Sea,0,23.4,2024-07-17 09:36:00,23.4,Trieste
SC-79615,2024-03-19,Marsilya,Ambarli,2509,6278,0.891,Fog,4.4,132.1,Auto Parts,Sea,1,18.9,2024-04-06 21:36:00,18.9,Trieste
SC-46116,2024-01-02,Antwerp,Hamburg,4215,6550,0.552,Fog,1.6,146.89,Machinery,Sea,0,15.2,2024-01-17 04:48:00,15.2,Piraeus
SC-95751,2024-05-11,Marsilya,Tokyo,6951,9500,0.6393,Clear,1.1,144.33,Textiles,Sea,0,22.0,2024-06-02 00:00:00,22.0,Trieste
SC-35556,2024-10-02,Hamburg,Rotterdam,2853,6015,0.63,Clear,3.0,113.32,Machinery,Sea,0,13.9,2024-10-15 21:36:00,13.9,Atina
SC-69042,2024-04-26,Ambarli,Trieste,3377,7452,0.9673,Clear,1.5,112.29,Auto Parts,Sea,0,17.2,2024-05-13 04:48:00,17.2,Atina
SC-28099,2024-06-12,Atina,Los Angeles,3981,6306,0.7437,Clear,4.9,88.8,Electronics,Sea,0,14.6,2024-06-26 14:24:00,14.6,Marsaxlokk
SC-55096,2024-10-14,İzmir,New York,9840,10242,0.5555,Clear,1.0,148.02,Textiles,Sea,0,23.7,2024-11-06 16:48:00,23.7,Mersin
SC-81986,2024-01-28,İzmir,New York,13026,11660,0.6448,Clear,1.2,133.21,Chemicals,Sea,0,27.0,2024-02-24 00:00:00,27.0,Ambarli
SC-23230,2024-11-28,Tokyo,Valencia,16366,9826,0.936,Clear,4.3,139.33,Electronics,Sea,0,22.7,2024-12-20 16:48:00,22.7,Jebel Ali
SC-39009,2024-01-01,Los Angeles,Los Angeles,9453,11201,0.9235,Rain,2.0,96.39,Machinery,Sea,0,25.9,2024-01-26 21:36:00,25.9,Singapore
SC-80969,2024-07-06,Valencia,Los Angeles,8949,8783,0.9502,Rain,4.6,108.08,Auto Parts,Sea,0,20.3,2024-07-26 07:12:00,20.3,Trieste
SC-43866,2024-02-25,Trieste,Tokyo,5607,5557,0.6943,Clear,2.2,87.19,Auto Parts,Sea,0,12.9,2024-03-08 21:36:00,12.9,Jebel Ali
SC-94246,2024-02-04,Singapore,İzmir,8634,11266,0.8207,Clear,1.3,145.86,Auto Parts,Sea,0,26.1,2024-03-01 02:24:00,26.1,New York
SC-86975,2024-04-21,Dubai,Ambarli,12205,2153,0.6391,Clear,1.0,100.01,Machinery,Sea,1,6.5,2024-04-27 12:00:00,6.5,Piraeus
SC-51855,2024-10-12,Valencia,Mersin,3452,10773,0.5904,Clear,2.1,121.72,Textiles,Sea,0,24.9,2024-11-05 21:36:00,24.9,İzmir
SC-91557,2024-11-05,Hamburg,Rotterdam,6932,2787,0.511,Clear,2.9,90.66,Chemicals,Sea,0,6.5,2024-11-11 12:00:00,6.5,Tanger Med
SC-16416,2024-02-05,Hamburg,Mersin,5520,6886,0.6117,Rain,1.0,136.2,Electronics,Sea,1,20.7,2024-02-25 16:48:00,20.7,Jebel Ali
SC-82516,2024-08-04,Trieste,Ningbo,9969,5381,0.8022,Clear,3.3,93.04,Machinery,Sea,0,12.5,2024-08-16 12:00:00,12.5,New York
SC-65915,2024-03-20,Los Angeles,Tokyo,12600,9566,0.9521,Rain,2.3,136.66,Auto Parts,Sea,0,22.1,2024-04-11 02:24:00,22.1,Mersin
SC-28058,2024-11-09,Rotterdam,Shanghai,2792,8277,0.5667,Clear,2.6,108.12,Chemicals,Sea,0,19.2,2024-11-28 04:48:00,19.2,Barcelona
SC-86637,2024-03-23,Los Angeles,Antwerp,6854,4267,0.959,Clear,2.0,120.44,Auto Parts,Sea,0,9.9,2024-04-01 21:36:00,9.9,Atina
SC-50718,2024-03-05,Dubai,Singapore,8468,6258,0.6727,Rain,3.1,98.88,Machinery,Sea,0,14.5,2024-03-19 12:00:00,14.5,Ambarli
SC-42602,2024-11-20,İzmir,Tokyo,5660,2970,0.7134,Clear,1.9,141.79,Auto Parts,Sea,0,6.9,2024-11-26 21:36:00,6.9,Trieste
SC-84658,2024-05-07,Trieste,Atina,3129,10839,0.6825,Clear,1.5,133.19,Machinery,Sea,0,25.1,2024-06-01 02:24:00,25.1,Dubai
SC-88112,2024-11-02,Marsilya,Atina,3118,2945,0.7043,Rain,4.6,104.8,Auto Parts,Sea,0,6.8,2024-11-08 19:12:00,6.8,New York
SC-68067,2024-01-22,Marsilya,Hamburg,6639,7618,0.6296,Clear,2.6,120.98,Machinery,Sea,0,17.6,2024-02-08 14:24:00,17.6,Barcelona
SC-37516,2024-08-03,Valencia,Dubai,3735,10191,0.8493,Clear,1.3,89.03,Auto Parts,Sea,0,23.6,2024-08-26 14:24:00,23.6,Jebel Ali
SC-97969,2024-04-16,Atina,Marsilya,6494,3495,0.8791,Clear,1.9,91.23,Chemicals,Sea,0,8.1,2024-04-24 02:24:00,8.1,Tanger Med
SC-11089,2024-04-18,Dubai,İzmir,12238,4047,0.9116,Rain,2.2,117.36,Chemicals,Sea,0,9.4,2024-04-27 09:36:00,9.4,Singapore
SC-47346,2024-12-22,Rotterdam,Busan,4272,11364,0.6706,Clear,4.1,124.84,Auto Parts,Sea,0,26.3,2025-01-17 07:12:00,26.3,Singapore
SC-84663,2024-06-29,Mersin,Trieste,6069,4886,0.8823,Rain,1.1,119.02,Auto Parts,Sea,0,11.3,2024-07-10 07:12:00,11.3,İzmir
SC-20487,2024-12-21,Los Angeles,Tokyo,5845,7188,0.8188,Clear,2.9,119.16,Machinery,Sea,0,16.6,2025-01-06 14:24:00,16.6,Tanger Med
SC-10155,2024-06-12,Dubai,Atina,4045,6158,0.979,Clear,2.6,131.96,Machinery,Sea,0,14.3,2024-06-26 07:12:00,14.3,Piraeus
SC-77494,2024-03-08,Dubai,Ningbo,6148,10924,0.7124,Clear,4.9,143.17,Machinery,Sea,0,25.3,2024-04-02 07:12:00,25.3,Dubai
SC-86229,2024-10-18,İzmir,İzmir,8286,5461,0.9962,Clear,1.7,107.13,Textiles,Sea,0,12.6,2024-10-30 14:24:00,12.6,Trieste
SC-48547,2024-06-28,Valencia,Trieste,6754,8733,0.8702,Clear,3.5,117.59,Auto Parts,Sea,0,20.2,2024-07-18 04:48:00,20.2,Barcelona
SC-38795,2024-06-29,Trieste,Rotterdam,14890,3657,0.8881,Clear,1.8,142.51,Auto Parts,Sea,0,8.5,2024-07-07 12:00:00,8.5,Marsaxlokk
SC-65296,2024-06-17,Rotterdam,Los Angeles,8466,7043,0.5129,Clear,3.2,112.5,Auto Parts,Sea,0,16.3,2024-07-03 07:12:00,16.3,Trieste
SC-31447,2024-01-22,Atina,Hamburg,7161,8360,0.7487,Clear,3.2,111.16,Auto Parts,Sea,0,19.4,2024-02-10 09:36:00,19.4,Ambarli
SC-46598,2024-03-06,Valencia,Dubai,3254,2478,0.7642,Fog,1.3,133.66,Machinery,Sea,0,5.7,2024-03-11 16:48:00,5.7,İzmir
SC-51814,2024-01-21,Valencia,Barcelona,8756,11329,0.5203,Clear,2.8,141.41,Machinery,Sea,0,26.2,2024-02-16 04:48:00,26.2,Atina
SC-85330,2024-04-09,Valencia,Marsilya,10806,5953,0.6561,Fog,2.8,131.64,Textiles,Sea,1,17.9,2024-04-26 21:36:00,17.9,Ambarli
SC-97960,2024-10-26,New York,Marsilya,15933,11168,0.9778,Rain,2.3,87.01,Machinery,Sea,0,25.9,2024-11-20 21:36:00,25.9,Ambarli
SC-73278,2024-04-12,Hamburg,Busan,6555,10428,0.7131,Clear,2.1,112.53,Auto Parts,Sea,0,24.1,2024-05-06 02:24:00,24.1,Jebel Ali
SC-65077,2024-02-16,Dubai,Marsilya,4685,6043,0.5934,Clear,1.9,94.84,Auto Parts,Sea,0,14.0,2024-03-01 00:00:00,14.0,Tanger Med
SC-81906,2024-02-08,New York,Atina,8387,2597,0.7567,Clear,1.0,102.21,Electronics,Sea,0,6.0,2024-02-14 00:00:00,6.0,Marsaxlokk
SC-19528,2024-10-11,Valencia,Ningbo,12627,11894,0.5169,Hurricane,1.0,112.81,Machinery,Sea,1,35.8,2024-11-15 19:12:00,35.8,Jebel Ali
SC-60100,2024-11-05,Atina,Ambarli,14787,10356,0.758,Clear,3.4,95.51,Electronics,Sea,0,24.0,2024-11-29 00:00:00,24.0,Barcelona
SC-18179,2024-03-30,Trieste,Felixstowe,3880,4324,0.7971,Fog,2.2,116.12,Auto Parts,Sea,1,13.0,2024-04-12 00:00:00,13.0,Jebel Ali
SC-58781,2024-03-25,Felixstowe,New York,3718,9299,0.6788,Clear,1.7,125.03,Machinery,Sea,0,21.5,2024-04-15 12:00:00,21.5,Piraeus
SC-65267,2024-09-29,Ambarli,Marsilya,8389,2569,0.8813,Fog,3.7,141.24,Auto Parts,Sea,1,7.7,2024-10-06 16:48:00,7.7,Tanger Med
SC-92379,2024-12-01,Ningbo,Dubai,7530,5328,0.5679,Clear,3.1,94.8,Electronics,Sea,0,12.3,2024-12-13 07:12:00,12.3,Piraeus
SC-33952,2024-07-06,Mersin,Busan,7053,2140,0.9391,Rain,4.7,101.74,Electronics,Sea,0,5.0,2024-07-11 00:00:00,5.0,Piraeus
SC-63798,2024-06-07,Marsilya,Tokyo,5103,10877,0.9777,Clear,4.3,108.41,Chemicals,Sea,0,25.2,2024-07-02 04:48:00,25.2,İzmir
SC-60939,2024-08-30,New York,İzmir,8635,10878,0.5006,Clear,3.9,95.72,Chemicals,Sea,0,25.2,2024-09-24 04:48:00,25.2,Dubai
SC-39516,2024-03-13,Atina,Dubai,2511,5280,0.9214,Clear,1.5,103.24,Machinery,Sea,0,12.2,2024-03-25 04:48:00,12.2,Trieste
SC-66526,2024-02-18,Antwerp,Trieste,13176,4763,0.7531,Clear,3.7,141.83,Machinery,Sea,0,11.0,2024-02-29 00:00:00,11.0,Trieste
SC-20449,2024-04-10,Busan,Marsilya,17123,5590,0.7307,Clear,3.8,89.71,Machinery,Sea,0,12.9,2024-04-22 21:36:00,12.9,Dubai
SC-60290,2024-01-02,Busan,Trieste,9429,4038,0.6193,Clear,4.1,111.06,Machinery,Sea,0,9.3,2024-01-11 07:12:00,9.3,Dubai
SC-96661,2024-08-31,Valencia,Atina,10216,3074,0.7237,Clear,2.1,101.77,Machinery,Sea,0,7.1,2024-09-07 02:24:00,7.1,Atina
SC-82954,2024-06-24,Tokyo,Marsilya,13175,7622,0.9752,Clear,3.6,85.4,Machinery,Sea,0,17.6,2024-07-11 14:24:00,17.6,Tanger Med
SC-32746,2024-08-25,Marsilya,Trieste,7664,4225,0.6054,Clear,3.5,86.73,Machinery,Sea,0,9.8,2024-09-03 19:12:00,9.8,Singapore
SC-77990,2024-02-28,İzmir,Barcelona,7165,9523,0.5895,Clear,2.5,134.94,Electronics,Sea,1,28.7,2024-03-27 16:48:00,28.7,Barcelona
SC-68810,2024-12-18,Shanghai,Los Angeles,4137,11533,0.6209,Rain,3.7,139.66,Electronics,Sea,0,26.7,2025-01-13 16:48:00,26.7,Mersin
SC-93297,2024-04-08,Mersin,Los Angeles,9669,11881,0.7759,Clear,1.3,131.9,Electronics,Sea,0,27.5,2024-05-05 12:00:00,27.5,Jebel Ali
SC-25223,2024-12-24,Tokyo,Felixstowe,6945,2363,0.9651,Clear,3.6,117.75,Auto Parts,Sea,0,5.5,2024-12-29 12:00:00,5.5,Marsaxlokk
SC-82237,2024-01-02,Marsilya,Busan,4497,11259,0.7869,Clear,3.4,134.09,Textiles,Sea,1,33.9,2024-02-04 21:36:00,33.9,Trieste
SC-12597,2024-08-30,Antwerp,Dubai,6576,4030,0.6217,Fog,1.8,90.64,Auto Parts,Sea,0,9.3,2024-09-08 07:12:00,9.3,Trieste
SC-75677,2024-10-23,Shanghai,Los Angeles,2675,8685,0.7202,Clear,4.3,134.61,Machinery,Sea,0,20.1,2024-11-12 02:24:00,20.1,Dubai
SC-12659,2024-07-29,Antwerp,Atina,2636,8465,0.6952,Rain,4.5,109.64,Textiles,Sea,0,19.6,2024-08-17 14:24:00,19.6,Piraeus
SC-96516,2024-05-02,Antwerp,Ningbo,5459,8791,0.5233,Clear,1.8,132.52,Electronics,Sea,0,20.3,2024-05-22 07:12:00,20.3,Atina
SC-84567,2024-08-16,Antwerp,Antwerp,4102,8157,0.7553,Rain,1.3,95.94,Electronics,Sea,0,18.9,2024-09-03 21:36:00,18.9,Piraeus
SC-25037,2024-03-22,İzmir,Antwerp,9568,2617,0.563,Clear,3.4,138.28,Chemicals,Sea,0,6.1,2024-03-28 02:24:00,6.1,Marsaxlokk
SC-56738,2024-05-23,Ningbo,Los Angeles,5121,7437,0.9211,Rain,2.9,119.77,Machinery,Sea,0,17.2,2024-06-09 04:48:00,17.2,Barcelona
SC-81678,2024-05-19,Barcelona,Trieste,3978,3982,0.7745,Clear,2.7,80.51,Machinery,Sea,0,9.2,2024-05-28 04:48:00,9.2,Tanger Med
SC-22109,2024-01-29,Trieste,Barcelona,5248,7710,0.9223,Clear,4.0,116.35,Chemicals,Sea,0,17.8,2024-02-15 19:12:00,17.8,İzmir
SC-32010,2024-09-26,Antwerp,Valencia,4364,2193,0.978,Clear,4.9,101.72,Auto Parts,Sea,0,5.1,2024-10-01 02:24:00,5.1,İzmir
SC-18787,2024-09-03,Rotterdam,Mersin,9221,10164,0.9716,Fog,2.9,84.03,Chemicals,Sea,0,23.5,2024-09-26 12:00:00,23.5,Mersin
SC-18472,2024-01-12,Trieste,Hamburg,14213,6458,0.5502,Rain,1.0,111.31,Machinery,Sea,0,14.9,2024-01-26 21:36:00,14.9,Atina
SC-33383,2024-12-20,Valencia,Hamburg,3912,3119,0.9724,Rain,3.4,101.8,Electronics,Sea,0,7.2,2024-12-27 04:48:00,7.2,Ambarli
SC-71709,2024-12-02,Rotterdam,Los Angeles,6744,8911,0.8979,Clear,3.6,94.31,Chemicals,Sea,0,20.6,2024-12-22 14:24:00,20.6,Tanger Med
SC-79785,2024-04-15,Busan,Mersin,5327,8540,0.8888,Clear,4.3,104.44,Textiles,Sea,0,19.8,2024-05-04 19:12:00,19.8,New York
SC-44518,2024-02-01,Valencia,Tokyo,6969,2526,0.5451,Clear,1.8,92.57,Electronics,Sea,0,5.8,2024-02-06 19:12:00,5.8,Marsaxlokk
SC-63909,2024-03-14,Shanghai,Barcelona,9115,9154,0.5898,Clear,3.1,100.99,Auto Parts,Sea,0,21.2,2024-04-04 04:48:00,21.2,Marsaxlokk
SC-28351,2024-06-19,Hamburg,Barcelona,7542,6879,0.9876,Rain,2.8,88.07,Electronics,Sea,0,15.9,2024-07-04 21:36:00,15.9,Marsaxlokk
SC-79624,2024-12-02,Dubai,Shanghai,3899,11974,0.6067,Clear,3.7,85.9,Auto Parts,Sea,0,27.7,2024-12-29 16:48:00,27.7,İzmir
SC-63330,2024-03-09,Valencia,Rotterdam,9020,7845,0.5845,Clear,1.3,143.7,Electronics,Sea,0,18.2,2024-03-27 04:48:00,18.2,Singapore
SC-25282,2024-10-27,Rotterdam,Busan,8135,9971,0.6812,Clear,4.5,143.19,Machinery,Sea,0,23.1,2024-11-19 02:24:00,23.1,New York
SC-94866,2024-12-27,Valencia,İzmir,7080,4673,0.9567,Rain,3.0,137.96,Auto Parts,Sea,0,10.8,2025-01-06 19:12:00,10.8,Atina
SC-31778,2024-05-16,Los Angeles,Dubai,12748,9760,0.7381,Clear,4.5,96.12,Auto Parts,Sea,1,29.4,2024-06-14 09:36:00,29.4,Trieste
SC-34264,2024-04-09,Barcelona,Rotterdam,8935,9197,0.9603,Storm,2.4,130.81,Chemicals,Sea,1,27.7,2024-05-06 16:48:00,27.7,Tanger Med
SC-69675,2024-05-25,Shanghai,İzmir,4530,7101,0.6672,Clear,3.6,121.28,Electronics,Sea,0,16.4,2024-06-10 09:36:00,16.4,İzmir
SC-15075,2024-01-09,Ningbo,Busan,5760,5526,0.6133,Rain,4.8,83.59,Auto Parts,Sea,0,12.8,2024-01-21 19:12:00,12.8,Piraeus
SC-85948,2024-03-02,Mersin,Tokyo,5052,5849,0.7476,Clear,4.8,142.97,Auto Parts,Sea,0,13.5,2024-03-15 12:00:00,13.5,Mersin
SC-58454,2024-07-03,Trieste,Atina,6041,3634,0.8077,Clear,4.8,149.86,Electronics,Sea,0,8.4,2024-07-11 09:36:00,8.4,Barcelona
SC-38365,2024-01-29,Felixstowe,Barcelona,4859,2093,0.6957,Rain,1.2,129.61,Electronics,Sea,1,6.3,2024-02-04 07:12:00,6.3,Piraeus
SC-82766,2024-04-23,Singapore,Antwerp,5428,5366,0.673,Clear,2.6,96.21,Textiles,Sea,0,12.4,2024-05-05 09:36:00,12.4,Dubai
SC-58200,2024-05-22,Tokyo,Ningbo,8156,9716,0.609,Clear,1.2,118.81,Chemicals,Sea,0,22.5,2024-06-13 12:00:00,22.5,İzmir
SC-21002,2024-04-29,Ningbo,Ningbo,3807,4946,0.6375,Clear,2.2,87.66,Auto Parts,Sea,0,11.4,2024-05-10 09:36:00,11.4,Trieste
SC-23947,2024-06-18,Trieste,Barcelona,7671,2088,0.8366,Clear,1.7,100.91,Electronics,Sea,1,6.3,2024-06-24 07:12:00,6.3,Trieste
SC-89222,2024-06-05,Valencia,Trieste,4851,4550,0.6849,Rain,3.5,130.21,Auto Parts,Sea,0,10.5,2024-06-15 12:00:00,10.5,Dubai
SC-88610,2024-11-30,Singapore,Felixstowe,5114,8137,0.5399,Clear,4.1,101.08,Textiles,Sea,0,18.8,2024-12-18 19:12:00,18.8,Mersin
SC-62142,2024-12-14,Felixstowe,İzmir,11860,8357,0.5691,Rain,3.1,90.3,Textiles,Sea,0,19.3,2025-01-02 07:12:00,19.3,Trieste
SC-66307,2024-09-16,İzmir,New York,14511,3445,0.6862,Clear,4.2,80.52,Auto Parts,Sea,0,8.0,2024-09-24 00:00:00,8.0,Dubai
SC-14493,2024-03-22,New York,New York,14936,6621,0.9623,Clear,1.1,120.08,Chemicals,Sea,0,15.3,2024-04-06 07:12:00,15.3,Mersin
SC-60085,2024-08-29,Los Angeles,Ningbo,8697,8335,0.6895,Clear,4.3,147.81,Machinery,Sea,0,19.3,2024-09-17 07:12:00,19.3,Atina
SC-44228,2024-06-20,Atina,Shanghai,8681,3830,0.5303,Fog,1.7,113.89,Auto Parts,Sea,1,11.5,2024-07-01 12:00:00,11.5,Barcelona
SC-89676,2024-08-18,Valencia,Marsilya,3400,8785,0.709,Fog,2.8,94.88,Textiles,Sea,0,20.3,2024-09-07 07:12:00,20.3,Tanger Med
SC-61875,2024-07-26,Marsilya,Dubai,5625,9391,0.8344,Clear,2.8,112.43,Chemicals,Sea,0,21.7,2024-08-16 16:48:00,21.7,New York
SC-41655,2024-03-15,Busan,Antwerp,4000,2554,0.7968,Clear,4.5,122.15,Electronics,Sea,0,5.9,2024-03-20 21:36:00,5.9,Piraeus
SC-53472,2024-09-26,Antwerp,Busan,4817,4434,0.6394,Rain,4.9,136.1,Chemicals,Sea,0,10.3,2024-10-06 07:12:00,10.3,Atina
SC-59437,2024-04-23,Atina,Atina,5884,10872,0.844,Rain,2.0,111.69,Chemicals,Sea,0,25.2,2024-05-18 04:48:00,25.2,Ambarli
SC-59416,2024-03-02,Felixstowe,Rotterdam,8920,8919,0.8153,Rain,1.3,92.11,Auto Parts,Sea,0,20.6,2024-03-22 14:24:00,20.6,Mersin
SC-69711,2024-12-27,Rotterdam,New York,16488,7593,0.5861,Clear,3.6,93.16,Chemicals,Sea,0,17.6,2025-01-13 14:24:00,17.6,Mersin
SC-16816,2024-11-15,Trieste,Shanghai,3488,11823,0.5811,Clear,3.0,142.98,Electronics,Sea,0,27.4,2024-12-12 09:36:00,27.4,Singapore
SC-87175,2024-04-11,Hamburg,Marsilya,4442,2202,0.7736,Clear,3.3,96.54,Auto Parts,Sea,0,5.1,2024-04-16 02:24:00,5.1,Jebel Ali
SC-74307,2024-12-27,Rotterdam,Busan,5714,9153,0.8297,Clear,1.2,130.96,Textiles,Sea,0,21.2,2025-01-17 04:48:00,21.2,Singapore
SC-56733,2024-07-28,İzmir,Felixstowe,7273,6542,0.981,Rain,4.1,98.83,Electronics,Sea,0,15.1,2024-08-12 02:24:00,15.1,Piraeus
SC-21240,2024-09-11,Los Angeles,Singapore,2616,10010,0.711,Clear,1.9,130.44,Auto Parts,Sea,0,23.2,2024-10-04 04:48:00,23.2,Piraeus
SC-81363,2024-01-20,Hamburg,İzmir,5584,11878,0.8825,Rain,2.3,85.49,Auto Parts,Sea,1,35.7,2024-02-24 16:48:00,35.7,Marsaxlokk
SC-42762,2024-02-27,Dubai,Dubai,10774,2828,0.5583,Clear,1.9,94.52,Machinery,Sea,0,6.5,2024-03-04 12:00:00,6.5,Marsaxlokk
SC-18259,2024-04-21,Dubai,Singapore,9497,9170,0.9448,Clear,4.8,108.61,Electronics,Sea,0,21.2,2024-05-12 04:48:00,21.2,Trieste
SC-60139,2024-11-08,Los Angeles,Tokyo,6430,4022,0.8166,Clear,1.7,116.07,Chemicals,Sea,0,9.3,2024-11-17 07:12:00,9.3,Singapore
SC-24849,2024-07-14,Marsilya,Valencia,9934,10294,0.8145,Clear,3.9,104.71,Electronics,Sea,0,23.8,2024-08-06 19:12:00,23.8,Mersin
SC-91768,2024-12-18,Busan,Tokyo,14286,11749,0.5712,Clear,2.0,120.15,Electronics,Sea,0,27.2,2025-01-14 04:48:00,27.2,İzmir
SC-99709,2024-04-01,Rotterdam,Antwerp,3805,6211,0.5198,Clear,2.7,102.78,Machinery,Sea,0,14.4,2024-04-15 09:36:00,14.4,Barcelona
SC-64869,2024-02-21,Mersin,Singapore,9142,6954,0.8507,Fog,5.0,127.49,Chemicals,Sea,1,20.9,2024-03-12 21:36:00,20.9,Piraeus
SC-73095,2024-10-19,Valencia,Antwerp,8946,6087,0.5585,Clear,1.4,115.78,Machinery,Sea,0,14.1,2024-11-02 02:24:00,14.1,Singapore
SC-80910,2024-01-08,New York,Barcelona,11023,10295,0.5635,Rain,4.5,129.36,Machinery,Sea,1,31.0,2024-02-08 00:00:00,31.0,Trieste
SC-96710,2024-10-26,Ambarli,Hamburg,3325,8785,0.5938,Storm,4.8,110.17,Machinery,Sea,1,26.4,2024-11-21 09:36:00,26.4,Tanger Med
SC-33567,2024-04-07,İzmir,Singapore,11833,10998,0.5489,Rain,3.8,141.36,Electronics,Sea,0,25.5,2024-05-02 12:00:00,25.5,Atina
SC-45292,2024-08-23,Rotterdam,Rotterdam,3111,9166,0.8127,Rain,1.0,106.75,Machinery,Sea,0,21.2,2024-09-13 04:48:00,21.2,Dubai
SC-84813,2024-03-09,New York,Ningbo,3354,6655,0.711,Clear,4.3,101.57,Textiles,Sea,0,15.4,2024-03-24 09:36:00,15.4,Mersin
SC-61631,2024-02-14,Hamburg,Ambarli,6470,4074,0.633,Clear,4.5,119.0,Chemicals,Sea,0,9.4,2024-02-23 09:36:00,9.4,Jebel Ali
SC-19885,2024-05-16,Felixstowe,Trieste,6849,10718,0.7204,Rain,4.9,115.64,Chemicals,Sea,0,24.8,2024-06-09 19:12:00,24.8,New York
SC-69659,2024-08-21,Los Angeles,Busan,8652,8918,0.9221,Clear,4.4,116.27,Machinery,Sea,0,20.6,2024-09-10 14:24:00,20.6,Tanger Med
SC-64306,2024-02-01,New York,Ningbo,16046,5436,0.9635,Clear,2.8,135.73,Electronics,Sea,0,12.6,2024-02-13 14:24:00,12.6,Jebel Ali
SC-76314,2024-10-15,Mersin,Barcelona,2562,7048,0.7437,Fog,3.8,121.2,Auto Parts,Sea,0,16.3,2024-10-31 07:12:00,16.3,Piraeus
SC-75087,2024-05-05,Shanghai,New York,3861,10489,0.7834,Clear,2.9,141.97,Auto Parts,Sea,0,24.3,2024-05-29 07:12:00,24.3,Jebel Ali
SC-39165,2024-03-07,Hamburg,Antwerp,9196,6872,0.6286,Storm,2.4,123.34,Electronics,Sea,1,20.7,2024-03-27 16:48:00,20.7,Piraeus
SC-68929,2024-01-30,Singapore,Atina,6265,2360,0.7568,Clear,3.5,81.52,Machinery,Sea,0,5.5,2024-02-04 12:00:00,5.5,Ambarli
SC-77028,2024-04-23,Rotterdam,Barcelona,6514,6599,0.8741,Rain,4.1,140.93,Machinery,Sea,1,19.9,2024-05-12 21:36:00,19.9,Mersin
SC-59812,2024-07-22,Ambarli,Los Angeles,18691,8731,0.7461,Rain,3.5,138.78,Textiles,Sea,0,20.2,2024-08-11 04:48:00,20.2,New York
SC-60500,2024-01-29,Dubai,Hamburg,5660,4077,0.651,Clear,4.3,83.42,Auto Parts,Sea,0,9.4,2024-02-07 09:36:00,9.4,Barcelona
SC-89151,2024-05-10,Trieste,Marsilya,9527,4173,0.791,Clear,1.7,88.77,Auto Parts,Sea,0,9.7,2024-05-19 16:48:00,9.7,Dubai
SC-68643,2024-07-03,Valencia,Dubai,6532,6691,0.9733,Clear,2.5,118.94,Chemicals,Sea,0,15.5,2024-07-18 12:00:00,15.5,New York
SC-54900,2024-09-09,Mersin,Marsilya,6238,11781,0.944,Clear,2.3,83.0,Machinery,Sea,0,27.3,2024-10-06 07:12:00,27.3,İzmir
SC-52946,2024-10-12,İzmir,İzmir,9896,3389,0.8846,Fog,1.8,108.78,Electronics,Sea,0,7.8,2024-10-19 19:12:00,7.8,Ambarli
SC-17851,2024-03-02,İzmir,Los Angeles,7979,9962,0.6381,Clear,2.8,148.28,Machinery,Sea,0,23.1,2024-03-25 02:24:00,23.1,Atina
SC-26288,2024-01-03,Dubai,Hamburg,4306,7971,0.6208,Clear,4.8,92.09,Machinery,Sea,0,18.5,2024-01-21 12:00:00,18.5,İzmir
SC-82692,2024-03-08,Atina,Rotterdam,15748,5514,0.9193,Clear,3.2,94.43,Textiles,Sea,0,12.8,2024-03-20 19:12:00,12.8,Ambarli
SC-77580,2024-01-25,Tokyo,Antwerp,6965,10454,0.5907,Clear,2.1,127.34,Electronics,Sea,0,24.2,2024-02-18 04:48:00,24.2,Ambarli
SC-17368,2024-06-27,Valencia,Felixstowe,11318,4919,0.8028,Clear,2.4,83.08,Textiles,Sea,0,11.4,2024-07-08 09:36:00,11.4,Tanger Med
SC-95436,2024-05-20,Dubai,Felixstowe,5775,2001,0.7195,Fog,3.5,137.45,Textiles,Sea,1,6.0,2024-05-26 00:00:00,6.0,Singapore
SC-56403,2024-08-18,İzmir,Trieste,5769,3933,0.734,Clear,2.4,93.93,Textiles,Sea,1,11.8,2024-08-29 19:12:00,11.8,Atina
SC-19168,2024-10-26,Atina,Shanghai,8214,2393,0.7273,Clear,3.2,117.21,Textiles,Sea,0,5.5,2024-10-31 12:00:00,5.5,Tanger Med
SC-96497,2024-06-11,Tokyo,Felixstowe,11081,10497,0.95,Clear,2.1,97.41,Machinery,Sea,0,24.3,2024-07-05 07:12:00,24.3,Singapore
SC-59879,2024-11-06,Trieste,Dubai,18699,2529,0.5435,Rain,2.4,126.12,Chemicals,Sea,1,7.6,2024-11-13 14:24:00,7.6,Trieste
SC-69871,2024-05-09,Ambarli,Dubai,4637,6623,0.8915,Clear,3.8,121.11,Machinery,Sea,0,15.3,2024-05-24 07:12:00,15.3,Ambarli
SC-99388,2024-09-02,Felixstowe,Hamburg,14229,11156,0.9175,Clear,3.3,146.25,Textiles,Sea,0,25.8,2024-09-27 19:12:00,25.8,Jebel Ali
SC-42174,2024-10-23,Los Angeles,Dubai,6898,10862,0.9714,Clear,1.4,111.19,Textiles,Sea,0,25.1,2024-11-17 02:24:00,25.1,Trieste
SC-16581,2024-06-20,Marsilya,Felixstowe,3883,6068,0.7263,Rain,4.9,141.24,Chemicals,Sea,0,14.0,2024-07-04 00:00:00,14.0,Tanger Med
SC-81853,2024-03-04,Trieste,Ambarli,6029,9507,0.75,Clear,1.2,120.31,Auto Parts,Sea,0,22.0,2024-03-26 00:00:00,22.0,Barcelona
SC-74046,2024-01-31,Ambarli,Ningbo,9198,8495,0.9806,Clear,1.3,144.01,Electronics,Sea,0,19.7,2024-02-19 16:48:00,19.7,Barcelona
SC-59678,2024-02-16,Ambarli,Trieste,5361,8953,0.7292,Clear,3.8,100.43,Textiles,Sea,0,20.7,2024-03-07 16:48:00,20.7,Jebel Ali
SC-36649,2024-05-09,Dubai,Atina,13626,7053,0.7518,Fog,3.8,118.48,Textiles,Sea,0,16.3,2024-05-25 07:12:00,16.3,İzmir
SC-98668,2024-12-17,Rotterdam,Singapore,14702,4672,0.6661,Clear,1.1,107.3,Machinery,Sea,0,10.8,2024-12-27 19:12:00,10.8,Jebel Ali
SC-92325,2024-11-28,Dubai,Busan,4350,3713,0.5158,Rain,3.6,84.61,Textiles,Sea,0,8.6,2024-12-06 14:24:00,8.6,New York
SC-24567,2024-04-19,Atina,Hamburg,4685,6044,0.7165,Clear,1.1,120.2,Textiles,Sea,0,14.0,2024-05-03 00:00:00,14.0,Mersin
SC-90404,2024-03-09,Trieste,Hamburg,7264,2635,0.8275,Clear,4.8,135.6,Electronics,Sea,1,7.9,2024-03-16 21:36:00,7.9,New York
SC-99906,2024-02-27,Singapore,Marsilya,14163,7134,0.845,Rain,3.8,118.93,Machinery,Sea,0,16.5,2024-03-14 12:00:00,16.5,Dubai
SC-71944,2024-04-15,Dubai,Atina,6234,8619,0.5033,Clear,1.7,99.55,Auto Parts,Sea,0,20.0,2024-05-05 00:00:00,20.0,Ambarli
SC-88002,2024-10-26,Valencia,Shanghai,7465,11309,0.9005,Clear,1.6,98.47,Textiles,Sea,0,26.2,2024-11-21 04:48:00,26.2,Ambarli
SC-38803,2024-11-25,Shanghai,Felixstowe,5684,9445,0.7462,Clear,3.3,96.65,Textiles,Sea,0,21.9,2024-12-16 21:36:00,21.9,Tanger Med
SC-28230,2024-09-12,Barcelona,Marsilya,3968,8602,0.7604,Clear,3.5,148.57,Auto Parts,Sea,0,19.9,2024-10-01 21:36:00,19.9,Barcelona
SC-27862,2024-11-07,Dubai,New York,3887,2037,0.9809,Fog,4.3,107.95,Chemicals,Sea,0,4.7,2024-11-11 16:48:00,4.7,Tanger Med
SC-53355,2024-06-19,Ningbo,İzmir,9203,11824,0.6422,Fog,4.6,102.18,Auto Parts,Sea,1,35.6,2024-07-24 14:24:00,35.6,Dubai
SC-41259,2024-06-10,New York,New York,9849,5775,0.8808,Rain,2.6,109.29,Auto Parts,Sea,0,13.4,2024-06-23 09:36:00,13.4,İzmir
SC-97445,2024-10-12,Ningbo,Atina,4927,6085,0.7874,Fog,4.4,88.11,Machinery,Sea,0,14.1,2024-10-26 02:24:00,14.1,Singapore
SC-40795,2024-03-11,Los Angeles,New York,13360,10710,0.8504,Storm,3.2,93.72,Auto Parts,Sea,1,32.2,2024-04-12 04:48:00,32.2,Barcelona
SC-18770,2024-09-11,Valencia,Busan,6418,7120,0.7089,Rain,2.9,115.62,Machinery,Sea,0,16.5,2024-09-27 12:00:00,16.5,Mersin
SC-21093,2024-02-24,Singapore,Barcelona,2690,8744,0.6396,Clear,3.8,135.92,Auto Parts,Sea,0,20.2,2024-03-15 04:48:00,20.2,Singapore
SC-56571,2024-11-18,Barcelona,Barcelona,8493,3041,0.7731,Clear,1.4,141.35,Textiles,Sea,0,7.0,2024-11-25 00:00:00,7.0,Mersin
SC-10193,2024-01-03,Antwerp,Rotterdam,8746,6715,0.6875,Fog,2.1,140.62,Textiles,Sea,1,20.2,2024-01-23 04:48:00,20.2,Ambarli
SC-27569,2024-01-26,Los Angeles,Singapore,11311,3394,0.6115,Clear,4.3,146.13,Chemicals,Sea,0,7.9,2024-02-02 21:36:00,7.9,Marsaxlokk
SC-21190,2024-11-08,Ambarli,Mersin,5656,4869,0.9196,Rain,3.0,88.8,Auto Parts,Sea,0,11.3,2024-11-19 07:12:00,11.3,Jebel Ali
SC-72824,2024-05-05,Mersin,Ningbo,8132,5676,0.7379,Clear,4.6,82.87,Electronics,Sea,0,13.1,2024-05-18 02:24:00,13.1,Singapore
SC-52752,2024-02-22,Rotterdam,Barcelona,10197,5721,0.9237,Clear,1.4,87.4,Auto Parts,Sea,0,13.2,2024-03-06 04:48:00,13.2,Jebel Ali
SC-42327,2024-07-16,Tokyo,Marsilya,9995,7690,0.737,Clear,2.3,122.05,Electronics,Sea,0,17.8,2024-08-02 19:12:00,17.8,New York
SC-52070,2024-10-25,Ambarli,Los Angeles,3284,7818,0.7784,Clear,2.4,118.93,Auto Parts,Sea,0,18.1,2024-11-12 02:24:00,18.1,İzmir
SC-95925,2024-07-06,Busan,Ambarli,4218,2234,0.9976,Fog,2.7,126.98,Machinery,Sea,0,5.2,2024-07-11 04:48:00,5.2,Jebel Ali
SC-50197,2024-07-04,Barcelona,Singapore,5891,5140,0.9758,Clear,4.9,105.98,Textiles,Sea,0,11.9,2024-07-15 21:36:00,11.9,New York
SC-12261,2024-10-31,Felixstowe,Singapore,8811,10638,0.6358,Clear,2.2,107.41,Electronics,Sea,0,24.6,2024-11-24 14:24:00,24.6,İzmir
SC-36512,2024-10-24,Shanghai,Hamburg,8386,10199,0.9343,Clear,3.1,118.19,Electronics,Sea,0,23.6,2024-11-16 14:24:00,23.6,New York
SC-16716,2024-07-22,Singapore,Atina,3193,2999,0.6952,Clear,3.1,85.53,Auto Parts,Sea,0,6.9,2024-07-28 21:36:00,6.9,Trieste
SC-96795,2024-01-11,Mersin,Marsilya,3154,3334,0.5356,Clear,4.1,135.99,Textiles,Sea,0,7.7,2024-01-18 16:48:00,7.7,Barcelona
SC-38933,2024-12-24,Mersin,İzmir,8244,10325,0.7879,Storm,3.1,144.6,Chemicals,Sea,0,23.9,2025-01-16 21:36:00,23.9,Barcelona
SC-14378,2024-12-19,Dubai,Valencia,18927,10247,0.9885,Rain,3.4,107.11,Electronics,Sea,1,30.8,2025-01-18 19:12:00,30.8,İzmir
SC-50583,2024-05-25,Rotterdam,Trieste,7909,7088,0.9872,Clear,4.0,131.77,Textiles,Sea,0,16.4,2024-06-10 09:36:00,16.4,Marsaxlokk
SC-95371,2024-03-25,Shanghai,Shanghai,3017,7479,0.5632,Fog,1.4,118.42,Textiles,Sea,1,22.5,2024-04-16 12:00:00,22.5,Piraeus
SC-39033,2024-04-09,Tokyo,Atina,5811,8090,0.8856,Fog,4.9,96.52,Electronics,Sea,1,24.3,2024-05-03 07:12:00,24.3,İzmir
SC-34000,2024-04-13,Atina,İzmir,8909,3111,0.9014,Clear,4.4,84.75,Machinery,Sea,1,9.4,2024-04-22 09:36:00,9.4,New York
SC-85868,2024-02-15,Tokyo,Barcelona,8441,11715,0.6844,Clear,2.6,97.21,Machinery,Sea,0,27.1,2024-03-13 02:24:00,27.1,Marsaxlokk
SC-52604,2024-02-13,Rotterdam,Atina,11469,10335,0.8293,Clear,3.9,122.34,Auto Parts,Sea,0,23.9,2024-03-07 21:36:00,23.9,Dubai
SC-78336,2024-10-04,Mersin,Atina,10095,4916,0.7441,Clear,4.0,82.82,Auto Parts,Sea,0,11.4,2024-10-15 09:36:00,11.4,Piraeus
SC-83869,2024-06-29,Marsilya,Barcelona,5172,8799,0.6139,Clear,4.4,138.53,Textiles,Sea,0,20.4,2024-07-19 09:36:00,20.4,İzmir
SC-15410,2024-07-05,Felixstowe,Dubai,7669,4103,0.8806,Clear,1.8,147.92,Electronics,Sea,0,9.5,2024-07-14 12:00:00,9.5,Atina
SC-93375,2024-04-23,Atina,Barcelona,4807,10811,0.6314,Clear,3.8,85.85,Machinery,Sea,0,25.0,2024-05-18 00:00:00,25.0,Atina
SC-66044,2024-09-11,Busan,New York,2817,7125,0.6702,Fog,1.1,97.27,Textiles,Sea,1,21.4,2024-10-02 09:36:00,21.4,Barcelona
SC-73315,2024-01-30,İzmir,Singapore,5699,8590,0.595,Rain,1.5,127.29,Machinery,Sea,0,19.9,2024-02-18 21:36:00,19.9,Dubai
SC-81344,2024-09-20,Ambarli,Ningbo,4057,11600,0.8596,Clear,4.1,136.43,Electronics,Sea,0,26.9,2024-10-16 21:36:00,26.9,Singapore
SC-16796,2024-04-07,Marsilya,Trieste,3687,4921,0.7294,Rain,4.3,104.22,Machinery,Sea,0,11.4,2024-04-18 09:36:00,11.4,Atina
SC-96716,2024-11-08,Ambarli,Los Angeles,2808,6734,0.7217,Rain,3.4,116.07,Chemicals,Sea,0,15.6,2024-11-23 14:24:00,15.6,Marsaxlokk
SC-64245,2024-11-24,Shanghai,Hamburg,13446,5373,0.8023,Clear,3.3,142.42,Auto Parts,Sea,0,12.4,2024-12-06 09:36:00,12.4,Ambarli
SC-53056,2024-04-24,Antwerp,Felixstowe,5086,8754,0.5786,Clear,4.0,106.91,Machinery,Sea,0,20.3,2024-05-14 07:12:00,20.3,Tanger Med
SC-27709,2024-10-02,Busan,Busan,14437,2836,0.9491,Clear,4.6,85.71,Electronics,Sea,0,6.6,2024-10-08 14:24:00,6.6,Barcelona
SC-68557,2024-10-07,Shanghai,Antwerp,7609,11777,0.7326,Clear,2.7,149.64,Electronics,Sea,0,27.3,2024-11-03 07:12:00,27.3,Barcelona
SC-27543,2024-10-01,Felixstowe,Trieste,8509,11028,0.6833,Clear,1.5,92.62,Chemicals,Sea,0,25.5,2024-10-26 12:00:00,25.5,Atina
SC-47418,2024-09-17,Mersin,Singapore,16256,8707,0.5633,Clear,4.4,83.41,Electronics,Sea,0,20.2,2024-10-07 04:48:00,20.2,Jebel Ali
SC-26724,2024-11-26,Shanghai,Dubai,9462,7312,0.584,Clear,2.4,108.75,Chemicals,Sea,0,16.9,2024-12-12 21:36:00,16.9,Dubai
SC-13828,2024-07-25,Dubai,Tokyo,8434,11589,0.9602,Clear,1.5,88.5,Textiles,Sea,0,26.8,2024-08-20 19:12:00,26.8,Piraeus
SC-27087,2024-11-23,Dubai,Los Angeles,8622,5822,0.7283,Fog,3.5,148.51,Machinery,Sea,1,17.5,2024-12-10 12:00:00,17.5,Dubai
SC-22605,2024-07-29,Shanghai,Rotterdam,6622,8153,0.8611,Rain,3.3,106.66,Electronics,Sea,0,18.9,2024-08-16 21:36:00,18.9,Jebel Ali
SC-41337,2024-08-02,Ambarli,Tokyo,2968,2804,0.5403,Rain,2.9,137.81,Auto Parts,Sea,0,6.5,2024-08-08 12:00:00,6.5,New York
SC-15482,2024-02-09,Valencia,Valencia,9815,3075,0.8217,Rain,4.4,92.36,Machinery,Sea,1,9.3,2024-02-18 07:12:00,9.3,New York
SC-75333,2024-01-26,Tokyo,Mersin,6894,11605,0.9608,Rain,2.1,89.72,Chemicals,Sea,0,26.9,2024-02-21 21:36:00,26.9,İzmir
SC-98296,2024-01-27,Mersin,Busan,7025,6452,0.65,Clear,1.1,125.45,Machinery,Sea,0,14.9,2024-02-10 21:36:00,14.9,Singapore
SC-60952,2024-07-08,Felixstowe,Shanghai,2620,3663,0.7896,Fog,2.3,143.65,Machinery,Sea,0,8.5,2024-07-16 12:00:00,8.5,Dubai
SC-15463,2024-03-23,İzmir,Busan,6864,9428,0.9701,Rain,1.0,88.02,Electronics,Sea,0,21.8,2024-04-13 19:12:00,21.8,Tanger Med
SC-80448,2024-06-18,Tokyo,Valencia,11475,4053,0.8597,Clear,3.2,121.25,Auto Parts,Sea,0,9.4,2024-06-27 09:36:00,9.4,Jebel Ali
SC-14648,2024-06-15,Singapore,Singapore,8216,4420,0.5312,Clear,2.5,85.95,Textiles,Sea,0,10.2,2024-06-25 04:48:00,10.2,Mersin
SC-43623,2024-07-06,Marsilya,Busan,6235,4528,0.6894,Clear,4.3,136.85,Auto Parts,Sea,0,10.5,2024-07-16 12:00:00,10.5,Barcelona
SC-69156,2024-06-17,Valencia,Trieste,10266,6317,0.5429,Clear,4.2,143.65,Chemicals,Sea,0,14.6,2024-07-01 14:24:00,14.6,Jebel Ali
SC-45634,2024-10-15,Hamburg,Tokyo,7006,9977,0.9307,Clear,2.7,124.02,Auto Parts,Sea,0,23.1,2024-11-07 02:24:00,23.1,Atina
SC-54602,2024-08-16,Singapore,Felixstowe,9236,10706,0.8108,Clear,1.9,128.18,Auto Parts,Sea,0,24.8,2024-09-09 19:12:00,24.8,Ambarli
SC-59334,2024-04-06,Ningbo,Singapore,6937,9227,0.9782,Rain,2.7,83.88,Chemicals,Sea,0,21.4,2024-04-27 09:36:00,21.4,Singapore
SC-78648,2024-01-16,Dubai,Hamburg,2974,10412,0.5099,Clear,3.6,85.11,Auto Parts,Sea,0,24.1,2024-02-09 02:24:00,24.1,Jebel Ali
SC-32054,2024-10-05,Marsilya,İzmir,9736,2227,0.7115,Clear,1.8,92.58,Textiles,Sea,0,5.2,2024-10-10 04:48:00,5.2,Tanger Med
SC-80028,2024-05-14,Trieste,Barcelona,8129,4337,0.5522,Clear,4.1,99.17,Machinery,Sea,0,10.0,2024-05-24 00:00:00,10.0,Jebel Ali
SC-32207,2024-01-26,Mersin,Hamburg,3339,2955,0.6752,Rain,2.3,133.19,Textiles,Sea,0,6.8,2024-02-01 19:12:00,6.8,Singapore
SC-90650,2024-12-17,Antwerp,Singapore,9570,3497,0.5809,Fog,4.7,110.48,Machinery,Sea,1,10.5,2024-12-27 12:00:00,10.5,Barcelona
SC-91554,2024-01-12,Busan,Felixstowe,3253,11472,0.6644,Clear,3.0,85.48,Machinery,Sea,0,26.6,2024-02-07 14:24:00,26.6,Singapore
SC-31386,2024-03-12,Trieste,Trieste,8488,3978,0.9096,Clear,4.4,139.69,Auto Parts,Sea,0,9.2,2024-03-21 04:48:00,9.2,Marsaxlokk
SC-93276,2024-05-12,Tokyo,Atina,17278,3529,0.5803,Clear,3.5,149.57,Machinery,Sea,0,8.2,2024-05-20 04:48:00,8.2,Ambarli
SC-69518,2024-04-15,Dubai,Busan,2906,4662,0.7368,Rain,3.2,111.85,Chemicals,Sea,0,10.8,2024-04-25 19:12:00,10.8,New York
SC-62781,2024-08-07,Busan,Los Angeles,8962,8433,0.9608,Rain,3.7,115.82,Textiles,Sea,0,19.5,2024-08-26 12:00:00,19.5,İzmir
SC-62780,2024-06-25,Hamburg,Barcelona,8653,9445,0.9994,Rain,4.2,85.5,Machinery,Sea,0,21.9,2024-07-16 21:36:00,21.9,Mersin
SC-71440,2024-10-08,Valencia,Rotterdam,6146,6284,0.6253,Clear,3.6,106.81,Auto Parts,Sea,0,14.5,2024-10-22 12:00:00,14.5,Tanger Med
SC-54199,2024-05-12,Mersin,Atina,4774,11109,0.9678,Clear,4.2,106.03,Auto Parts,Sea,0,25.7,2024-06-06 16:48:00,25.7,Trieste
SC-71035,2024-01-22,İzmir,Los Angeles,7763,3201,0.6307,Clear,1.8,147.61,Auto Parts,Sea,0,7.4,2024-01-29 09:36:00,7.4,Ambarli
SC-18210,2024-09-25,Hamburg,Trieste,3870,9131,0.7068,Fog,2.1,126.23,Electronics,Sea,0,21.1,2024-10-16 02:24:00,21.1,Mersin
SC-54363,2024-06-09,Trieste,İzmir,2762,11813,0.939,Clear,1.9,134.75,Textiles,Sea,0,27.3,2024-07-06 07:12:00,27.3,Barcelona
SC-88279,2024-04-16,New York,Valencia,5755,2759,0.8931,Rain,4.2,88.98,Auto Parts,Sea,0,6.4,2024-04-22 09:36:00,6.4,Dubai
SC-70348,2024-10-05,Marsilya,Los Angeles,8998,7573,0.9287,Fog,1.3,109.18,Chemicals,Sea,1,22.8,2024-10-27 19:12:00,22.8,Tanger Med
SC-65284,2024-12-18,Tokyo,Trieste,6818,7161,0.9001,Rain,4.2,93.41,Auto Parts,Sea,0,16.6,2025-01-03 14:24:00,16.6,Marsaxlokk
SC-82124,2024-08-22,Dubai,Busan,2711,6289,0.6175,Clear,2.6,140.21,Electronics,Sea,0,14.6,2024-09-05 14:24:00,14.6,Singapore
SC-78847,2024-01-18,Trieste,Marsilya,9430,7446,0.7794,Clear,1.3,90.67,Textiles,Sea,0,17.2,2024-02-04 04:48:00,17.2,Atina
SC-32432,2024-08-29,Ambarli,Marsilya,8186,11680,0.6926,Fog,2.7,110.72,Machinery,Sea,1,35.1,2024-10-03 02:24:00,35.1,Barcelona
SC-74089,2024-04-26,Ningbo,İzmir,9241,6258,0.7299,Storm,2.2,83.76,Textiles,Sea,0,14.5,2024-05-10 12:00:00,14.5,Tanger Med
SC-65398,2024-10-12,Antwerp,Dubai,7903,6371,0.577,Clear,3.4,124.4,Machinery,Sea,0,14.7,2024-10-26 16:48:00,14.7,Piraeus
SC-13321,2024-10-08,Los Angeles,Los Angeles,12469,3665,0.6579,Fog,2.9,113.73,Machinery,Sea,0,8.5,2024-10-16 12:00:00,8.5,Singapore
SC-91348,2024-05-23,Dubai,Singapore,5575,8918,0.9288,Clear,2.2,114.86,Auto Parts,Sea,0,20.6,2024-06-12 14:24:00,20.6,Singapore
SC-47383,2024-07-23,Los Angeles,Tokyo,14653,8623,0.9488,Clear,4.4,87.11,Chemicals,Sea,0,20.0,2024-08-12 00:00:00,20.0,İzmir
SC-88682,2024-02-08,Ningbo,Hamburg,5585,10651,0.8051,Clear,2.6,115.98,Chemicals,Sea,0,24.7,2024-03-03 16:48:00,24.7,İzmir
SC-89190,2024-06-02,Rotterdam,Marsilya,10718,9432,0.7491,Rain,2.9,119.46,Auto Parts,Sea,0,21.8,2024-06-23 19:12:00,21.8,Atina
SC-62893,2024-06-24,Felixstowe,Dubai,7844,8682,0.8564,Clear,4.4,147.4,Electronics,Sea,0,20.1,2024-07-14 02:24:00,20.1,Trieste
SC-45820,2024-08-28,Mersin,Trieste,5486,8228,0.8044,Clear,1.4,82.33,Machinery,Sea,0,19.0,2024-09-16 00:00:00,19.0,Marsaxlokk
SC-76262,2024-05-13,Antwerp,Trieste,3018,7827,0.9918,Clear,2.6,144.59,Chemicals,Sea,0,18.1,2024-05-31 02:24:00,18.1,Tanger Med
SC-13760,2024-02-15,Barcelona,Mersin,14383,7435,0.595,Clear,2.6,113.57,Textiles,Sea,0,17.2,2024-03-03 04:48:00,17.2,İzmir
SC-32190,2024-02-19,Atina,İzmir,10954,9636,0.7245,Fog,3.0,94.71,Electronics,Sea,0,22.3,2024-03-12 07:12:00,22.3,Barcelona
SC-77411,2024-06-14,Los Angeles,Ambarli,6426,3365,0.9591,Clear,1.4,126.59,Auto Parts,Sea,0,7.8,2024-06-21 19:12:00,7.8,Trieste
SC-33377,2024-04-15,Busan,Dubai,3247,9344,0.9574,Rain,1.4,116.19,Electronics,Sea,1,28.1,2024-05-13 02:24:00,28.1,Mersin
SC-56737,2024-08-03,İzmir,Singapore,8750,5201,0.7477,Rain,2.7,95.87,Chemicals,Sea,0,12.0,2024-08-15 00:00:00,12.0,Ambarli
SC-79569,2024-05-25,Trieste,Dubai,8909,6752,0.5674,Rain,1.1,123.88,Auto Parts,Sea,1,20.3,2024-06-14 07:12:00,20.3,Dubai
SC-48211,2024-03-12,Marsilya,Ningbo,4678,11575,0.9075,Storm,2.0,113.13,Chemicals,Sea,1,34.8,2024-04-15 19:12:00,34.8,Tanger Med
SC-92909,2024-11-25,Dubai,Atina,17195,8091,0.7926,Clear,1.8,128.23,Machinery,Sea,0,18.7,2024-12-13 16:48:00,18.7,Singapore
SC-13744,2024-09-29,Shanghai,Marsilya,7886,8614,0.8866,Clear,3.0,128.24,Electronics,Sea,0,19.9,2024-10-18 21:36:00,19.9,Piraeus
SC-34995,2024-09-03,Dubai,Los Angeles,6158,3521,0.7313,Clear,1.0,113.1,Machinery,Sea,0,8.2,2024-09-11 04:48:00,8.2,İzmir
SC-26977,2024-07-04,İzmir,Busan,3920,9521,0.6019,Clear,3.7,107.36,Textiles,Sea,0,22.0,2024-07-26 00:00:00,22.0,Piraeus
SC-44542,2024-03-10,Rotterdam,Barcelona,5286,8559,0.512,Clear,4.4,84.43,Machinery,Sea,1,25.8,2024-04-04 19:12:00,25.8,Marsaxlokk
SC-20651,2024-05-29,Hamburg,Mersin,13657,3623,0.7796,Clear,3.8,114.57,Electronics,Sea,0,8.4,2024-06-06 09:36:00,8.4,Dubai
SC-88931,2024-09-02,Los Angeles,Atina,8679,10873,0.5805,Fog,4.3,97.02,Textiles,Sea,0,25.2,2024-09-27 04:48:00,25.2,Mersin
SC-26715,2024-09-18,Marsilya,Marsilya,3010,5134,0.5936,Rain,3.6,83.73,Chemicals,Sea,0,11.9,2024-09-29 21:36:00,11.9,Marsaxlokk
SC-54409,2024-01-26,Felixstowe,Dubai,13893,7820,0.7182,Clear,3.0,103.13,Textiles,Sea,0,18.1,2024-02-13 02:24:00,18.1,Marsaxlokk
SC-34306,2024-05-19,Barcelona,Rotterdam,6041,6994,0.721,Clear,1.9,86.12,Electronics,Sea,0,16.2,2024-06-04 04:48:00,16.2,Jebel Ali
SC-29086,2024-04-08,Valencia,Rotterdam,13297,6696,0.6372,Clear,2.1,120.58,Auto Parts,Sea,0,15.5,2024-04-23 12:00:00,15.5,Singapore
SC-24376,2024-10-04,Trieste,Felixstowe,8808,3867,0.566,Clear,2.3,115.26,Textiles,Sea,0,9.0,2024-10-13 00:00:00,9.0,Piraeus
SC-71350,2024-02-20,Rotterdam,Felixstowe,9970,11391,0.9725,Rain,1.2,135.47,Chemicals,Sea,0,26.4,2024-03-17 09:36:00,26.4,Ambarli
SC-81425,2024-05-30,Singapore,Ambarli,8695,4823,0.5658,Clear,4.7,98.73,Textiles,Sea,0,11.2,2024-06-10 04:48:00,11.2,Dubai
SC-46636,2024-04-13,Singapore,Dubai,6126,8106,0.6754,Clear,4.6,106.01,Machinery,Sea,0,18.8,2024-05-01 19:12:00,18.8,New York
SC-96120,2024-03-29,Barcelona,Trieste,11838,2168,0.6524,Clear,1.4,128.23,Auto Parts,Sea,0,5.0,2024-04-03 00:00:00,5.0,Barcelona
SC-61649,2024-05-20,New York,Rotterdam,10494,9787,0.9332,Clear,3.2,149.51,Electronics,Sea,0,22.7,2024-06-11 16:48:00,22.7,Tanger Med
SC-44610,2024-07-31,Valencia,Los Angeles,6891,10630,0.705,Clear,2.9,143.29,Auto Parts,Sea,0,24.6,2024-08-24 14:24:00,24.6,İzmir
SC-20058,2024-08-20,İzmir,Mersin,8655,6909,0.562,Clear,3.7,116.46,Machinery,Sea,0,16.0,2024-09-05 00:00:00,16.0,Dubai
SC-84637,2024-07-01,Antwerp,İzmir,9322,10027,0.5051,Clear,3.4,127.46,Auto Parts,Sea,0,23.2,2024-07-24 04:48:00,23.2,Jebel Ali
SC-88033,2024-09-07,Trieste,Dubai,11295,6681,0.861,Clear,1.5,117.23,Machinery,Sea,0,15.5,2024-09-22 12:00:00,15.5,Atina
SC-80194,2024-01-09,Busan,Ningbo,7314,11055,0.8573,Clear,3.6,110.44,Textiles,Sea,0,25.6,2024-02-03 14:24:00,25.6,Atina
SC-86917,2024-03-19,Barcelona,Ambarli,7136,7137,0.7089,Clear,3.4,122.16,Electronics,Sea,0,16.5,2024-04-04 12:00:00,16.5,Piraeus
SC-74200,2024-02-21,Rotterdam,Dubai,14011,10331,0.5632,Rain,3.1,107.05,Machinery,Sea,0,23.9,2024-03-15 21:36:00,23.9,Trieste
SC-56619,2024-09-25,Dubai,Antwerp,6807,7234,0.6858,Clear,2.6,99.61,Machinery,Sea,0,16.7,2024-10-11 16:48:00,16.7,Ambarli
SC-27154,2024-08-13,Felixstowe,Felixstowe,10730,2224,0.7949,Clear,4.8,129.4,Textiles,Sea,1,6.7,2024-08-19 16:48:00,6.7,Trieste
SC-29539,2024-02-20,Dubai,Valencia,4680,10749,0.852,Clear,4.4,141.04,Machinery,Sea,1,32.3,2024-03-23 07:12:00,32.3,Barcelona
SC-70058,2024-07-04,Dubai,Ambarli,10786,8582,0.5391,Clear,3.3,100.16,Electronics,Sea,0,19.9,2024-07-23 21:36:00,19.9,Jebel Ali
SC-72068,2024-02-03,Trieste,Ambarli,3920,3573,0.7782,Clear,1.0,129.48,Chemicals,Sea,0,8.3,2024-02-11 07:12:00,8.3,Dubai
SC-87313,2024-10-17,Tokyo,Dubai,4099,10577,0.6381,Clear,2.7,110.38,Auto Parts,Sea,0,24.5,2024-11-10 12:00:00,24.5,Jebel Ali
SC-40373,2024-08-17,Singapore,İzmir,3124,10712,0.8086,Clear,3.8,101.15,Machinery,Sea,0,24.8,2024-09-10 19:12:00,24.8,İzmir
SC-43154,2024-05-10,Rotterdam,Valencia,14971,8763,0.8241,Clear,1.5,123.48,Auto Parts,Sea,0,20.3,2024-05-30 07:12:00,20.3,Jebel Ali
SC-16031,2024-04-29,Singapore,Trieste,8769,7217,0.9553,Clear,2.6,145.76,Auto Parts,Sea,0,16.7,2024-05-15 16:48:00,16.7,Singapore
SC-81975,2024-11-21,Hamburg,Dubai,9131,5142,0.7052,Clear,1.8,104.62,Chemicals,Sea,0,11.9,2024-12-02 21:36:00,11.9,Dubai
SC-32785,2024-09-03,Trieste,Valencia,2609,5501,0.7688,Rain,2.4,133.16,Machinery,Sea,1,16.6,2024-09-19 14:24:00,16.6,Jebel Ali
SC-88928,2024-07-10,Tokyo,Atina,4370,3499,0.6341,Clear,1.1,102.03,Electronics,Sea,0,8.1,2024-07-18 02:24:00,8.1,Jebel Ali
SC-38669,2024-11-18,Barcelona,Ningbo,4228,11669,0.6433,Clear,1.5,136.27,Machinery,Sea,0,27.0,2024-12-15 00:00:00,27.0,Marsaxlokk
SC-12282,2024-07-28,Busan,Dubai,3405,11095,0.523,Clear,2.8,133.2,Auto Parts,Sea,0,25.7,2024-08-22 16:48:00,25.7,İzmir
SC-44624,2024-04-12,Mersin,Rotterdam,8983,11823,0.643,Clear,4.6,133.59,Textiles,Sea,0,27.4,2024-05-09 09:36:00,27.4,Ambarli
SC-58438,2024-11-24,Singapore,Singapore,2888,8687,0.5319,Rain,3.0,149.84,Chemicals,Sea,1,26.1,2024-12-20 02:24:00,26.1,Tanger Med
SC-99900,2024-05-12,İzmir,Dubai,5931,7245,0.982,Clear,2.8,89.84,Electronics,Sea,0,16.8,2024-05-28 19:12:00,16.8,Barcelona
SC-77534,2024-11-18,Busan,Valencia,4902,11362,0.8121,Rain,4.2,107.22,Electronics,Sea,0,26.3,2024-12-14 07:12:00,26.3,Jebel Ali
SC-41705,2024-05-18,Tokyo,Trieste,6876,3744,0.5866,Clear,2.1,124.16,Auto Parts,Sea,0,8.7,2024-05-26 16:48:00,8.7,Dubai
SC-48244,2024-04-30,Dubai,Felixstowe,8324,4039,0.5584,Clear,1.4,121.33,Electronics,Sea,0,9.3,2024-05-09 07:12:00,9.3,Tanger Med
SC-84964,2024-04-03,Ambarli,Busan,5393,10311,0.6851,Clear,1.8,134.64,Auto Parts,Sea,0,23.9,2024-04-26 21:36:00,23.9,Piraeus
SC-47437,2024-05-08,Hamburg,Dubai,5072,5857,0.6538,Rain,4.2,83.28,Electronics,Sea,1,17.6,2024-05-25 14:24:00,17.6,Marsaxlokk
SC-87872,2024-03-31,Dubai,Marsilya,14412,11867,0.6396,Clear,3.7,129.35,Electronics,Sea,0,27.5,2024-04-27 12:00:00,27.5,Marsaxlokk
SC-84878,2024-04-01,Marsilya,Singapore,8750,11512,0.7341,Clear,1.4,131.64,Auto Parts,Sea,0,26.6,2024-04-27 14:24:00,26.6,İzmir
SC-82982,2024-03-03,Singapore,Dubai,7361,6950,0.9564,Clear,3.7,84.28,Chemicals,Sea,0,16.1,2024-03-19 02:24:00,16.1,Piraeus
SC-60583,2024-01-29,İzmir,Trieste,2587,11207,0.784,Clear,4.7,117.71,Electronics,Sea,0,25.9,2024-02-23 21:36:00,25.9,Dubai
SC-48392,2024-07-28,Los Angeles,Rotterdam,15513,9087,0.7606,Storm,1.2,97.15,Machinery,Sea,1,27.3,2024-08-24 07:12:00,27.3,Ambarli
SC-17461,2024-01-12,Marsilya,Antwerp,7587,8031,0.9033,Clear,3.5,136.11,Textiles,Sea,0,18.6,2024-01-30 14:24:00,18.6,Mersin
SC-20516,2024-11-28,Rotterdam,Marsilya,13414,3743,0.502,Clear,2.5,83.47,Auto Parts,Sea,1,11.3,2024-12-09 07:12:00,11.3,New York
SC-89285,2024-10-23,Shanghai,Barcelona,16372,5541,0.5987,Clear,3.0,90.23,Electronics,Sea,0,12.8,2024-11-04 19:12:00,12.8,Trieste
SC-27514,2024-05-09,Busan,Rotterdam,8618,11638,0.7481,Clear,3.1,87.31,Chemicals,Sea,1,35.0,2024-06-13 00:00:00,35.0,Barcelona
SC-46268,2024-10-19,Ambarli,Singapore,2705,5616,0.8527,Clear,4.1,84.57,Machinery,Sea,0,13.0,2024-11-01 00:00:00,13.0,Piraeus
SC-46788,2024-06-21,New York,Barcelona,12327,5894,0.7425,Clear,3.2,122.01,Auto Parts,Sea,0,13.6,2024-07-04 14:24:00,13.6,Atina
SC-85749,2024-07-26,Valencia,Dubai,6882,3724,0.5819,Clear,3.4,140.8,Machinery,Sea,0,8.6,2024-08-03 14:24:00,8.6,İzmir
SC-71049,2024-01-24,Tokyo,Dubai,5157,8227,0.965,Clear,2.3,115.77,Textiles,Sea,0,19.0,2024-02-12 00:00:00,19.0,Trieste
SC-72493,2024-04-08,Felixstowe,Antwerp,5153,6062,0.6643,Rain,1.5,94.74,Chemicals,Sea,0,14.0,2024-04-22 00:00:00,14.0,Barcelona
SC-46027,2024-12-21,Marsilya,Ambarli,7901,9847,0.8941,Clear,3.7,104.07,Auto Parts,Sea,0,22.8,2025-01-12 19:12:00,22.8,Atina
SC-52849,2024-05-18,Felixstowe,Singapore,4218,6281,0.9457,Clear,1.0,105.23,Auto Parts,Sea,0,14.5,2024-06-01 12:00:00,14.5,Singapore
SC-27858,2024-11-09,Tokyo,Barcelona,3308,10263,0.6732,Clear,2.3,111.61,Electronics,Sea,1,30.9,2024-12-09 21:36:00,30.9,Marsaxlokk
SC-94162,2024-06-22,Marsilya,Busan,9081,4200,0.9227,Clear,1.9,109.44,Machinery,Sea,0,9.7,2024-07-01 16:48:00,9.7,Mersin
SC-89003,2024-01-29,Los Angeles,Atina,9985,4143,0.8554,Clear,2.6,126.98,Auto Parts,Sea,0,9.6,2024-02-07 14:24:00,9.6,Dubai
SC-62395,2024-05-22,Singapore,Singapore,7054,5181,0.9521,Rain,2.2,103.79,Machinery,Sea,0,12.0,2024-06-03 00:00:00,12.0,Jebel Ali
SC-49758,2024-11-11,Dubai,New York,8055,11673,0.6257,Clear,3.8,126.41,Textiles,Sea,0,27.0,2024-12-08 00:00:00,27.0,Trieste
SC-64312,2024-12-16,Hamburg,Busan,3893,4875,0.9656,Clear,2.0,118.27,Electronics,Sea,0,11.3,2024-12-27 07:12:00,11.3,Ambarli
SC-78670,2024-02-11,Marsilya,Marsilya,8978,8520,0.5327,Clear,3.2,83.4,Textiles,Sea,0,19.7,2024-03-01 16:48:00,19.7,Mersin
SC-92279,2024-10-25,Ningbo,Valencia,6864,3096,0.8968,Clear,2.8,144.38,Electronics,Sea,0,7.2,2024-11-01 04:48:00,7.2,Mersin
SC-25434,2024-07-26,Tokyo,İzmir,14497,10915,0.7178,Clear,4.2,92.46,Electronics,Sea,0,25.3,2024-08-20 07:12:00,25.3,Tanger Med
SC-74047,2024-11-25,Antwerp,Barcelona,5566,8918,0.5889,Rain,2.7,111.61,Machinery,Sea,0,20.6,2024-12-15 14:24:00,20.6,Atina
SC-57775,2024-07-10,Singapore,Mersin,5064,10148,0.5397,Fog,4.5,146.33,Electronics,Sea,0,23.5,2024-08-02 12:00:00,23.5,Mersin
SC-85769,2024-06-08,Ningbo,Dubai,7894,5214,0.6948,Clear,1.0,97.31,Textiles,Sea,0,12.1,2024-06-20 02:24:00,12.1,Trieste
SC-76677,2024-03-04,İzmir,Busan,5765,9749,0.6947,Clear,3.4,81.55,Textiles,Sea,0,22.6,2024-03-26 14:24:00,22.6,Trieste
SC-93555,2024-08-30,New York,Antwerp,5461,7564,0.615,Clear,1.0,114.3,Textiles,Sea,0,17.5,2024-09-16 12:00:00,17.5,Dubai
SC-95920,2024-09-14,Tokyo,Rotterdam,15788,4871,0.6078,Clear,3.9,95.68,Machinery,Sea,0,11.3,2024-09-25 07:12:00,11.3,Ambarli
SC-55734,2024-05-31,Trieste,Marsilya,9994,6489,0.6998,Clear,1.9,120.74,Machinery,Sea,0,15.0,2024-06-15 00:00:00,15.0,Marsaxlokk
SC-98503,2024-08-02,Ambarli,Dubai,3415,6607,0.7051,Clear,2.5,137.2,Chemicals,Sea,0,15.3,2024-08-17 07:12:00,15.3,Mersin
SC-50603,2024-11-17,Shanghai,Dubai,4060,8764,0.7212,Rain,2.5,115.79,Auto Parts,Sea,0,20.3,2024-12-07 07:12:00,20.3,Mersin
SC-86708,2024-06-14,Barcelona,Mersin,14563,7834,0.9344,Clear,4.4,125.15,Chemicals,Sea,1,23.6,2024-07-07 14:24:00,23.6,İzmir
SC-91926,2024-01-31,Barcelona,Mersin,5589,11912,0.8056,Clear,1.4,126.63,Chemicals,Sea,0,27.6,2024-02-27 14:24:00,27.6,Piraeus
SC-78803,2024-08-19,Hamburg,Shanghai,3076,5399,0.5102,Clear,3.7,137.44,Electronics,Sea,0,12.5,2024-08-31 12:00:00,12.5,Barcelona
SC-49332,2024-10-08,Trieste,Singapore,9733,7378,0.7595,Rain,4.9,128.15,Electronics,Sea,0,17.1,2024-10-25 02:24:00,17.1,Trieste
SC-31312,2024-01-29,Barcelona,Rotterdam,9520,3857,0.8812,Clear,1.1,148.33,Chemicals,Sea,0,8.9,2024-02-06 21:36:00,8.9,Jebel Ali
SC-94526,2024-07-13,Trieste,Busan,11547,9604,0.5282,Clear,4.9,111.93,Auto Parts,Sea,0,22.2,2024-08-04 04:48:00,22.2,New York
SC-54179,2024-11-29,Marsilya,Mersin,7269,9731,0.7113,Clear,1.1,83.52,Chemicals,Sea,0,22.5,2024-12-21 12:00:00,22.5,New York
SC-81442,2024-09-12,Antwerp,İzmir,6961,4396,0.7256,Rain,4.4,107.58,Machinery,Sea,0,10.2,2024-09-22 04:48:00,10.2,Barcelona
SC-50379,2024-10-07,Dubai,Shanghai,7090,4261,0.977,Clear,4.8,138.79,Textiles,Sea,0,9.9,2024-10-16 21:36:00,9.9,New York
SC-27297,2024-10-30,Felixstowe,Barcelona,9459,3312,0.7378,Clear,5.0,89.31,Chemicals,Sea,1,10.0,2024-11-09 00:00:00,10.0,Marsaxlokk
SC-12011,2024-11-16,Ambarli,Tokyo,3308,4305,0.875,Rain,2.8,131.52,Electronics,Sea,0,10.0,2024-11-26 00:00:00,10.0,Mersin
SC-54014,2024-11-18,Los Angeles,Ambarli,7113,7507,0.6515,Clear,4.5,117.5,Auto Parts,Sea,0,17.4,2024-12-05 09:36:00,17.4,Tanger Med
SC-21738,2024-12-11,Atina,Barcelona,10635,11999,0.8897,Clear,1.5,143.05,Electronics,Sea,0,27.8,2025-01-07 19:12:00,27.8,Mersin
SC-57498,2024-10-20,Mersin,Barcelona,8366,4741,0.6613,Clear,2.7,131.18,Machinery,Sea,0,11.0,2024-10-31 00:00:00,11.0,Atina
SC-21120,2024-03-27,Trieste,Ningbo,7051,5336,0.715,Clear,2.2,126.24,Electronics,Sea,0,12.4,2024-04-08 09:36:00,12.4,Mersin
SC-18767,2024-05-28,İzmir,New York,3729,9480,0.7397,Clear,2.6,142.08,Electronics,Sea,0,21.9,2024-06-18 21:36:00,21.9,New York
SC-32852,2024-09-05,Antwerp,Valencia,5244,7159,0.9632,Rain,3.8,143.58,Auto Parts,Sea,0,16.6,2024-09-21 14:24:00,16.6,Singapore
SC-89239,2024-11-16,New York,New York,14430,2997,0.5267,Clear,1.3,106.94,Auto Parts,Sea,0,6.9,2024-11-22 21:36:00,6.9,Atina
SC-10929,2024-10-09,Atina,Rotterdam,2552,8353,0.5984,Storm,5.0,144.95,Electronics,Sea,1,25.1,2024-11-03 02:24:00,25.1,Mersin
SC-87487,2024-12-27,Trieste,Antwerp,4542,4319,0.8529,Rain,3.5,83.83,Electronics,Sea,0,10.0,2025-01-06 00:00:00,10.0,Jebel Ali
SC-27438,2024-07-16,Singapore,Dubai,6812,5207,0.7888,Storm,4.5,133.38,Chemicals,Sea,0,12.1,2024-07-28 02:24:00,12.1,Marsaxlokk
SC-58515,2024-02-13,Mersin,Rotterdam,2814,10790,0.6258,Clear,4.3,103.56,Machinery,Sea,0,25.0,2024-03-09 00:00:00,25.0,Ambarli
SC-15744,2024-12-21,New York,Los Angeles,3793,11275,0.6446,Clear,4.1,114.12,Chemicals,Sea,0,26.1,2025-01-16 02:24:00,26.1,Dubai
SC-93820,2024-01-28,Felixstowe,Busan,6272,5581,0.6837,Rain,1.2,138.5,Auto Parts,Sea,0,12.9,2024-02-09 21:36:00,12.9,Jebel Ali
SC-52417,2024-01-17,Singapore,Trieste,2520,5086,0.7252,Rain,3.1,124.59,Chemicals,Sea,0,11.8,2024-01-28 19:12:00,11.8,Mersin
SC-17069,2024-05-06,Shanghai,Dubai,17748,9166,0.909,Rain,2.3,112.02,Chemicals,Sea,0,21.2,2024-05-27 04:48:00,21.2,Atina
SC-52359,2024-06-16,İzmir,Hamburg,3535,2721,0.5069,Clear,1.5,91.48,Electronics,Sea,0,6.3,2024-06-22 07:12:00,6.3,Piraeus
SC-29799,2024-08-31,Singapore,Felixstowe,6838,3154,0.949,Clear,2.4,145.75,Electronics,Sea,0,7.3,2024-09-07 07:12:00,7.3,Tanger Med
SC-80188,2024-03-16,New York,Trieste,12995,9167,0.7065,Rain,3.6,103.27,Machinery,Sea,0,21.2,2024-04-06 04:48:00,21.2,İzmir
SC-99859,2024-08-18,Singapore,Antwerp,13936,2016,0.6152,Rain,1.9,87.08,Textiles,Sea,1,6.1,2024-08-24 02:24:00,6.1,Barcelona
SC-17597,2024-07-22,Trieste,Shanghai,3578,9097,0.7542,Clear,2.8,119.49,Textiles,Sea,0,21.1,2024-08-12 02:24:00,21.1,Barcelona
SC-57093,2024-09-04,Felixstowe,Singapore,6155,11183,0.8298,Clear,2.6,108.44,Chemicals,Sea,0,25.9,2024-09-29 21:36:00,25.9,Barcelona
SC-47226,2024-10-28,Mersin,Mersin,10693,4232,0.5224,Clear,1.2,121.34,Machinery,Sea,0,9.8,2024-11-06 19:12:00,9.8,Marsaxlokk
SC-82127,2024-08-01,New York,Marsilya,8050,3446,0.8579,Clear,3.5,96.35,Machinery,Sea,1,10.4,2024-08-11 09:36:00,10.4,New York
SC-87362,2024-08-02,Marsilya,Ambarli,4503,11657,0.8804,Fog,3.5,106.51,Auto Parts,Sea,0,27.0,2024-08-29 00:00:00,27.0,Ambarli
SC-36417,2024-06-06,Singapore,Dubai,4934,7774,0.5831,Clear,4.9,148.08,Electronics,Sea,0,18.0,2024-06-24 00:00:00,18.0,New York
SC-28693,2024-03-09,Barcelona,Felixstowe,12464,5083,0.5839,Clear,2.2,145.56,Auto Parts,Sea,0,11.8,2024-03-20 19:12:00,11.8,Trieste
SC-89674,2024-03-25,Busan,Busan,8276,11735,0.6019,Fog,2.7,140.51,Textiles,Sea,0,27.2,2024-04-21 04:48:00,27.2,İzmir
SC-63161,2024-09-23,Antwerp,İzmir,7698,10271,0.8983,Clear,2.6,134.54,Machinery,Sea,1,30.9,2024-10-23 21:36:00,30.9,Trieste
SC-12169,2024-03-09,Antwerp,Trieste,3248,8952,0.636,Rain,4.7,90.96,Textiles,Sea,0,20.7,2024-03-29 16:48:00,20.7,New York
SC-94092,2024-04-08,Barcelona,New York,16263,9841,0.898,Rain,2.6,112.69,Electronics,Sea,0,22.8,2024-04-30 19:12:00,22.8,Jebel Ali
SC-32052,2024-12-12,Dubai,Antwerp,6850,11463,0.7703,Rain,2.8,130.95,Electronics,Sea,0,26.5,2025-01-07 12:00:00,26.5,İzmir
SC-81849,2024-08-03,Shanghai,Barcelona,6121,11756,0.8836,Clear,2.0,98.32,Electronics,Sea,0,27.2,2024-08-30 04:48:00,27.2,New York
SC-83851,2024-06-09,Busan,Hamburg,7214,7391,0.7768,Clear,1.0,82.32,Textiles,Sea,0,17.1,2024-06-26 02:24:00,17.1,Marsaxlokk
SC-18036,2024-04-03,Felixstowe,Ningbo,7539,11905,0.6679,Clear,1.4,109.27,Machinery,Sea,0,27.6,2024-04-30 14:24:00,27.6,Tanger Med
SC-41778,2024-06-22,Shanghai,Busan,9140,11201,0.9554,Clear,3.8,109.76,Auto Parts,Sea,0,25.9,2024-07-17 21:36:00,25.9,Barcelona
SC-37734,2024-06-13,Los Angeles,İzmir,9564,10964,0.8576,Clear,3.7,84.56,Machinery,Sea,1,33.0,2024-07-16 00:00:00,33.0,Piraeus
SC-33173,2024-04-24,Marsilya,Antwerp,5413,9914,0.742,Clear,2.3,102.44,Machinery,Sea,0,22.9,2024-05-16 21:36:00,22.9,Jebel Ali
SC-40403,2024-08-07,Atina,New York,3705,2482,0.8187,Clear,2.9,144.21,Chemicals,Sea,0,5.7,2024-08-12 16:48:00,5.7,Ambarli
SC-76321,2024-01-31,Atina,Hamburg,15307,7681,0.8079,Clear,2.2,97.52,Machinery,Sea,0,17.8,2024-02-17 19:12:00,17.8,Tanger Med
SC-81675,2024-01-11,Dubai,Ambarli,7156,9437,0.6791,Rain,3.9,119.84,Auto Parts,Sea,0,21.8,2024-02-01 19:12:00,21.8,Jebel Ali
SC-16344,2024-12-08,New York,Dubai,8515,11773,0.7119,Rain,4.4,114.15,Chemicals,Sea,0,27.3,2025-01-04 07:12:00,27.3,Jebel Ali
SC-28800,2024-05-09,Valencia,Antwerp,10407,11297,0.6591,Clear,4.6,140.35,Machinery,Sea,1,34.0,2024-06-12 00:00:00,34.0,Tanger Med
SC-35372,2024-04-14,New York,Ningbo,9232,7203,0.9998,Rain,1.7,125.75,Chemicals,Sea,0,16.7,2024-04-30 16:48:00,16.7,New York
SC-71516,2024-01-27,Ambarli,Ningbo,3712,5361,0.79,Clear,3.8,91.09,Machinery,Sea,0,12.4,2024-02-08 09:36:00,12.4,Mersin
SC-30538,2024-08-14,İzmir,Atina,5354,7947,0.546,Rain,4.9,90.0,Electronics,Sea,0,18.4,2024-09-01 09:36:00,18.4,Dubai
SC-73918,2024-01-02,New York,Mersin,9799,11033,0.7596,Clear,3.6,119.02,Electronics,Sea,0,25.5,2024-01-27 12:00:00,25.5,Singapore
SC-24973,2024-12-24,Tokyo,Antwerp,13105,5534,0.525,Clear,2.4,83.25,Machinery,Sea,0,12.8,2025-01-05 19:12:00,12.8,Dubai
SC-81155,2024-04-10,New York,Valencia,7052,3872,0.6443,Clear,3.5,107.55,Chemicals,Sea,0,9.0,2024-04-19 00:00:00,9.0,İzmir
SC-69500,2024-01-21,Mersin,Busan,12884,9258,0.723,Clear,3.8,107.93,Auto Parts,Sea,0,21.4,2024-02-11 09:36:00,21.4,Ambarli
SC-46575,2024-02-27,Ningbo,Atina,5046,7982,0.7671,Clear,2.6,93.74,Electronics,Sea,0,18.5,2024-03-16 12:00:00,18.5,Singapore
SC-52261,2024-06-28,İzmir,Dubai,8777,5505,0.9881,Clear,1.4,101.07,Chemicals,Sea,0,12.7,2024-07-10 16:48:00,12.7,Tanger Med
SC-37716,2024-12-06,Hamburg,Mersin,8474,5320,0.9911,Clear,3.4,103.1,Auto Parts,Sea,0,12.3,2024-12-18 07:12:00,12.3,Trieste
SC-13236,2024-12-14,Busan,Atina,9967,4728,0.549,Clear,4.2,80.82,Chemicals,Sea,0,10.9,2024-12-24 21:36:00,10.9,Piraeus
SC-25848,2024-01-20,Trieste,Felixstowe,7641,2954,0.7691,Clear,5.0,136.41,Machinery,Sea,0,6.8,2024-01-26 19:12:00,6.8,New York
SC-12352,2024-09-11,Mersin,Los Angeles,9212,3595,0.9086,Clear,1.9,147.02,Electronics,Sea,0,8.3,2024-09-19 07:12:00,8.3,Barcelona
SC-11932,2024-11-12,Rotterdam,Dubai,12825,4288,0.6189,Clear,3.8,100.25,Electronics,Sea,0,9.9,2024-11-21 21:36:00,9.9,Jebel Ali
SC-86449,2024-02-07,Hamburg,İzmir,8730,8845,0.8753,Clear,1.1,87.84,Electronics,Sea,0,20.5,2024-02-27 12:00:00,20.5,Mersin
SC-18556,2024-05-27,Marsilya,Busan,3712,9663,0.9393,Fog,4.9,146.75,Machinery,Sea,1,29.1,2024-06-25 02:24:00,29.1,Tanger Med
SC-96836,2024-01-25,Barcelona,Barcelona,3288,8936,0.8312,Clear,1.1,131.84,Auto Parts,Sea,0,20.7,2024-02-14 16:48:00,20.7,Singapore
SC-15498,2024-04-30,Antwerp,Dubai,6886,2743,0.6639,Fog,2.4,142.38,Auto Parts,Sea,0,6.3,2024-05-06 07:12:00,6.3,İzmir
SC-86118,2024-01-26,Los Angeles,Rotterdam,9458,3494,0.9616,Clear,1.3,105.26,Electronics,Sea,0,8.1,2024-02-03 02:24:00,8.1,Jebel Ali
SC-60098,2024-06-17,Antwerp,New York,10960,8606,0.9418,Rain,3.5,113.88,Auto Parts,Sea,0,19.9,2024-07-06 21:36:00,19.9,New York
SC-74386,2024-11-18,Dubai,Trieste,4024,8944,0.8579,Clear,2.4,145.12,Electronics,Sea,0,20.7,2024-12-08 16:48:00,20.7,Tanger Med
SC-19569,2024-08-12,Ambarli,Atina,9921,9208,0.6818,Clear,3.9,112.17,Auto Parts,Sea,0,21.3,2024-09-02 07:12:00,21.3,İzmir
SC-66882,2024-01-01,New York,Barcelona,5445,2207,0.8959,Clear,2.9,127.05,Electronics,Sea,0,5.1,2024-01-06 02:24:00,5.1,Tanger Med
SC-80393,2024-11-02,Trieste,Felixstowe,11873,3083,0.6581,Clear,2.7,129.34,Auto Parts,Sea,0,7.1,2024-11-09 02:24:00,7.1,Trieste
SC-10340,2024-09-17,Tokyo,Trieste,8124,4412,0.6265,Clear,2.4,138.6,Chemicals,Sea,0,10.2,2024-09-27 04:48:00,10.2,Marsaxlokk
SC-53949,2024-01-13,Mersin,Antwerp,8325,5311,0.7575,Fog,1.3,148.26,Electronics,Sea,1,16.0,2024-01-29 00:00:00,16.0,Tanger Med
SC-92302,2024-02-17,Valencia,Trieste,9128,8751,0.9986,Rain,1.8,103.44,Electronics,Sea,0,20.3,2024-03-08 07:12:00,20.3,Trieste
SC-72443,2024-11-08,Rotterdam,Trieste,13235,9957,0.9022,Clear,3.6,97.32,Textiles,Sea,0,23.0,2024-12-01 00:00:00,23.0,Mersin
SC-84027,2024-10-17,Busan,Mersin,8686,10588,0.8649,Fog,3.0,85.44,Electronics,Sea,0,24.5,2024-11-10 12:00:00,24.5,Mersin
SC-10138,2024-11-27,New York,Dubai,8132,2208,0.726,Storm,1.3,139.96,Auto Parts,Sea,1,6.6,2024-12-03 14:24:00,6.6,Trieste
SC-10358,2024-04-03,Rotterdam,İzmir,6747,9548,0.656,Clear,3.2,100.49,Chemicals,Sea,0,22.1,2024-04-25 02:24:00,22.1,Singapore
SC-85250,2024-09-17,Busan,Busan,8052,10624,0.928,Rain,1.2,83.47,Chemicals,Sea,0,24.6,2024-10-11 14:24:00,24.6,İzmir
SC-95376,2024-10-04,Hamburg,Felixstowe,6385,4656,0.7839,Clear,3.0,140.57,Auto Parts,Sea,0,10.8,2024-10-14 19:12:00,10.8,New York
SC-40654,2024-12-24,Valencia,Ningbo,4358,7850,0.9066,Clear,4.9,115.69,Machinery,Sea,0,18.2,2025-01-11 04:48:00,18.2,New York
SC-35879,2024-07-23,Antwerp,Singapore,3278,4436,0.7439,Clear,2.2,138.68,Electronics,Sea,0,10.3,2024-08-02 07:12:00,10.3,Tanger Med
SC-91532,2024-07-03,Ambarli,Tokyo,6251,7393,0.877,Rain,3.9,118.81,Chemicals,Sea,0,17.1,2024-07-20 02:24:00,17.1,Mersin
SC-65778,2024-06-23,Dubai,Dubai,7174,2133,0.9339,Clear,4.0,101.96,Auto Parts,Sea,0,4.9,2024-06-27 21:36:00,4.9,Singapore
SC-47772,2024-11-04,Singapore,Trieste,9163,9233,0.6957,Clear,2.6,89.08,Chemicals,Sea,0,21.4,2024-11-25 09:36:00,21.4,Dubai
SC-68478,2024-03-09,Ambarli,Barcelona,2974,2638,0.5068,Clear,3.4,110.6,Chemicals,Sea,0,6.1,2024-03-15 02:24:00,6.1,Tanger Med
SC-74353,2024-04-13,Rotterdam,Ningbo,5388,3228,0.6275,Clear,2.9,81.86,Auto Parts,Sea,0,7.5,2024-04-20 12:00:00,7.5,Trieste
SC-36762,2024-09-02,Hamburg,Atina,7353,6019,0.9575,Clear,2.1,122.17,Textiles,Sea,0,13.9,2024-09-15 21:36:00,13.9,Dubai
SC-23283,2024-06-09,Barcelona,Felixstowe,8978,11482,0.8438,Clear,4.0,109.94,Chemicals,Sea,0,26.6,2024-07-05 14:24:00,26.6,Jebel Ali
SC-73922,2024-07-18,Mersin,Hamburg,7551,4196,0.8686,Clear,3.8,89.91,Chemicals,Sea,0,9.7,2024-07-27 16:48:00,9.7,Barcelona
SC-49420,2024-08-03,Valencia,Ningbo,7359,11895,0.6626,Clear,4.6,117.12,Machinery,Sea,0,27.5,2024-08-30 12:00:00,27.5,Barcelona
SC-65568,2024-07-30,Dubai,Marsilya,4038,2975,0.8506,Clear,3.5,136.06,Textiles,Sea,0,6.9,2024-08-05 21:36:00,6.9,Ambarli
SC-95090,2024-01-16,Rotterdam,İzmir,5611,8121,0.8231,Rain,2.6,148.24,Machinery,Sea,0,18.8,2024-02-03 19:12:00,18.8,Atina
SC-30219,2024-11-27,Ningbo,Hamburg,5661,3028,0.5892,Storm,3.9,116.92,Auto Parts,Sea,1,9.1,2024-12-06 02:24:00,9.1,New York
SC-67169,2024-07-23,Singapore,Marsilya,7525,2525,0.9843,Clear,3.5,89.07,Electronics,Sea,0,5.8,2024-07-28 19:12:00,5.8,Atina
SC-84965,2024-12-30,Busan,Singapore,2976,4327,0.677,Clear,3.5,136.75,Auto Parts,Sea,0,10.0,2025-01-09 00:00:00,10.0,Ambarli
SC-56840,2024-02-08,Hamburg,Atina,4948,4546,0.6646,Fog,4.4,128.71,Textiles,Sea,0,10.5,2024-02-18 12:00:00,10.5,New York
SC-54695,2024-03-29,Antwerp,Mersin,7830,2835,0.6846,Clear,4.6,146.78,Auto Parts,Sea,0,6.6,2024-04-04 14:24:00,6.6,Jebel Ali
SC-94754,2024-09-12,Ambarli,Felixstowe,5778,4483,0.5459,Rain,1.7,117.46,Textiles,Sea,1,13.5,2024-09-25 12:00:00,13.5,Mersin
SC-87988,2024-09-10,Ambarli,Ningbo,3405,4734,0.8125,Clear,2.3,105.0,Machinery,Sea,1,14.2,2024-09-24 04:48:00,14.2,Mersin
SC-68342,2024-08-03,Marsilya,Felixstowe,3796,11730,0.6193,Clear,3.6,147.4,Chemicals,Sea,1,35.3,2024-09-07 07:12:00,35.3,Piraeus
SC-28951,2024-10-29,Valencia,Ningbo,5930,9304,0.9017,Clear,3.2,117.69,Auto Parts,Sea,0,21.5,2024-11-19 12:00:00,21.5,İzmir
SC-11307,2024-06-20,Tokyo,Ningbo,4317,6049,0.6971,Clear,3.6,81.11,Auto Parts,Sea,0,14.0,2024-07-04 00:00:00,14.0,Singapore
SC-90388,2024-05-16,New York,Dubai,5081,11495,0.7293,Clear,2.7,113.16,Chemicals,Sea,0,26.6,2024-06-11 14:24:00,26.6,İzmir
SC-45428,2024-06-26,Trieste,Singapore,2594,10323,0.8232,Clear,2.6,80.17,Auto Parts,Sea,0,23.9,2024-07-19 21:36:00,23.9,New York
SC-85774,2024-03-17,Ningbo,Felixstowe,3325,2392,0.8809,Rain,1.5,131.64,Auto Parts,Sea,0,5.5,2024-03-22 12:00:00,5.5,Singapore
SC-48975,2024-07-06,Los Angeles,Marsilya,17401,4466,0.6156,Clear,3.5,119.62,Electronics,Sea,0,10.3,2024-07-16 07:12:00,10.3,Marsaxlokk
SC-11140,2024-01-15,Ambarli,Dubai,14218,3225,0.9831,Clear,1.7,87.69,Electronics,Sea,0,7.5,2024-01-22 12:00:00,7.5,Piraeus
SC-34842,2024-10-18,Rotterdam,Mersin,2673,4705,0.8112,Clear,3.7,136.91,Chemicals,Sea,0,10.9,2024-10-28 21:36:00,10.9,İzmir
SC-36421,2024-11-14,Mersin,Valencia,6603,2461,0.5028,Clear,4.9,117.55,Machinery,Sea,0,5.7,2024-11-19 16:48:00,5.7,Ambarli
SC-11708,2024-11-20,Antwerp,Los Angeles,9611,11993,0.7078,Clear,2.0,87.98,Auto Parts,Sea,0,27.8,2024-12-17 19:12:00,27.8,Ambarli
SC-13630,2024-08-01,Dubai,Busan,7044,5985,0.7184,Clear,1.6,91.2,Auto Parts,Sea,0,13.9,2024-08-14 21:36:00,13.9,Marsaxlokk
SC-29595,2024-07-26,Singapore,Shanghai,12176,2151,0.9046,Clear,1.1,137.55,Machinery,Sea,0,5.0,2024-07-31 00:00:00,5.0,Marsaxlokk
SC-86021,2024-06-17,Ambarli,Rotterdam,12062,3785,0.6526,Clear,2.5,104.88,Auto Parts,Sea,0,8.8,2024-06-25 19:12:00,8.8,Tanger Med
SC-38308,2024-11-25,Singapore,Dubai,4173,8242,0.6656,Clear,1.9,137.48,Machinery,Sea,0,19.1,2024-12-14 02:24:00,19.1,Dubai
SC-54789,2024-10-06,Antwerp,Mersin,2991,10145,0.5352,Storm,3.0,84.87,Chemicals,Sea,1,30.5,2024-11-05 12:00:00,30.5,Jebel Ali
SC-65690,2024-10-31,Hamburg,Busan,5086,8356,0.6418,Storm,3.1,97.07,Chemicals,Sea,1,25.1,2024-11-25 02:24:00,25.1,Mersin
SC-36086,2024-05-25,Ambarli,İzmir,8104,9310,0.8585,Rain,2.4,133.52,Machinery,Sea,0,21.6,2024-06-15 14:24:00,21.6,Dubai
SC-26859,2024-09-19,Barcelona,Busan,5508,8845,0.8174,Storm,4.0,124.92,Machinery,Sea,1,26.6,2024-10-15 14:24:00,26.6,Trieste
SC-17684,2024-01-04,Tokyo,Hamburg,5813,5460,0.5407,Clear,4.6,101.48,Textiles,Sea,1,16.4,2024-01-20 09:36:00,16.4,Barcelona
SC-11207,2024-03-30,Shanghai,Trieste,2601,3836,0.5573,Storm,1.8,145.52,Electronics,Sea,0,8.9,2024-04-07 21:36:00,8.9,Marsaxlokk
SC-56099,2024-02-29,İzmir,Ningbo,8171,11589,0.6885,Clear,4.3,94.77,Electronics,Sea,0,26.8,2024-03-26 19:12:00,26.8,Atina
SC-77496,2024-11-06,Valencia,Ambarli,5194,11267,0.8719,Clear,1.5,139.48,Auto Parts,Sea,0,26.1,2024-12-02 02:24:00,26.1,Singapore
SC-76093,2024-01-16,Ningbo,Shanghai,3781,7743,0.9165,Clear,1.9,128.7,Auto Parts,Sea,0,17.9,2024-02-02 21:36:00,17.9,New York
SC-39689,2024-08-14,Marsilya,Tokyo,3471,8278,0.5073,Fog,3.2,88.48,Machinery,Sea,1,24.9,2024-09-07 21:36:00,24.9,Tanger Med
SC-58651,2024-01-29,Ningbo,Valencia,8974,3493,0.6645,Clear,2.2,118.86,Machinery,Sea,0,8.1,2024-02-06 02:24:00,8.1,Barcelona
SC-23893,2024-05-30,Ningbo,Hamburg,5923,11327,0.7121,Clear,1.2,145.09,Electronics,Sea,0,26.2,2024-06-25 04:48:00,26.2,Marsaxlokk
SC-76418,2024-09-01,Ambarli,Ambarli,12783,3548,0.9556,Hurricane,2.2,123.32,Auto Parts,Sea,1,10.7,2024-09-11 16:48:00,10.7,Jebel Ali
SC-70011,2024-09-26,Ningbo,Ningbo,7470,10976,0.7507,Clear,4.6,117.02,Electronics,Sea,0,25.4,2024-10-21 09:36:00,25.4,Dubai
SC-48635,2024-03-19,Felixstowe,Antwerp,3421,7163,0.6349,Clear,1.7,105.64,Chemicals,Sea,0,16.6,2024-04-04 14:24:00,16.6,Atina
SC-66115,2024-10-15,Dubai,New York,4488,11612,0.695,Clear,4.1,135.22,Electronics,Sea,0,26.9,2024-11-10 21:36:00,26.9,New York
SC-88405,2024-06-01,Dubai,Trieste,6320,7704,0.7182,Rain,3.9,143.91,Electronics,Sea,0,17.8,2024-06-18 19:12:00,17.8,Singapore
SC-82702,2024-10-03,Dubai,Valencia,9065,8404,0.835,Storm,1.4,132.73,Machinery,Sea,1,25.3,2024-10-28 07:12:00,25.3,Tanger Med
SC-88518,2024-10-05,Busan,Los Angeles,9632,8688,0.5205,Storm,2.3,130.77,Auto Parts,Sea,1,26.1,2024-10-31 02:24:00,26.1,Piraeus
SC-82805,2024-02-26,Hamburg,Busan,11622,5651,0.6947,Clear,1.8,93.47,Chemicals,Sea,0,13.1,2024-03-10 02:24:00,13.1,Mersin
SC-68954,2024-07-04,Marsilya,Ambarli,9597,4063,0.8233,Clear,1.1,138.38,Electronics,Sea,0,9.4,2024-07-13 09:36:00,9.4,Piraeus
SC-38064,2024-04-02,Atina,Rotterdam,2936,4020,0.6417,Clear,1.7,82.85,Electronics,Sea,0,9.3,2024-04-11 07:12:00,9.3,Ambarli
SC-89063,2024-10-02,Los Angeles,Atina,6247,6757,0.7959,Clear,1.8,133.02,Machinery,Sea,0,15.6,2024-10-17 14:24:00,15.6,Jebel Ali
SC-12454,2024-06-06,Singapore,Valencia,11753,7923,0.6786,Clear,1.7,94.76,Textiles,Sea,0,18.3,2024-06-24 07:12:00,18.3,Jebel Ali
SC-30878,2024-10-01,Busan,Singapore,17665,9353,0.8794,Clear,1.4,114.11,Auto Parts,Sea,0,21.7,2024-10-22 16:48:00,21.7,Dubai
SC-61098,2024-06-29,Mersin,Ningbo,7016,11142,0.5303,Rain,3.1,128.67,Auto Parts,Sea,0,25.8,2024-07-24 19:12:00,25.8,Singapore
SC-72154,2024-12-24,İzmir,Marsilya,19307,10216,0.959,Fog,2.3,133.14,Auto Parts,Sea,0,23.6,2025-01-16 14:24:00,23.6,Mersin
SC-22991,2024-03-17,Dubai,Tokyo,11601,10209,0.5858,Clear,4.6,142.17,Electronics,Sea,0,23.6,2024-04-09 14:24:00,23.6,Atina
SC-78344,2024-05-30,Dubai,Dubai,8027,2569,0.5793,Clear,1.7,99.78,Electronics,Sea,0,5.9,2024-06-04 21:36:00,5.9,Trieste
SC-46593,2024-08-25,Marsilya,Antwerp,9419,7112,0.9203,Clear,3.4,95.7,Electronics,Sea,0,16.5,2024-09-10 12:00:00,16.5,Dubai
SC-46304,2024-10-15,Barcelona,Dubai,11021,3355,0.9346,Clear,4.6,149.74,Textiles,Sea,0,7.8,2024-10-22 19:12:00,7.8,Jebel Ali
SC-40386,2024-08-18,Los Angeles,Dubai,5589,10056,0.5465,Clear,1.2,94.53,Electronics,Sea,0,23.3,2024-09-10 07:12:00,23.3,Mersin
SC-65220,2024-01-18,Mersin,Shanghai,6912,11784,0.9544,Clear,3.1,126.58,Auto Parts,Sea,0,27.3,2024-02-14 07:12:00,27.3,Barcelona
SC-79338,2024-03-13,Busan,Mersin,9200,2830,0.6366,Fog,2.8,146.69,Auto Parts,Sea,0,6.6,2024-03-19 14:24:00,6.6,Tanger Med
SC-31083,2024-07-07,New York,Los Angeles,10863,7131,0.8093,Clear,4.7,142.76,Machinery,Sea,0,16.5,2024-07-23 12:00:00,16.5,Piraeus
SC-28354,2024-01-17,Los Angeles,Busan,7355,7402,0.5343,Clear,3.7,111.03,Textiles,Sea,0,17.1,2024-02-03 02:24:00,17.1,Atina
SC-32190,2024-01-19,Marsilya,Mersin,3257,11063,0.6903,Rain,2.4,124.63,Chemicals,Sea,0,25.6,2024-02-13 14:24:00,25.6,Piraeus
SC-16142,2024-08-06,Antwerp,Tokyo,2573,2834,0.7254,Rain,3.8,117.04,Electronics,Sea,0,6.6,2024-08-12 14:24:00,6.6,İzmir
SC-38398,2024-11-21,İzmir,İzmir,6433,6952,0.7999,Clear,3.3,104.27,Chemicals,Sea,0,16.1,2024-12-07 02:24:00,16.1,Barcelona
SC-61971,2024-04-29,Rotterdam,Shanghai,7801,2969,0.7626,Rain,2.4,90.11,Electronics,Sea,0,6.9,2024-05-05 21:36:00,6.9,Dubai
SC-51862,2024-04-10,Ambarli,Dubai,2619,2592,0.7307,Clear,4.1,136.24,Textiles,Sea,0,6.0,2024-04-16 00:00:00,6.0,Jebel Ali
SC-63410,2024-02-03,Ningbo,Hamburg,11846,2254,0.9798,Rain,3.7,86.33,Textiles,Sea,0,5.2,2024-02-08 04:48:00,5.2,Singapore
SC-29503,2024-03-24,Atina,Ningbo,6505,4661,0.5925,Clear,1.0,122.67,Auto Parts,Sea,0,10.8,2024-04-03 19:12:00,10.8,Mersin
SC-58456,2024-07-14,Trieste,Ningbo,9872,10794,0.579,Clear,4.5,121.61,Textiles,Sea,0,25.0,2024-08-08 00:00:00,25.0,Singapore
SC-92035,2024-11-25,Mersin,Shanghai,6490,11257,0.8567,Rain,2.6,103.44,Chemicals,Sea,0,26.1,2024-12-21 02:24:00,26.1,Piraeus
SC-18016,2024-07-20,Atina,Hamburg,9310,3839,0.5373,Clear,3.6,89.48,Chemicals,Sea,0,8.9,2024-07-28 21:36:00,8.9,Marsaxlokk
SC-12384,2024-12-09,Ningbo,Dubai,7649,7905,0.7414,Clear,2.6,135.97,Textiles,Sea,0,18.3,2024-12-27 07:12:00,18.3,Jebel Ali
SC-72320,2024-12-06,Antwerp,Barcelona,7196,4431,0.742,Rain,4.5,112.33,Chemicals,Sea,0,10.3,2024-12-16 07:12:00,10.3,Dubai
SC-25072,2024-01-11,Marsilya,New York,7970,9756,0.655,Clear,3.6,130.77,Electronics,Sea,0,22.6,2024-02-02 14:24:00,22.6,New York
SC-90018,2024-12-12,Busan,Trieste,8611,7353,0.9652,Clear,3.3,81.15,Machinery,Sea,0,17.0,2024-12-29 00:00:00,17.0,Piraeus
SC-50510,2024-08-05,Shanghai,İzmir,7281,2965,0.6413,Fog,4.9,85.22,Auto Parts,Sea,0,6.9,2024-08-11 21:36:00,6.9,Ambarli
SC-58933,2024-09-09,İzmir,Hamburg,5946,3737,0.6442,Rain,2.1,92.31,Machinery,Sea,0,8.7,2024-09-17 16:48:00,8.7,Ambarli
SC-31826,2024-08-09,Ningbo,Tokyo,9678,2484,0.6171,Rain,1.3,87.97,Chemicals,Sea,0,5.8,2024-08-14 19:12:00,5.8,Dubai
SC-78026,2024-03-20,Atina,Rotterdam,8167,9941,0.5729,Rain,3.1,93.42,Auto Parts,Sea,0,23.0,2024-04-12 00:00:00,23.0,Ambarli
SC-35518,2024-01-07,Trieste,Antwerp,5182,10202,0.682,Fog,2.7,128.05,Machinery,Sea,0,23.6,2024-01-30 14:24:00,23.6,Mersin
SC-34045,2024-09-28,Dubai,Trieste,12684,8251,0.8404,Rain,2.8,83.29,Machinery,Sea,0,19.1,2024-10-17 02:24:00,19.1,Piraeus
SC-60876,2024-08-14,Trieste,Tokyo,16967,4027,0.8711,Clear,3.5,82.65,Chemicals,Sea,0,9.3,2024-08-23 07:12:00,9.3,Ambarli
SC-61919,2024-01-16,Ningbo,Busan,5239,7213,0.9067,Clear,3.5,82.22,Auto Parts,Sea,0,16.7,2024-02-01 16:48:00,16.7,Singapore
SC-37103,2024-01-12,Atina,Antwerp,6302,9990,0.5988,Clear,2.6,128.84,Auto Parts,Sea,0,23.1,2024-02-04 02:24:00,23.1,Trieste
SC-46188,2024-10-17,Hamburg,Busan,14676,8227,0.5178,Clear,4.5,117.53,Machinery,Sea,0,19.0,2024-11-05 00:00:00,19.0,New York
SC-15845,2024-08-28,Shanghai,Trieste,19405,8981,0.9873,Clear,3.6,105.92,Auto Parts,Sea,0,20.8,2024-09-17 19:12:00,20.8,Dubai
SC-96698,2024-01-21,Rotterdam,Ambarli,3775,10796,0.5072,Fog,4.6,127.29,Auto Parts,Sea,0,25.0,2024-02-15 00:00:00,25.0,Piraeus
SC-46674,2024-06-26,Singapore,Tokyo,6826,2968,0.9803,Clear,4.7,118.75,Electronics,Sea,0,6.9,2024-07-02 21:36:00,6.9,Ambarli
SC-29337,2024-08-15,Antwerp,Trieste,5787,2436,0.9144,Rain,1.7,80.51,Chemicals,Sea,0,5.6,2024-08-20 14:24:00,5.6,Trieste
SC-32313,2024-09-29,Shanghai,Atina,14240,3809,0.956,Clear,3.7,138.7,Chemicals,Sea,0,8.8,2024-10-07 19:12:00,8.8,İzmir
SC-36943,2024-10-14,New York,Atina,9484,8546,0.6936,Clear,2.3,104.51,Electronics,Sea,0,19.8,2024-11-02 19:12:00,19.8,New York
SC-87949,2024-10-23,Ningbo,Hamburg,3137,10107,0.5986,Clear,4.3,107.97,Machinery,Sea,0,23.4,2024-11-15 09:36:00,23.4,Trieste
SC-10276,2024-05-13,Antwerp,Shanghai,9570,7505,0.8032,Fog,3.9,134.76,Textiles,Sea,0,17.4,2024-05-30 09:36:00,17.4,Marsaxlokk
SC-61151,2024-10-09,Mersin,İzmir,8826,7257,0.8706,Clear,1.8,93.1,Machinery,Sea,0,16.8,2024-10-25 19:12:00,16.8,New York
SC-27611,2024-06-01,New York,Dubai,5920,6909,0.5654,Clear,4.8,80.71,Electronics,Sea,0,16.0,2024-06-17 00:00:00,16.0,Piraeus
SC-21944,2024-03-06,Antwerp,New York,8990,10484,0.8988,Clear,3.7,143.62,Auto Parts,Sea,0,24.3,2024-03-30 07:12:00,24.3,Jebel Ali
SC-62887,2024-05-16,Tokyo,Dubai,3438,2461,0.6043,Clear,4.8,115.38,Electronics,Sea,0,5.7,2024-05-21 16:48:00,5.7,Dubai
SC-91442,2024-04-01,Singapore,Ambarli,4412,5233,0.7458,Clear,1.8,104.47,Chemicals,Sea,0,12.1,2024-04-13 02:24:00,12.1,Ambarli
SC-59847,2024-11-12,Los Angeles,Atina,5082,7202,0.9282,Clear,4.5,137.33,Auto Parts,Sea,0,16.7,2024-11-28 16:48:00,16.7,İzmir
SC-68653,2024-09-15,Tokyo,Tokyo,14762,4939,0.5967,Fog,3.7,81.84,Machinery,Sea,1,14.9,2024-09-29 21:36:00,14.9,Trieste
SC-96072,2024-04-12,Trieste,İzmir,6038,2088,0.6209,Clear,3.2,94.16,Auto Parts,Sea,0,4.8,2024-04-16 19:12:00,4.8,İzmir
SC-66622,2024-02-24,Antwerp,Shanghai,7926,3663,0.5314,Clear,4.3,90.87,Chemicals,Sea,0,8.5,2024-03-03 12:00:00,8.5,İzmir
SC-37810,2024-09-13,Mersin,New York,14581,5301,0.5733,Fog,3.5,131.65,Electronics,Sea,0,12.3,2024-09-25 07:12:00,12.3,Piraeus
SC-87842,2024-04-10,Dubai,Felixstowe,9978,7137,0.5733,Rain,3.7,101.85,Machinery,Sea,0,16.5,2024-04-26 12:00:00,16.5,Barcelona
SC-20503,2024-07-16,Antwerp,Marsilya,18926,8029,0.6017,Rain,2.0,134.1,Textiles,Sea,0,18.6,2024-08-03 14:24:00,18.6,Singapore
SC-94761,2024-10-27,New York,Ningbo,9953,2421,0.6431,Clear,4.3,82.9,Textiles,Sea,0,5.6,2024-11-01 14:24:00,5.6,Dubai
SC-46976,2024-08-13,Mersin,İzmir,2671,5749,0.9075,Rain,3.6,122.57,Electronics,Sea,0,13.3,2024-08-26 07:12:00,13.3,Barcelona
SC-21590,2024-08-24,Busan,Ambarli,6100,6971,0.9579,Clear,4.4,102.28,Machinery,Sea,0,16.1,2024-09-09 02:24:00,16.1,Barcelona
SC-20886,2024-01-26,Tokyo,Barcelona,3642,8845,0.7031,Clear,2.4,93.08,Machinery,Sea,0,20.5,2024-02-15 12:00:00,20.5,Marsaxlokk
SC-22866,2024-04-30,Rotterdam,Barcelona,6728,6433,0.5641,Clear,2.3,137.17,Auto Parts,Sea,0,14.9,2024-05-14 21:36:00,14.9,Atina
SC-76624,2024-06-30,Los Angeles,İzmir,10479,2265,0.6119,Clear,1.1,108.86,Electronics,Sea,0,5.2,2024-07-05 04:48:00,5.2,Trieste
SC-78899,2024-07-17,Ambarli,Los Angeles,6702,4850,0.8681,Clear,4.1,120.01,Auto Parts,Sea,0,11.2,2024-07-28 04:48:00,11.2,Atina
SC-42792,2024-10-28,Singapore,Ningbo,9979,3378,0.8387,Rain,2.3,82.32,Electronics,Sea,0,7.8,2024-11-04 19:12:00,7.8,Dubai
SC-19764,2024-09-11,Antwerp,Ambarli,3867,8503,0.9836,Rain,2.3,135.41,Chemicals,Sea,0,19.7,2024-09-30 16:48:00,19.7,Piraeus
SC-96156,2024-05-01,Tokyo,Rotterdam,10664,9157,0.5072,Fog,3.8,100.08,Electronics,Sea,0,21.2,2024-05-22 04:48:00,21.2,Jebel Ali
SC-52727,2024-01-31,Antwerp,Singapore,13666,6416,0.8754,Clear,2.0,128.54,Auto Parts,Sea,0,14.9,2024-02-14 21:36:00,14.9,Singapore
SC-88471,2024-11-10,Felixstowe,Dubai,4016,2849,0.7529,Rain,4.6,133.23,Machinery,Sea,0,6.6,2024-11-16 14:24:00,6.6,Barcelona
SC-18068,2024-10-11,Tokyo,New York,5992,6814,0.9513,Clear,3.2,88.2,Electronics,Sea,0,15.8,2024-10-26 19:12:00,15.8,Barcelona
SC-17295,2024-04-15,Marsilya,Trieste,4405,11183,0.7881,Clear,4.9,100.71,Machinery,Sea,0,25.9,2024-05-10 21:36:00,25.9,Ambarli
SC-51160,2024-08-11,Valencia,New York,9290,5764,0.7233,Rain,1.3,130.64,Chemicals,Sea,0,13.3,2024-08-24 07:12:00,13.3,Mersin
SC-21390,2024-09-29,Felixstowe,Atina,8618,9379,0.8329,Rain,2.3,96.25,Textiles,Sea,0,21.7,2024-10-20 16:48:00,21.7,New York
SC-30131,2024-08-19,Barcelona,Hamburg,15629,5274,0.9168,Clear,2.5,139.37,Textiles,Sea,0,12.2,2024-08-31 04:48:00,12.2,New York
SC-85969,2024-09-12,Atina,Singapore,5065,2716,0.6412,Clear,3.9,101.84,Auto Parts,Sea,0,6.3,2024-09-18 07:12:00,6.3,Ambarli
SC-25038,2024-01-24,Barcelona,Ningbo,6444,7080,0.5538,Clear,1.9,108.16,Electronics,Sea,0,16.4,2024-02-09 09:36:00,16.4,Tanger Med
SC-62327,2024-04-18,Mersin,Busan,7928,2895,0.7165,Rain,2.5,86.98,Chemicals,Sea,1,8.7,2024-04-26 16:48:00,8.7,Tanger Med
SC-87064,2024-07-09,Ambarli,Dubai,9893,11368,0.6073,Rain,4.6,90.34,Chemicals,Sea,0,26.3,2024-08-04 07:12:00,26.3,Dubai
SC-31281,2024-12-12,Valencia,Dubai,3597,11968,0.7148,Clear,1.5,99.28,Machinery,Sea,0,27.7,2025-01-08 16:48:00,27.7,Barcelona
SC-64189,2024-01-25,Shanghai,Dubai,14260,11651,0.9955,Clear,4.0,83.42,Auto Parts,Sea,0,27.0,2024-02-21 00:00:00,27.0,Trieste
SC-58511,2024-07-05,Valencia,Ambarli,3232,4543,0.7871,Clear,3.8,93.51,Chemicals,Sea,0,10.5,2024-07-15 12:00:00,10.5,Ambarli
SC-18605,2024-10-14,Dubai,Tokyo,9725,9771,0.8468,Clear,1.5,108.63,Electronics,Sea,0,22.6,2024-11-05 14:24:00,22.6,Barcelona
SC-11381,2024-04-25,Felixstowe,Barcelona,4238,6637,0.839,Clear,3.8,106.6,Chemicals,Sea,0,15.4,2024-05-10 09:36:00,15.4,Jebel Ali
SC-76634,2024-12-03,Los Angeles,Los Angeles,11396,10066,0.9104,Clear,3.3,93.91,Textiles,Sea,0,23.3,2024-12-26 07:12:00,23.3,Singapore
SC-29810,2024-02-06,Shanghai,Dubai,8391,5553,0.9721,Rain,2.2,85.63,Auto Parts,Sea,0,12.9,2024-02-18 21:36:00,12.9,Singapore
SC-34322,2024-10-08,Rotterdam,Tokyo,9015,3349,0.8294,Clear,2.2,102.27,Machinery,Sea,0,7.8,2024-10-15 19:12:00,7.8,Ambarli
SC-51869,2024-05-16,Tokyo,Mersin,3902,4986,0.738,Clear,4.3,132.17,Electronics,Sea,0,11.5,2024-05-27 12:00:00,11.5,Singapore
SC-42955,2024-08-14,Marsilya,Atina,6708,9196,0.6589,Rain,1.9,115.71,Textiles,Sea,1,27.7,2024-09-10 16:48:00,27.7,Tanger Med
SC-71388,2024-11-15,Antwerp,Los Angeles,11606,4122,0.6801,Clear,3.1,146.28,Chemicals,Sea,0,9.5,2024-11-24 12:00:00,9.5,Singapore
SC-20207,2024-11-23,New York,Marsilya,7710,10689,0.6672,Rain,3.7,89.79,Auto Parts,Sea,1,32.2,2024-12-25 04:48:00,32.2,Barcelona
SC-97329,2024-06-30,Trieste,Felixstowe,18900,10046,0.6622,Clear,1.5,94.51,Auto Parts,Sea,0,23.3,2024-07-23 07:12:00,23.3,Barcelona
SC-77628,2024-12-27,Shanghai,Mersin,3336,10913,0.8473,Clear,4.7,99.62,Electronics,Sea,0,25.3,2025-01-21 07:12:00,25.3,Atina
SC-38220,2024-03-26,Valencia,Mersin,7483,3363,0.7939,Clear,2.0,80.91,Machinery,Sea,0,7.8,2024-04-02 19:12:00,7.8,Piraeus
SC-94050,2024-02-22,Ningbo,Barcelona,9637,2307,0.601,Clear,2.3,146.04,Textiles,Sea,0,5.3,2024-02-27 07:12:00,5.3,Barcelona
SC-84085,2024-12-13,Valencia,Barcelona,6537,4751,0.9848,Rain,3.7,111.18,Machinery,Sea,0,11.0,2024-12-24 00:00:00,11.0,Mersin
SC-32031,2024-12-20,Barcelona,Hamburg,8158,11075,0.7139,Clear,1.3,113.72,Electronics,Sea,0,25.6,2025-01-14 14:24:00,25.6,Piraeus
SC-80721,2024-08-22,Felixstowe,Dubai,3276,9782,0.783,Hurricane,3.5,91.05,Electronics,Sea,1,29.4,2024-09-20 09:36:00,29.4,Singapore
SC-90807,2024-09-23,New York,Rotterdam,8979,3264,0.8513,Rain,4.7,141.09,Textiles,Sea,0,7.6,2024-09-30 14:24:00,7.6,Trieste
SC-81312,2024-10-13,Atina,Barcelona,13187,7339,0.8068,Clear,2.0,128.48,Auto Parts,Sea,0,17.0,2024-10-30 00:00:00,17.0,Ambarli
SC-69766,2024-04-09,Tokyo,Atina,8651,9503,0.6555,Storm,2.4,110.2,Auto Parts,Sea,1,28.6,2024-05-07 14:24:00,28.6,New York
SC-22449,2024-03-27,Marsilya,New York,12694,7848,0.8989,Clear,1.9,141.46,Textiles,Sea,0,18.2,2024-04-14 04:48:00,18.2,Tanger Med
SC-99833,2024-01-15,Ambarli,Dubai,7356,11244,0.5551,Clear,4.3,143.38,Machinery,Sea,0,26.0,2024-02-10 00:00:00,26.0,Barcelona
SC-66699,2024-04-10,Shanghai,Hamburg,4260,2493,0.7845,Rain,1.7,83.46,Textiles,Sea,0,5.8,2024-04-15 19:12:00,5.8,Barcelona
SC-91253,2024-06-13,Marsilya,Rotterdam,8839,4021,0.6367,Clear,2.4,88.35,Auto Parts,Sea,0,9.3,2024-06-22 07:12:00,9.3,Trieste
SC-56092,2024-01-29,İzmir,Felixstowe,6756,3747,0.8079,Storm,3.4,81.93,Machinery,Sea,1,11.3,2024-02-09 07:12:00,11.3,Jebel Ali
SC-73671,2024-04-23,Ningbo,Tokyo,3690,7087,0.609,Storm,2.6,120.72,Chemicals,Sea,1,21.3,2024-05-14 07:12:00,21.3,Mersin
SC-20350,2024-04-16,Barcelona,Hamburg,5432,5302,0.8861,Fog,1.3,95.26,Machinery,Sea,0,12.3,2024-04-28 07:12:00,12.3,Singapore
SC-78487,2024-12-29,Mersin,Marsilya,3475,9127,0.6138,Fog,4.8,139.14,Auto Parts,Sea,1,27.5,2025-01-25 12:00:00,27.5,Piraeus
SC-27622,2024-05-09,Los Angeles,Shanghai,8464,7022,0.9452,Clear,2.4,112.61,Electronics,Sea,0,16.3,2024-05-25 07:12:00,16.3,Mersin
SC-80263,2024-03-24,Ningbo,Valencia,10948,8155,0.9308,Clear,2.8,138.64,Machinery,Sea,0,18.9,2024-04-11 21:36:00,18.9,Piraeus
SC-63117,2024-09-27,Marsilya,Shanghai,2837,11123,0.6812,Clear,1.7,118.89,Machinery,Sea,0,25.7,2024-10-22 16:48:00,25.7,Piraeus
SC-68394,2024-08-31,Ambarli,Singapore,9447,8409,0.6929,Rain,4.5,135.73,Electronics,Sea,0,19.5,2024-09-19 12:00:00,19.5,Ambarli
SC-33782,2024-08-01,Los Angeles,Rotterdam,3503,7254,0.8508,Clear,2.2,106.03,Auto Parts,Sea,0,16.8,2024-08-17 19:12:00,16.8,Mersin
SC-38454,2024-11-01,New York,İzmir,6904,10948,0.5452,Rain,1.1,146.18,Chemicals,Sea,0,25.3,2024-11-26 07:12:00,25.3,Singapore
SC-77904,2024-06-14,Felixstowe,Hamburg,9612,11246,0.5405,Storm,2.3,126.7,Chemicals,Sea,1,33.8,2024-07-17 19:12:00,33.8,Marsaxlokk
SC-25592,2024-10-05,Felixstowe,Rotterdam,4980,6354,0.5682,Clear,4.9,121.68,Textiles,Sea,0,14.7,2024-10-19 16:48:00,14.7,İzmir
SC-32173,2024-02-28,Hamburg,Shanghai,16729,5453,0.7812,Clear,1.6,104.66,Chemicals,Sea,0,12.6,2024-03-11 14:24:00,12.6,Mersin
SC-43204,2024-03-30,Marsilya,Tokyo,10825,4516,0.5745,Clear,1.1,145.6,Chemicals,Sea,1,13.6,2024-04-12 14:24:00,13.6,Mersin
SC-45596,2024-11-26,New York,Trieste,9133,8069,0.6388,Rain,3.3,103.64,Machinery,Sea,1,24.3,2024-12-20 07:12:00,24.3,Trieste
SC-44324,2024-07-12,Dubai,Trieste,2647,9374,0.8235,Rain,2.5,138.51,Textiles,Sea,0,21.7,2024-08-02 16:48:00,21.7,Mersin
SC-71202,2024-05-02,Busan,Dubai,4655,10838,0.5078,Clear,4.2,108.3,Chemicals,Sea,0,25.1,2024-05-27 02:24:00,25.1,Jebel Ali
SC-99400,2024-05-15,Trieste,Hamburg,4815,7208,0.5901,Rain,3.9,133.7,Machinery,Sea,1,21.7,2024-06-05 16:48:00,21.7,İzmir
SC-40750,2024-05-18,Hamburg,Ningbo,4420,2194,0.965,Clear,1.7,143.83,Textiles,Sea,0,5.1,2024-05-23 02:24:00,5.1,Atina
SC-86112,2024-08-16,Rotterdam,Trieste,8318,11337,0.8318,Clear,3.3,112.59,Machinery,Sea,0,26.2,2024-09-11 04:48:00,26.2,Mersin
SC-26566,2024-09-30,Rotterdam,Los Angeles,3436,6291,0.6528,Clear,1.1,116.83,Electronics,Sea,0,14.6,2024-10-14 14:24:00,14.6,Mersin
SC-17190,2024-02-19,Shanghai,Antwerp,9404,8210,0.5227,Clear,2.8,103.12,Auto Parts,Sea,0,19.0,2024-03-09 00:00:00,19.0,New York
SC-98607,2024-04-27,Ningbo,Hamburg,7775,7130,0.793,Clear,3.9,83.83,Auto Parts,Sea,0,16.5,2024-05-13 12:00:00,16.5,Jebel Ali
SC-48333,2024-07-20,Hamburg,Valencia,5349,2321,0.6114,Rain,2.7,125.67,Auto Parts,Sea,0,5.4,2024-07-25 09:36:00,5.4,New York
SC-90905,2024-07-09,Atina,Marsilya,17432,8705,0.9801,Storm,1.5,88.37,Chemicals,Sea,1,26.2,2024-08-04 04:48:00,26.2,New York
SC-99571,2024-12-29,Los Angeles,Los Angeles,3533,3702,0.8435,Clear,1.2,104.78,Auto Parts,Sea,0,8.6,2025-01-06 14:24:00,8.6,Mersin
SC-11589,2024-11-18,Ningbo,Singapore,7832,2830,0.9871,Fog,4.4,104.46,Auto Parts,Sea,0,6.6,2024-11-24 14:24:00,6.6,Atina
SC-35235,2024-06-29,Rotterdam,Hamburg,11720,10380,0.9244,Clear,4.6,90.57,Textiles,Sea,0,24.0,2024-07-23 00:00:00,24.0,Tanger Med
SC-10159,2024-03-18,New York,Atina,4188,7606,0.7415,Storm,2.4,126.67,Textiles,Sea,1,22.9,2024-04-09 21:36:00,22.9,Jebel Ali
SC-22145,2024-03-15,Rotterdam,Felixstowe,19223,2091,0.8348,Clear,1.7,92.22,Textiles,Sea,0,4.8,2024-03-19 19:12:00,4.8,İzmir
SC-90909,2024-10-21,Busan,Hamburg,5431,5877,0.9061,Clear,4.9,134.48,Chemicals,Sea,0,13.6,2024-11-03 14:24:00,13.6,Trieste
SC-41921,2024-10-07,Los Angeles,Shanghai,2945,4336,0.7891,Clear,3.2,97.45,Auto Parts,Sea,0,10.0,2024-10-17 00:00:00,10.0,New York
SC-26237,2024-01-21,Trieste,Mersin,3207,9676,0.5307,Rain,2.9,100.11,Chemicals,Sea,0,22.4,2024-02-12 09:36:00,22.4,Jebel Ali
SC-18244,2024-06-19,Trieste,Los Angeles,3414,3580,0.7352,Clear,4.0,104.06,Chemicals,Sea,1,10.8,2024-06-29 19:12:00,10.8,Singapore
SC-24743,2024-01-15,Busan,Singapore,9701,11600,0.5653,Clear,1.7,90.69,Chemicals,Sea,0,26.9,2024-02-10 21:36:00,26.9,Dubai
SC-56101,2024-07-29,Dubai,Felixstowe,7335,10366,0.8574,Clear,3.3,110.4,Chemicals,Sea,0,24.0,2024-08-22 00:00:00,24.0,Trieste
SC-94227,2024-02-17,Mersin,Antwerp,3898,7792,0.8403,Clear,4.6,85.62,Chemicals,Sea,0,18.0,2024-03-06 00:00:00,18.0,Piraeus
SC-66378,2024-03-26,Barcelona,Marsilya,5461,9746,0.9965,Clear,1.1,109.9,Chemicals,Sea,0,22.6,2024-04-17 14:24:00,22.6,Atina
SC-81126,2024-05-28,Hamburg,Marsilya,9295,2473,0.8144,Clear,3.7,103.79,Auto Parts,Sea,0,5.7,2024-06-02 16:48:00,5.7,Dubai
SC-66071,2024-07-06,Dubai,Marsilya,9025,2269,0.9001,Clear,3.2,103.68,Textiles,Sea,0,5.3,2024-07-11 07:12:00,5.3,Tanger Med
SC-81121,2024-11-01,Trieste,Dubai,2702,8550,0.6341,Clear,4.8,126.25,Machinery,Sea,0,19.8,2024-11-20 19:12:00,19.8,Tanger Med
SC-84763,2024-05-30,Dubai,Trieste,12070,2693,0.67,Clear,2.0,133.83,Machinery,Sea,0,6.2,2024-06-05 04:48:00,6.2,İzmir
SC-22237,2024-05-20,Shanghai,Atina,4650,3415,0.9585,Clear,4.4,104.92,Machinery,Sea,0,7.9,2024-05-27 21:36:00,7.9,New York
SC-25649,2024-03-09,Dubai,Valencia,3450,4083,0.8776,Clear,2.2,98.34,Electronics,Sea,0,9.5,2024-03-18 12:00:00,9.5,İzmir
SC-47713,2024-09-16,İzmir,Barcelona,2611,3235,0.8276,Clear,2.7,114.6,Textiles,Sea,0,7.5,2024-09-23 12:00:00,7.5,Barcelona
SC-83463,2024-11-29,Busan,Dubai,5421,5967,0.627,Clear,1.9,135.14,Auto Parts,Sea,0,13.8,2024-12-12 19:12:00,13.8,New York
SC-55409,2024-01-09,Dubai,Antwerp,5705,10325,0.8493,Clear,4.5,125.12,Chemicals,Sea,0,23.9,2024-02-01 21:36:00,23.9,Dubai
SC-58766,2024-04-30,Hamburg,Mersin,6211,6785,0.9434,Clear,1.8,82.66,Machinery,Sea,0,15.7,2024-05-15 16:48:00,15.7,İzmir
SC-56154,2024-04-10,Rotterdam,Mersin,3953,8125,0.6154,Clear,4.4,113.6,Textiles,Sea,0,18.8,2024-04-28 19:12:00,18.8,Barcelona
SC-17016,2024-05-28,Valencia,Atina,10748,8634,0.8531,Clear,2.8,149.37,Auto Parts,Sea,0,20.0,2024-06-17 00:00:00,20.0,Barcelona
SC-89563,2024-05-25,Busan,New York,4804,7968,0.6968,Clear,4.3,104.72,Machinery,Sea,0,18.4,2024-06-12 09:36:00,18.4,Mersin
SC-58688,2024-12-18,Barcelona,Antwerp,17082,2840,0.5594,Clear,2.1,110.85,Textiles,Sea,0,6.6,2024-12-24 14:24:00,6.6,Marsaxlokk
SC-99678,2024-08-30,Valencia,Los Angeles,4848,7083,0.8817,Clear,1.5,100.12,Auto Parts,Sea,0,16.4,2024-09-15 09:36:00,16.4,Piraeus
SC-64238,2024-08-28,Trieste,Busan,3716,3461,0.5836,Clear,3.2,114.84,Textiles,Sea,0,8.0,2024-09-05 00:00:00,8.0,Singapore
SC-68608,2024-12-02,Atina,Dubai,11334,6934,0.6264,Clear,3.0,91.26,Chemicals,Sea,0,16.1,2024-12-18 02:24:00,16.1,New York
SC-99081,2024-02-12,Los Angeles,Antwerp,9556,5472,0.8915,Clear,2.4,97.29,Textiles,Sea,0,12.7,2024-02-24 16:48:00,12.7,İzmir
SC-41897,2024-04-04,Valencia,Singapore,11823,9163,0.8711,Clear,3.7,129.82,Textiles,Sea,0,21.2,2024-04-25 04:48:00,21.2,Barcelona
SC-60961,2024-08-13,Valencia,Antwerp,11237,8575,0.6271,Fog,1.4,89.68,Electronics,Sea,0,19.8,2024-09-01 19:12:00,19.8,Ambarli
SC-78703,2024-01-06,Ambarli,Atina,8701,6843,0.9705,Clear,3.5,144.83,Chemicals,Sea,0,15.8,2024-01-21 19:12:00,15.8,Piraeus
SC-54757,2024-08-01,New York,Ningbo,3405,9739,0.6076,Clear,1.8,101.56,Textiles,Sea,0,22.5,2024-08-23 12:00:00,22.5,Mersin
SC-36917,2024-07-24,Mersin,Trieste,3532,4509,0.9968,Clear,1.5,120.25,Chemicals,Sea,0,10.4,2024-08-03 09:36:00,10.4,Tanger Med
SC-32736,2024-03-07,Mersin,Shanghai,19102,11157,0.8689,Clear,4.6,102.53,Textiles,Sea,0,25.8,2024-04-01 19:12:00,25.8,New York
SC-37990,2024-04-09,Valencia,Los Angeles,9226,8022,0.6963,Clear,2.8,113.46,Chemicals,Sea,0,18.6,2024-04-27 14:24:00,18.6,Marsaxlokk
SC-72551,2024-01-12,Atina,Trieste,14077,4038,0.5652,Clear,4.1,143.27,Auto Parts,Sea,0,9.3,2024-01-21 07:12:00,9.3,Mersin
SC-68161,2024-08-24,Valencia,Ningbo,12325,3850,0.6603,Rain,1.4,84.8,Machinery,Sea,0,8.9,2024-09-01 21:36:00,8.9,Trieste
SC-89623,2024-11-17,Trieste,Mersin,5932,9432,0.5969,Rain,1.2,139.94,Electronics,Sea,0,21.8,2024-12-08 19:12:00,21.8,Ambarli
SC-32440,2024-09-14,Ningbo,Busan,8148,10926,0.8109,Clear,3.0,119.03,Machinery,Sea,0,25.3,2024-10-09 07:12:00,25.3,Atina
SC-45205,2024-12-02,Ningbo,Singapore,8191,4453,0.6784,Clear,2.3,126.55,Textiles,Sea,0,10.3,2024-12-12 07:12:00,10.3,Atina
SC-90811,2024-05-14,Trieste,Valencia,5985,5016,0.6475,Clear,1.0,83.91,Textiles,Sea,0,11.6,2024-05-25 14:24:00,11.6,Mersin
SC-65103,2024-08-09,Antwerp,Busan,11035,8625,0.8786,Clear,1.7,133.3,Auto Parts,Sea,1,26.0,2024-09-04 00:00:00,26.0,Piraeus
SC-80812,2024-06-04,Ningbo,Hamburg,2637,9404,0.6153,Clear,1.9,88.94,Textiles,Sea,0,21.8,2024-06-25 19:12:00,21.8,İzmir
SC-51627,2024-05-21,Felixstowe,Rotterdam,6803,6003,0.7934,Clear,2.2,147.54,Chemicals,Sea,0,13.9,2024-06-03 21:36:00,13.9,New York
SC-29008,2024-06-06,New York,Barcelona,9355,4313,0.5973,Clear,4.5,135.95,Machinery,Sea,0,10.0,2024-06-16 00:00:00,10.0,Piraeus
SC-81274,2024-11-21,Barcelona,Rotterdam,7864,6623,0.8574,Clear,2.7,114.5,Textiles,Sea,0,15.3,2024-12-06 07:12:00,15.3,Tanger Med
SC-42402,2024-12-09,Ambarli,Ambarli,8377,5163,0.8126,Clear,3.7,144.69,Auto Parts,Sea,0,12.0,2024-12-21 00:00:00,12.0,Atina
SC-63384,2024-09-18,Marsilya,Los Angeles,9691,9186,0.8991,Clear,1.1,91.84,Electronics,Sea,0,21.3,2024-10-09 07:12:00,21.3,Marsaxlokk
SC-15793,2024-10-09,Hamburg,Rotterdam,7214,9015,0.5342,Rain,4.3,149.42,Machinery,Sea,0,20.9,2024-10-29 21:36:00,20.9,Barcelona
SC-15571,2024-12-03,Singapore,Antwerp,4662,9782,0.6051,Storm,2.0,130.18,Auto Parts,Sea,1,29.4,2025-01-01 09:36:00,29.4,Tanger Med
SC-26209,2024-12-09,Atina,Antwerp,7560,7214,0.5772,Fog,2.2,86.89,Auto Parts,Sea,1,21.7,2024-12-30 16:48:00,21.7,Atina
SC-53148,2024-08-16,Valencia,Marsilya,4926,10621,0.5953,Clear,1.2,117.56,Machinery,Sea,0,24.6,2024-09-09 14:24:00,24.6,Singapore
SC-12224,2024-10-06,Atina,Trieste,3643,8938,0.5515,Clear,2.6,129.76,Auto Parts,Sea,0,20.7,2024-10-26 16:48:00,20.7,Jebel Ali
SC-58695,2024-12-23,İzmir,İzmir,11373,4988,0.781,Clear,4.4,122.91,Electronics,Sea,0,11.5,2025-01-03 12:00:00,11.5,New York
SC-42441,2024-10-16,Valencia,Los Angeles,4941,7156,0.7967,Clear,2.5,109.68,Electronics,Sea,0,16.6,2024-11-01 14:24:00,16.6,Piraeus
SC-49129,2024-06-16,Hamburg,Valencia,6186,7512,0.9217,Clear,4.6,97.37,Textiles,Sea,0,17.4,2024-07-03 09:36:00,17.4,Jebel Ali
SC-72368,2024-02-16,Busan,Valencia,7674,11788,0.7089,Clear,4.5,96.68,Chemicals,Sea,0,27.3,2024-03-14 07:12:00,27.3,Atina
SC-54760,2024-07-21,Barcelona,Rotterdam,5930,4350,0.7662,Clear,1.2,144.89,Textiles,Sea,0,10.1,2024-07-31 02:24:00,10.1,New York
SC-33478,2024-08-01,Dubai,Rotterdam,9754,11971,0.9957,Clear,2.2,96.43,Chemicals,Sea,0,27.7,2024-08-28 16:48:00,27.7,Mersin
SC-81854,2024-09-02,New York,Tokyo,7445,5988,0.7659,Clear,4.6,147.37,Machinery,Sea,0,13.9,2024-09-15 21:36:00,13.9,New York
SC-95716,2024-01-24,Ambarli,Shanghai,12916,4870,0.7868,Clear,1.1,94.72,Auto Parts,Sea,0,11.3,2024-02-04 07:12:00,11.3,Jebel Ali
SC-22180,2024-11-16,İzmir,Valencia,6088,8487,0.998,Clear,4.1,106.9,Textiles,Sea,0,19.6,2024-12-05 14:24:00,19.6,Ambarli
SC-25372,2024-09-30,Felixstowe,Ambarli,11353,4910,0.9971,Rain,4.6,80.86,Auto Parts,Sea,0,11.4,2024-10-11 09:36:00,11.4,Ambarli
SC-39796,2024-02-13,Mersin,Shanghai,17162,6613,0.712,Clear,4.1,143.22,Textiles,Sea,0,15.3,2024-02-28 07:12:00,15.3,Piraeus
SC-68272,2024-11-27,Valencia,Shanghai,7450,4864,0.8175,Clear,4.0,87.3,Textiles,Sea,0,11.3,2024-12-08 07:12:00,11.3,New York
SC-99963,2024-11-08,Trieste,İzmir,6897,3017,0.7404,Clear,4.4,105.01,Electronics,Sea,0,7.0,2024-11-15 00:00:00,7.0,İzmir
SC-64040,2024-12-28,Marsilya,Barcelona,5070,6690,0.8604,Rain,3.7,138.98,Chemicals,Sea,1,20.1,2025-01-17 02:24:00,20.1,Jebel Ali
SC-85357,2024-06-04,İzmir,Trieste,9255,11524,0.9692,Clear,2.7,135.43,Machinery,Sea,1,34.7,2024-07-08 16:48:00,34.7,Atina
SC-81368,2024-07-17,Busan,Rotterdam,4776,10373,0.6548,Clear,1.3,138.91,Auto Parts,Sea,0,24.0,2024-08-10 00:00:00,24.0,Tanger Med
SC-88356,2024-06-10,Shanghai,Atina,6191,8759,0.9094,Clear,4.2,143.99,Textiles,Sea,0,20.3,2024-06-30 07:12:00,20.3,Jebel Ali
SC-26211,2024-08-21,Singapore,Rotterdam,4402,4451,0.8274,Fog,4.6,143.77,Auto Parts,Sea,1,13.4,2024-09-03 09:36:00,13.4,Trieste
SC-15842,2024-06-11,Valencia,Barcelona,4201,3952,0.6401,Clear,3.0,133.93,Electronics,Sea,0,9.1,2024-06-20 02:24:00,9.1,Piraeus
SC-73115,2024-04-25,Dubai,Hamburg,9641,6700,0.8986,Clear,3.1,120.77,Machinery,Sea,0,15.5,2024-05-10 12:00:00,15.5,Marsaxlokk
SC-76852,2024-04-02,Felixstowe,Antwerp,7323,10454,0.7136,Clear,2.6,119.31,Chemicals,Sea,0,24.2,2024-04-26 04:48:00,24.2,Piraeus
SC-55968,2024-02-11,Shanghai,Rotterdam,8515,8213,0.5602,Fog,4.4,80.9,Chemicals,Sea,0,19.0,2024-03-01 00:00:00,19.0,Trieste
SC-27508,2024-10-10,Ningbo,Tokyo,8238,2660,0.9967,Clear,1.1,130.58,Textiles,Sea,1,8.0,2024-10-18 00:00:00,8.0,Tanger Med
SC-32005,2024-07-28,Valencia,Singapore,12164,3315,0.7128,Clear,3.5,95.87,Machinery,Sea,0,7.7,2024-08-04 16:48:00,7.7,Tanger Med
SC-64575,2024-07-24,Antwerp,Atina,9077,9381,0.7708,Clear,4.6,138.01,Chemicals,Sea,0,21.7,2024-08-14 16:48:00,21.7,Trieste
SC-90742,2024-08-07,Ambarli,Ambarli,11661,4919,0.904,Clear,1.4,118.77,Machinery,Sea,0,11.4,2024-08-18 09:36:00,11.4,New York
SC-28971,2024-10-06,Shanghai,İzmir,4800,4072,0.9804,Clear,4.8,149.11,Auto Parts,Sea,0,9.4,2024-10-15 09:36:00,9.4,Tanger Med
SC-35599,2024-05-15,Shanghai,Barcelona,11000,7442,0.9364,Clear,4.9,94.72,Electronics,Sea,0,17.2,2024-06-01 04:48:00,17.2,Tanger Med
SC-97592,2024-04-15,Los Angeles,Tokyo,10994,4019,0.7625,Rain,4.7,130.64,Machinery,Sea,0,9.3,2024-04-24 07:12:00,9.3,İzmir
SC-76914,2024-04-27,Mersin,Busan,4529,8625,0.7728,Clear,2.9,118.33,Machinery,Sea,0,20.0,2024-05-17 00:00:00,20.0,Piraeus
SC-77055,2024-08-24,Felixstowe,Busan,8155,2815,0.6404,Clear,2.5,145.23,Chemicals,Sea,0,6.5,2024-08-30 12:00:00,6.5,New York
SC-97697,2024-11-04,Trieste,Los Angeles,3956,6777,0.7314,Clear,3.8,98.62,Textiles,Sea,0,15.7,2024-11-19 16:48:00,15.7,Mersin
SC-15355,2024-04-09,Valencia,Dubai,2623,6734,0.9734,Clear,2.3,84.16,Textiles,Sea,0,15.6,2024-04-24 14:24:00,15.6,Mersin
SC-64120,2024-09-17,Los Angeles,Hamburg,3795,5629,0.8635,Clear,1.3,118.07,Auto Parts,Sea,0,13.0,2024-09-30 00:00:00,13.0,Piraeus
SC-84619,2024-10-31,Valencia,Singapore,14267,4753,0.5059,Clear,4.6,116.51,Chemicals,Sea,0,11.0,2024-11-11 00:00:00,11.0,Singapore
SC-48342,2024-12-19,Trieste,Felixstowe,5348,8505,0.5583,Clear,3.5,101.82,Chemicals,Sea,0,19.7,2025-01-07 16:48:00,19.7,Atina
SC-95992,2024-10-12,New York,Felixstowe,5137,6685,0.9619,Clear,1.8,149.06,Electronics,Sea,0,15.5,2024-10-27 12:00:00,15.5,Mersin
SC-88860,2024-11-23,İzmir,Dubai,6608,2201,0.9244,Fog,1.1,84.88,Textiles,Sea,0,5.1,2024-11-28 02:24:00,5.1,İzmir
SC-12257,2024-04-12,Ambarli,Antwerp,2564,3004,0.7431,Rain,3.9,119.87,Chemicals,Sea,0,7.0,2024-04-19 00:00:00,7.0,Marsaxlokk
SC-37364,2024-03-03,Atina,Valencia,7188,3312,0.8085,Clear,4.4,98.22,Auto Parts,Sea,0,7.7,2024-03-10 16:48:00,7.7,Atina
SC-34972,2024-06-23,Trieste,Hamburg,2531,4025,0.6448,Clear,2.6,80.13,Electronics,Sea,0,9.3,2024-07-02 07:12:00,9.3,New York
SC-36654,2024-10-08,Atina,Antwerp,6382,5133,0.8964,Fog,1.3,149.15,Textiles,Sea,0,11.9,2024-10-19 21:36:00,11.9,Atina
SC-90769,2024-10-19,Felixstowe,Antwerp,2695,6221,0.8017,Clear,3.6,113.71,Textiles,Sea,0,14.4,2024-11-02 09:36:00,14.4,Dubai
SC-91423,2024-08-13,Marsilya,Antwerp,2622,8192,0.8474,Clear,2.2,140.0,Textiles,Sea,0,19.0,2024-09-01 00:00:00,19.0,Ambarli
SC-39320,2024-01-07,Antwerp,Antwerp,11366,5671,0.6875,Clear,1.6,138.8,Electronics,Sea,0,13.1,2024-01-20 02:24:00,13.1,İzmir
SC-30808,2024-05-06,Dubai,Ningbo,4743,6941,0.7152,Clear,3.0,136.86,Auto Parts,Sea,0,16.1,2024-05-22 02:24:00,16.1,Barcelona
SC-62389,2024-04-01,Mersin,New York,5710,11988,0.6038,Fog,2.9,112.13,Auto Parts,Sea,1,36.1,2024-05-07 02:24:00,36.1,Mersin
SC-44773,2024-07-08,Dubai,Los Angeles,8127,3604,0.974,Fog,3.1,142.71,Chemicals,Sea,1,10.8,2024-07-18 19:12:00,10.8,Trieste
SC-61168,2024-12-24,Felixstowe,Antwerp,6685,3902,0.9733,Clear,4.3,105.71,Chemicals,Sea,0,9.0,2025-01-02 00:00:00,9.0,New York
SC-37747,2024-02-22,Barcelona,Marsilya,4428,6588,0.9089,Clear,2.9,108.59,Textiles,Sea,0,15.2,2024-03-08 04:48:00,15.2,Singapore
SC-86396,2024-08-29,Felixstowe,Singapore,6876,10160,0.9678,Clear,4.6,97.9,Machinery,Sea,1,30.6,2024-09-28 14:24:00,30.6,Jebel Ali
SC-93692,2024-05-11,Atina,Felixstowe,8578,4349,0.8327,Clear,4.4,111.37,Chemicals,Sea,0,10.1,2024-05-21 02:24:00,10.1,Atina
SC-67505,2024-12-29,Tokyo,Shanghai,8804,7059,0.6173,Clear,3.6,149.06,Auto Parts,Sea,1,21.2,2025-01-19 04:48:00,21.2,Dubai
SC-95896,2024-04-21,Atina,Rotterdam,11763,9928,0.8801,Storm,1.2,120.13,Textiles,Sea,1,29.9,2024-05-20 21:36:00,29.9,Piraeus
SC-28135,2024-01-07,Dubai,Rotterdam,3377,9120,0.6626,Clear,4.5,138.18,Auto Parts,Sea,0,21.1,2024-01-28 02:24:00,21.1,Ambarli
SC-57377,2024-08-17,Tokyo,Trieste,11696,6364,0.7202,Clear,4.6,98.43,Textiles,Sea,0,14.7,2024-08-31 16:48:00,14.7,Tanger Med
SC-33554,2024-06-04,Rotterdam,Shanghai,4514,6719,0.6372,Clear,2.5,146.91,Electronics,Sea,0,15.6,2024-06-19 14:24:00,15.6,Jebel Ali
SC-72491,2024-07-15,Ningbo,Trieste,6256,8243,0.7118,Storm,3.1,80.92,Chemicals,Sea,1,24.8,2024-08-08 19:12:00,24.8,Barcelona
SC-65621,2024-11-18,Atina,Valencia,2892,10081,0.8397,Clear,2.1,145.12,Electronics,Sea,0,23.3,2024-12-11 07:12:00,23.3,Mersin
SC-68283,2024-12-29,Barcelona,Singapore,3715,11010,0.5553,Clear,1.1,142.86,Chemicals,Sea,0,25.5,2025-01-23 12:00:00,25.5,Atina
SC-95140,2024-08-10,Trieste,Ambarli,3209,4677,0.5526,Clear,2.9,84.71,Auto Parts,Sea,0,10.8,2024-08-20 19:12:00,10.8,Tanger Med
SC-26923,2024-09-06,Mersin,Mersin,9232,2547,0.8419,Rain,1.5,122.34,Auto Parts,Sea,0,5.9,2024-09-11 21:36:00,5.9,Singapore
SC-57591,2024-03-23,İzmir,Mersin,3917,10550,0.8898,Clear,1.7,134.97,Machinery,Sea,0,24.4,2024-04-16 09:36:00,24.4,New York
SC-72261,2024-08-27,Hamburg,Marsilya,8121,5361,0.7757,Fog,2.9,108.27,Auto Parts,Sea,1,16.1,2024-09-12 02:24:00,16.1,Atina
SC-64336,2024-12-25,Tokyo,İzmir,3927,3924,0.5908,Clear,4.5,86.43,Textiles,Sea,0,9.1,2025-01-03 02:24:00,9.1,Marsaxlokk
SC-84083,2024-11-18,Dubai,Tokyo,8175,7243,0.7154,Clear,4.4,138.06,Machinery,Sea,0,16.8,2024-12-04 19:12:00,16.8,Marsaxlokk
SC-70948,2024-09-19,Hamburg,Dubai,8538,6647,0.8791,Rain,4.9,112.65,Textiles,Sea,0,15.4,2024-10-04 09:36:00,15.4,Tanger Med
SC-43002,2024-07-07,Marsilya,Singapore,5096,8681,0.8429,Rain,2.9,98.43,Machinery,Sea,0,20.1,2024-07-27 02:24:00,20.1,New York
SC-90098,2024-10-16,Trieste,Shanghai,3557,4701,0.5549,Clear,3.2,84.96,Textiles,Sea,0,10.9,2024-10-26 21:36:00,10.9,Barcelona
SC-83016,2024-12-27,Mersin,Busan,8075,2421,0.9846,Clear,4.3,124.81,Machinery,Sea,0,5.6,2025-01-01 14:24:00,5.6,Barcelona
SC-36672,2024-02-27,Los Angeles,Trieste,8142,2335,0.6117,Fog,3.8,82.96,Chemicals,Sea,0,5.4,2024-03-03 09:36:00,5.4,Singapore
SC-14213,2024-01-09,Dubai,Hamburg,10425,11718,0.6102,Clear,1.7,135.38,Chemicals,Sea,0,27.1,2024-02-05 02:24:00,27.1,Piraeus
SC-20293,2024-10-30,New York,Trieste,5669,2056,0.7299,Clear,2.6,133.95,Machinery,Sea,0,4.8,2024-11-03 19:12:00,4.8,İzmir
SC-65860,2024-04-24,Rotterdam,Ningbo,4861,5950,0.6636,Clear,4.7,102.61,Electronics,Sea,0,13.8,2024-05-07 19:12:00,13.8,Atina
SC-72507,2024-07-28,Mersin,İzmir,13357,9055,0.992,Clear,1.6,113.06,Machinery,Sea,0,21.0,2024-08-18 00:00:00,21.0,Jebel Ali
SC-67134,2024-02-10,Dubai,Ambarli,7866,5147,0.5382,Rain,1.8,126.85,Electronics,Sea,0,11.9,2024-02-21 21:36:00,11.9,Mersin
SC-12100,2024-10-30,Tokyo,Shanghai,18868,5537,0.6532,Clear,2.6,147.14,Textiles,Sea,0,12.8,2024-11-11 19:12:00,12.8,Dubai
SC-71997,2024-06-21,Dubai,Busan,19276,8428,0.6914,Clear,4.8,116.41,Machinery,Sea,0,19.5,2024-07-10 12:00:00,19.5,Singapore
SC-38172,2024-08-21,Dubai,Marsilya,12078,2721,0.7467,Clear,1.5,149.77,Electronics,Sea,0,6.3,2024-08-27 07:12:00,6.3,Dubai
SC-30132,2024-10-07,Felixstowe,Busan,9907,2385,0.5082,Fog,3.7,102.76,Machinery,Sea,0,5.5,2024-10-12 12:00:00,5.5,Piraeus
SC-28199,2024-03-18,Los Angeles,Ambarli,8963,4817,0.5412,Rain,1.5,116.85,Chemicals,Sea,0,11.2,2024-03-29 04:48:00,11.2,Dubai
SC-46609,2024-04-17,Ningbo,Ningbo,5251,9426,0.6289,Rain,3.1,88.09,Chemicals,Sea,0,21.8,2024-05-08 19:12:00,21.8,Ambarli
SC-52965,2024-10-07,Rotterdam,Hamburg,3221,9115,0.777,Clear,3.1,118.95,Machinery,Sea,0,21.1,2024-10-28 02:24:00,21.1,Trieste
SC-18016,2024-02-08,Los Angeles,Mersin,14083,2259,0.8839,Clear,1.2,117.54,Machinery,Sea,0,5.2,2024-02-13 04:48:00,5.2,Mersin
SC-49779,2024-04-28,Atina,Rotterdam,2789,6488,0.8432,Fog,4.8,139.42,Auto Parts,Sea,0,15.0,2024-05-13 00:00:00,15.0,Tanger Med
SC-41881,2024-11-30,Dubai,Ambarli,14034,10791,0.7835,Rain,4.2,149.76,Chemicals,Sea,0,25.0,2024-12-25 00:00:00,25.0,Tanger Med
SC-92594,2024-12-01,Singapore,Dubai,4812,9536,0.6986,Rain,2.2,149.03,Textiles,Sea,0,22.1,2024-12-23 02:24:00,22.1,Piraeus
SC-34472,2024-01-27,Dubai,Atina,5904,5255,0.9353,Clear,1.5,96.54,Machinery,Sea,0,12.2,2024-02-08 04:48:00,12.2,Barcelona
SC-61813,2024-04-13,Marsilya,Trieste,4050,11231,0.7299,Clear,2.4,103.69,Auto Parts,Sea,0,26.0,2024-05-09 00:00:00,26.0,Tanger Med
SC-46021,2024-03-14,Barcelona,Los Angeles,13252,6048,0.6496,Rain,4.6,99.23,Machinery,Sea,1,18.2,2024-04-01 04:48:00,18.2,Barcelona
SC-64131,2024-07-09,Antwerp,Marsilya,11590,10947,0.8147,Clear,1.5,93.98,Chemicals,Sea,0,25.3,2024-08-03 07:12:00,25.3,Dubai
SC-34087,2024-11-19,Atina,İzmir,7119,5157,0.8461,Clear,2.4,90.51,Electronics,Sea,0,11.9,2024-11-30 21:36:00,11.9,Atina
SC-22828,2024-05-26,Los Angeles,Valencia,3657,2476,0.6992,Clear,3.0,115.82,Electronics,Sea,0,5.7,2024-05-31 16:48:00,5.7,Trieste
SC-71610,2024-09-11,Los Angeles,Barcelona,6245,7283,0.5141,Clear,1.1,141.07,Chemicals,Sea,0,16.9,2024-09-27 21:36:00,16.9,Barcelona
SC-11401,2024-10-10,İzmir,Barcelona,5207,11791,0.5471,Rain,2.1,121.29,Textiles,Sea,0,27.3,2024-11-06 07:12:00,27.3,Barcelona
SC-95179,2024-07-31,Barcelona,Valencia,9821,4359,0.9228,Clear,3.4,141.09,Auto Parts,Sea,0,10.1,2024-08-10 02:24:00,10.1,Atina
SC-25193,2024-05-02,Valencia,Dubai,10519,9405,0.5283,Rain,2.3,147.16,Machinery,Sea,0,21.8,2024-05-23 19:12:00,21.8,Piraeus
SC-54864,2024-07-24,Singapore,Mersin,7909,10024,0.796,Clear,4.5,106.82,Machinery,Sea,0,23.2,2024-08-16 04:48:00,23.2,Trieste
SC-30307,2024-08-27,Felixstowe,Singapore,16982,3261,0.5919,Fog,4.7,138.5,Machinery,Sea,0,7.5,2024-09-03 12:00:00,7.5,Tanger Med
SC-29611,2024-12-04,New York,Singapore,5783,8323,0.6145,Clear,2.8,83.66,Auto Parts,Sea,0,19.3,2024-12-23 07:12:00,19.3,Barcelona
SC-53791,2024-10-12,Felixstowe,Los Angeles,8725,7937,0.6367,Rain,3.1,113.68,Auto Parts,Sea,0,18.4,2024-10-30 09:36:00,18.4,Singapore
SC-21950,2024-01-22,New York,Felixstowe,7325,3582,0.5191,Clear,3.5,105.78,Chemicals,Sea,0,8.3,2024-01-30 07:12:00,8.3,Dubai
SC-86240,2024-09-15,Los Angeles,Busan,2881,3498,0.5886,Clear,3.7,94.34,Auto Parts,Sea,0,8.1,2024-09-23 02:24:00,8.1,Singapore
SC-87403,2024-12-22,Singapore,Marsilya,9458,10940,0.8252,Clear,1.3,110.69,Machinery,Sea,0,25.3,2025-01-16 07:12:00,25.3,Piraeus
SC-12745,2024-04-14,İzmir,New York,6652,10722,0.7494,Fog,1.2,111.06,Machinery,Sea,1,32.3,2024-05-16 07:12:00,32.3,Dubai
SC-65243,2024-09-14,Tokyo,Dubai,2917,4209,0.8987,Clear,4.5,136.6,Auto Parts,Sea,0,9.7,2024-09-23 16:48:00,9.7,Tanger Med
SC-13866,2024-07-22,Felixstowe,Ambarli,15616,6063,0.5306,Clear,1.9,140.82,Auto Parts,Sea,0,14.0,2024-08-05 00:00:00,14.0,Dubai
SC-42245,2024-11-05,Hamburg,Shanghai,11730,9228,0.9444,Clear,3.3,125.99,Chemicals,Sea,0,21.4,2024-11-26 09:36:00,21.4,Jebel Ali
SC-54724,2024-09-18,İzmir,Busan,5219,11300,0.9982,Clear,3.5,124.34,Electronics,Sea,0,26.2,2024-10-14 04:48:00,26.2,Atina
SC-81354,2024-04-16,İzmir,Singapore,9470,7666,0.5079,Fog,1.7,87.71,Auto Parts,Sea,1,23.1,2024-05-09 02:24:00,23.1,Trieste
SC-61374,2024-09-07,New York,Los Angeles,5043,10681,0.9838,Clear,4.0,120.27,Electronics,Sea,0,24.7,2024-10-01 16:48:00,24.7,Trieste
SC-40116,2024-08-08,Mersin,Barcelona,6512,10196,0.6179,Clear,4.5,99.21,Textiles,Sea,0,23.6,2024-08-31 14:24:00,23.6,Trieste
SC-91029,2024-08-09,Rotterdam,Tokyo,4042,10267,0.8463,Clear,2.1,100.63,Electronics,Sea,0,23.8,2024-09-01 19:12:00,23.8,Marsaxlokk
SC-30447,2024-09-14,Busan,Ningbo,7451,7372,0.6462,Clear,4.5,86.63,Auto Parts,Sea,0,17.1,2024-10-01 02:24:00,17.1,Tanger Med
SC-40431,2024-07-19,Los Angeles,Los Angeles,5979,8150,0.7609,Clear,1.3,124.51,Machinery,Sea,0,18.9,2024-08-06 21:36:00,18.9,Atina
SC-27908,2024-09-14,Antwerp,Trieste,6834,2472,0.7552,Clear,4.2,120.87,Machinery,Sea,0,5.7,2024-09-19 16:48:00,5.7,Barcelona
SC-39336,2024-12-14,Mersin,New York,6359,11573,0.6806,Clear,3.6,95.42,Auto Parts,Sea,0,26.8,2025-01-09 19:12:00,26.8,Piraeus
SC-50992,2024-08-12,Rotterdam,New York,4476,2837,0.8588,Clear,3.3,98.41,Chemicals,Sea,0,6.6,2024-08-18 14:24:00,6.6,Dubai
SC-65350,2024-07-20,Valencia,İzmir,6901,10794,0.7998,Rain,1.9,134.11,Auto Parts,Sea,0,25.0,2024-08-14 00:00:00,25.0,Marsaxlokk
SC-79561,2024-08-13,New York,Marsilya,4528,3186,0.7541,Clear,2.4,135.51,Auto Parts,Sea,0,7.4,2024-08-20 09:36:00,7.4,Ambarli
SC-61955,2024-08-23,Barcelona,Busan,8912,8461,0.9914,Clear,4.6,114.52,Chemicals,Sea,0,19.6,2024-09-11 14:24:00,19.6,Trieste
SC-71240,2024-07-01,New York,Busan,14454,3481,0.97,Clear,2.9,90.43,Chemicals,Sea,0,8.1,2024-07-09 02:24:00,8.1,Marsaxlokk
SC-30093,2024-07-18,Ningbo,Antwerp,4050,9699,0.9777,Clear,3.4,83.89,Textiles,Sea,0,22.5,2024-08-09 12:00:00,22.5,Barcelona
SC-16155,2024-12-22,Hamburg,Hamburg,4856,9332,0.9407,Clear,4.7,99.0,Textiles,Sea,0,21.6,2025-01-12 14:24:00,21.6,Mersin
SC-56607,2024-09-02,İzmir,Mersin,9939,2231,0.6276,Clear,2.9,131.18,Textiles,Sea,0,5.2,2024-09-07 04:48:00,5.2,Tanger Med
SC-43487,2024-12-18,Barcelona,Ambarli,4263,2327,0.675,Rain,2.6,122.06,Chemicals,Sea,0,5.4,2024-12-23 09:36:00,5.4,İzmir
SC-65668,2024-04-20,Ambarli,Los Angeles,6059,8381,0.6155,Fog,4.6,130.27,Electronics,Sea,0,19.4,2024-05-09 09:36:00,19.4,İzmir
SC-30963,2024-01-06,Antwerp,Valencia,3799,7239,0.9931,Rain,4.6,113.02,Auto Parts,Sea,0,16.8,2024-01-22 19:12:00,16.8,Jebel Ali
SC-60124,2024-08-23,Valencia,Ambarli,5178,2949,0.5763,Clear,2.4,132.83,Textiles,Sea,0,6.8,2024-08-29 19:12:00,6.8,New York
SC-62870,2024-05-06,Dubai,Dubai,8509,9038,0.6833,Clear,3.4,113.66,Electronics,Sea,0,20.9,2024-05-26 21:36:00,20.9,Singapore
SC-66547,2024-04-13,Antwerp,Los Angeles,3589,10048,0.5995,Storm,4.9,85.88,Auto Parts,Sea,1,30.2,2024-05-13 04:48:00,30.2,Mersin
SC-74110,2024-08-24,İzmir,Marsilya,4698,4297,0.6117,Clear,1.2,85.59,Electronics,Sea,0,9.9,2024-09-02 21:36:00,9.9,Tanger Med
SC-63554,2024-06-03,Busan,Dubai,7861,3307,0.6235,Clear,1.2,138.21,Machinery,Sea,0,7.7,2024-06-10 16:48:00,7.7,Marsaxlokk
SC-30936,2024-09-13,New York,Tokyo,7479,10389,0.8198,Clear,3.1,124.07,Machinery,Sea,0,24.0,2024-10-07 00:00:00,24.0,Barcelona
SC-14426,2024-08-22,Dubai,Trieste,9687,4779,0.538,Clear,2.2,99.54,Auto Parts,Sea,0,11.1,2024-09-02 02:24:00,11.1,Marsaxlokk
SC-98839,2024-10-15,Dubai,Hamburg,7793,9318,0.7863,Clear,3.3,133.0,Electronics,Sea,0,21.6,2024-11-05 14:24:00,21.6,Ambarli
SC-37606,2024-02-09,Dubai,Rotterdam,2570,5336,0.9096,Fog,3.9,89.5,Electronics,Sea,0,12.4,2024-02-21 09:36:00,12.4,Marsaxlokk
SC-57832,2024-10-14,Hamburg,Singapore,7731,7335,0.8833,Clear,1.3,125.17,Chemicals,Sea,0,17.0,2024-10-31 00:00:00,17.0,Marsaxlokk
SC-38151,2024-07-15,Marsilya,Busan,15020,11530,0.5756,Clear,4.5,149.26,Textiles,Sea,0,26.7,2024-08-10 16:48:00,26.7,Ambarli
SC-89303,2024-09-29,Marsilya,Tokyo,8060,11883,0.9574,Clear,2.1,90.5,Auto Parts,Sea,0,27.5,2024-10-26 12:00:00,27.5,Mersin
SC-21308,2024-09-20,New York,Antwerp,7360,10407,0.885,Clear,2.5,89.94,Electronics,Sea,0,24.1,2024-10-14 02:24:00,24.1,Jebel Ali
SC-72522,2024-02-26,Tokyo,Busan,6212,9502,0.5027,Clear,2.3,112.75,Textiles,Sea,0,22.0,2024-03-19 00:00:00,22.0,Singapore
SC-55671,2024-10-24,Busan,Trieste,14465,9526,0.8687,Clear,4.4,124.99,Auto Parts,Sea,0,22.1,2024-11-15 02:24:00,22.1,Ambarli
SC-12204,2024-04-07,Los Angeles,Trieste,5232,3649,0.8687,Clear,1.7,81.86,Electronics,Sea,0,8.4,2024-04-15 09:36:00,8.4,Piraeus
SC-97265,2024-05-16,Busan,New York,4679,4862,0.7484,Clear,1.1,114.98,Machinery,Sea,0,11.3,2024-05-27 07:12:00,11.3,Marsaxlokk
SC-41131,2024-03-27,Busan,Valencia,13871,10801,0.523,Clear,4.9,85.82,Electronics,Sea,0,25.0,2024-04-21 00:00:00,25.0,Mersin
SC-62428,2024-08-29,Dubai,Hamburg,5439,2917,0.79,Clear,4.9,96.89,Machinery,Sea,0,6.8,2024-09-04 19:12:00,6.8,Singapore
SC-43870,2024-07-17,Valencia,Rotterdam,15370,10353,0.8829,Clear,2.0,129.87,Machinery,Sea,0,24.0,2024-08-10 00:00:00,24.0,Atina
SC-59067,2024-11-05,Ningbo,Dubai,3830,6137,0.6354,Clear,1.0,131.72,Chemicals,Sea,0,14.2,2024-11-19 04:48:00,14.2,Ambarli
SC-68585,2024-03-24,Trieste,Atina,5509,9347,0.8335,Clear,3.6,131.08,Chemicals,Sea,0,21.6,2024-04-14 14:24:00,21.6,Trieste
SC-31607,2024-08-29,Ambarli,Antwerp,4647,7449,0.677,Clear,3.6,84.56,Textiles,Sea,0,17.2,2024-09-15 04:48:00,17.2,Trieste
SC-34968,2024-10-07,İzmir,Dubai,14331,7682,0.7869,Clear,4.8,135.07,Auto Parts,Sea,0,17.8,2024-10-24 19:12:00,17.8,Dubai
SC-21908,2024-11-18,Dubai,Hamburg,7429,4811,0.6923,Clear,2.2,110.25,Textiles,Sea,0,11.1,2024-11-29 02:24:00,11.1,Piraeus
SC-36423,2024-09-08,Trieste,Shanghai,5740,5421,0.6519,Clear,1.8,113.27,Chemicals,Sea,0,12.5,2024-09-20 12:00:00,12.5,İzmir
SC-84707,2024-07-08,Shanghai,İzmir,9036,6215,0.928,Rain,3.5,109.38,Textiles,Sea,0,14.4,2024-07-22 09:36:00,14.4,Ambarli
SC-88257,2024-05-31,Barcelona,Marsilya,5796,11290,0.8769,Clear,3.3,139.99,Auto Parts,Sea,0,26.1,2024-06-26 02:24:00,26.1,Singapore
SC-71215,2024-10-28,Dubai,Barcelona,4514,4721,0.6727,Clear,3.9,127.6,Auto Parts,Sea,1,14.2,2024-11-11 04:48:00,14.2,Atina
SC-65835,2024-10-04,Rotterdam,Hamburg,5613,10314,0.7173,Fog,4.5,115.0,Electronics,Sea,0,23.9,2024-10-27 21:36:00,23.9,Piraeus
SC-59429,2024-05-18,Shanghai,New York,2821,5253,0.8459,Clear,3.2,138.4,Textiles,Sea,0,12.2,2024-05-30 04:48:00,12.2,Marsaxlokk
SC-92152,2024-06-24,Atina,Trieste,7216,2788,0.9055,Clear,1.6,136.38,Chemicals,Sea,0,6.5,2024-06-30 12:00:00,6.5,Barcelona
SC-48458,2024-01-08,Trieste,Hamburg,9999,2256,0.8422,Clear,3.4,80.35,Electronics,Sea,0,5.2,2024-01-13 04:48:00,5.2,İzmir
SC-56169,2024-10-21,Busan,Ningbo,9062,6025,0.7705,Clear,2.5,113.52,Textiles,Sea,0,13.9,2024-11-03 21:36:00,13.9,Dubai
SC-17659,2024-08-22,Hamburg,Atina,3295,7956,0.9772,Clear,2.8,82.96,Auto Parts,Sea,0,18.4,2024-09-09 09:36:00,18.4,Trieste
SC-70614,2024-06-11,İzmir,Hamburg,15188,8741,0.8871,Rain,4.8,101.5,Chemicals,Sea,0,20.2,2024-07-01 04:48:00,20.2,Tanger Med
SC-87240,2024-02-18,Ambarli,Felixstowe,10348,5654,0.5578,Clear,3.2,136.27,Textiles,Sea,0,13.1,2024-03-02 02:24:00,13.1,Dubai
SC-42793,2024-10-28,Shanghai,Marsilya,4111,9660,0.7791,Clear,1.6,146.08,Auto Parts,Sea,0,22.4,2024-11-19 09:36:00,22.4,Barcelona
SC-56473,2024-02-07,Singapore,Ningbo,13225,5251,0.7048,Clear,2.8,96.94,Auto Parts,Sea,0,12.2,2024-02-19 04:48:00,12.2,İzmir
SC-99388,2024-05-15,New York,Singapore,8498,7268,0.8975,Clear,1.9,81.5,Textiles,Sea,0,16.8,2024-05-31 19:12:00,16.8,Trieste
SC-98330,2024-11-05,Busan,Busan,8535,9176,0.5223,Clear,1.5,108.16,Textiles,Sea,1,27.6,2024-12-02 14:24:00,27.6,Jebel Ali
SC-65751,2024-08-06,Dubai,Rotterdam,13489,9562,0.7054,Clear,3.8,103.46,Chemicals,Sea,0,22.1,2024-08-28 02:24:00,22.1,Marsaxlokk
SC-88915,2024-12-13,New York,Felixstowe,11422,10799,0.6591,Clear,3.5,127.39,Electronics,Sea,0,25.0,2025-01-07 00:00:00,25.0,Tanger Med
SC-64254,2024-10-22,Busan,Atina,7677,6426,0.5706,Clear,3.0,114.65,Auto Parts,Sea,0,14.9,2024-11-05 21:36:00,14.9,Piraeus
SC-17006,2024-02-03,Singapore,Felixstowe,6597,5927,0.6894,Clear,2.7,107.92,Electronics,Sea,0,13.7,2024-02-16 16:48:00,13.7,Atina
SC-84218,2024-12-17,Los Angeles,Hamburg,3263,7326,0.8364,Clear,2.3,96.07,Electronics,Sea,0,17.0,2025-01-03 00:00:00,17.0,Tanger Med
SC-75344,2024-03-19,Barcelona,Dubai,4260,4152,0.6808,Rain,1.4,137.99,Auto Parts,Sea,1,12.5,2024-03-31 12:00:00,12.5,Marsaxlokk
SC-43840,2024-08-23,Antwerp,Rotterdam,11905,10738,0.79,Clear,2.2,97.39,Textiles,Sea,0,24.9,2024-09-16 21:36:00,24.9,Barcelona
SC-42430,2024-09-29,Valencia,Trieste,6035,9888,0.7964,Clear,4.4,83.83,Auto Parts,Sea,0,22.9,2024-10-21 21:36:00,22.9,New York
SC-33091,2024-06-09,Trieste,Antwerp,2955,7474,0.7936,Rain,4.1,119.52,Electronics,Sea,0,17.3,2024-06-26 07:12:00,17.3,Atina
SC-42983,2024-06-23,Atina,New York,7609,11874,0.7648,Fog,4.9,102.21,Chemicals,Sea,0,27.5,2024-07-20 12:00:00,27.5,Mersin
SC-33989,2024-11-03,Barcelona,Felixstowe,5889,2488,0.5585,Rain,3.6,129.87,Auto Parts,Sea,0,5.8,2024-11-08 19:12:00,5.8,Ambarli
SC-85451,2024-08-08,Rotterdam,Ambarli,4261,3822,0.6092,Clear,3.2,85.66,Chemicals,Sea,0,8.8,2024-08-16 19:12:00,8.8,Piraeus
SC-28990,2024-01-09,Rotterdam,Atina,8365,9760,0.9,Hurricane,2.2,147.64,Textiles,Sea,1,29.4,2024-02-07 09:36:00,29.4,Atina
SC-90360,2024-10-15,Atina,Los Angeles,8104,7622,0.7512,Clear,1.3,93.08,Textiles,Sea,0,17.6,2024-11-01 14:24:00,17.6,Trieste
SC-46081,2024-04-22,Antwerp,Antwerp,9984,5121,0.853,Clear,3.5,104.99,Chemicals,Sea,0,11.9,2024-05-03 21:36:00,11.9,Jebel Ali
SC-21033,2024-07-23,Dubai,Los Angeles,16952,5774,0.785,Fog,3.0,113.67,Chemicals,Sea,1,17.4,2024-08-09 09:36:00,17.4,Trieste
SC-26241,2024-07-04,Trieste,Ambarli,5843,8446,0.5193,Rain,4.0,142.31,Auto Parts,Sea,0,19.6,2024-07-23 14:24:00,19.6,Jebel Ali
SC-15939,2024-12-06,Valencia,Marsilya,6146,5452,0.8981,Clear,2.6,130.58,Textiles,Sea,0,12.6,2024-12-18 14:24:00,12.6,Piraeus
SC-57562,2024-07-15,Dubai,Hamburg,9493,10841,0.5322,Rain,4.9,90.14,Chemicals,Sea,1,32.6,2024-08-16 14:24:00,32.6,Jebel Ali
SC-45063,2024-09-22,Barcelona,Ningbo,6429,10839,0.9716,Clear,2.6,110.7,Machinery,Sea,0,25.1,2024-10-17 02:24:00,25.1,Tanger Med
SC-86721,2024-09-18,İzmir,New York,5549,7481,0.6077,Clear,2.3,118.0,Auto Parts,Sea,0,17.3,2024-10-05 07:12:00,17.3,Marsaxlokk
SC-37045,2024-09-04,Rotterdam,Dubai,6692,10572,0.7562,Clear,4.5,129.15,Auto Parts,Sea,0,24.5,2024-09-28 12:00:00,24.5,Tanger Med
SC-54769,2024-04-24,Mersin,New York,7838,9833,0.5318,Storm,2.6,120.03,Machinery,Sea,0,22.8,2024-05-16 19:12:00,22.8,Singapore
SC-57118,2024-04-30,Marsilya,Rotterdam,7976,9117,0.9475,Clear,4.5,112.01,Textiles,Sea,0,21.1,2024-05-21 02:24:00,21.1,Ambarli
SC-94703,2024-05-20,Mersin,Los Angeles,6358,11391,0.99,Rain,1.1,133.59,Chemicals,Sea,0,26.4,2024-06-15 09:36:00,26.4,Tanger Med
SC-31625,2024-03-05,Busan,Busan,8082,6887,0.5731,Clear,3.8,106.46,Chemicals,Sea,0,15.9,2024-03-20 21:36:00,15.9,New York
SC-37076,2024-10-02,Felixstowe,Mersin,7763,4990,0.6479,Rain,1.3,149.1,Textiles,Sea,0,11.6,2024-10-13 14:24:00,11.6,İzmir
SC-74805,2024-11-08,Trieste,Ningbo,5100,11299,0.5079,Clear,1.6,146.34,Machinery,Sea,0,26.2,2024-12-04 04:48:00,26.2,Tanger Med
SC-54605,2024-08-26,Trieste,Mersin,2705,5447,0.8935,Clear,3.8,129.52,Machinery,Sea,0,12.6,2024-09-07 14:24:00,12.6,Atina
SC-94565,2024-10-28,Valencia,Valencia,12873,2221,0.6557,Rain,2.2,141.78,Machinery,Sea,1,6.7,2024-11-03 16:48:00,6.7,Tanger Med
SC-98509,2024-01-10,Atina,Barcelona,11888,9618,0.7944,Clear,1.8,107.52,Auto Parts,Sea,0,22.3,2024-02-01 07:12:00,22.3,Ambarli
SC-49121,2024-08-20,Trieste,Dubai,5394,11631,0.5196,Clear,4.2,120.7,Chemicals,Sea,0,26.9,2024-09-15 21:36:00,26.9,Tanger Med
SC-75101,2024-07-13,Atina,Hamburg,3037,8588,0.8577,Clear,4.8,99.09,Electronics,Sea,0,19.9,2024-08-01 21:36:00,19.9,Tanger Med
SC-41433,2024-01-12,Dubai,Hamburg,4618,2617,0.7647,Clear,1.9,141.99,Auto Parts,Sea,0,6.1,2024-01-18 02:24:00,6.1,Marsaxlokk
SC-53309,2024-06-25,Singapore,Ningbo,6874,4570,0.8625,Clear,2.3,112.97,Auto Parts,Sea,0,10.6,2024-07-05 14:24:00,10.6,Mersin
SC-77468,2024-06-25,Felixstowe,Rotterdam,14430,8309,0.8948,Clear,3.9,117.53,Chemicals,Sea,0,19.2,2024-07-14 04:48:00,19.2,Marsaxlokk
SC-54254,2024-08-04,Barcelona,Mersin,15830,4755,0.5446,Clear,4.3,140.52,Textiles,Sea,0,11.0,2024-08-15 00:00:00,11.0,Atina
SC-77293,2024-01-11,Trieste,Valencia,4769,4790,0.789,Rain,5.0,135.81,Chemicals,Sea,1,14.4,2024-01-25 09:36:00,14.4,İzmir
SC-47853,2024-04-27,Rotterdam,Shanghai,9105,9826,0.825,Fog,2.1,102.52,Textiles,Sea,0,22.7,2024-05-19 16:48:00,22.7,Singapore
SC-48405,2024-06-12,Hamburg,Marsilya,12473,5309,0.7584,Rain,3.2,86.12,Chemicals,Sea,0,12.3,2024-06-24 07:12:00,12.3,Atina
SC-76652,2024-02-08,New York,Dubai,4392,9152,0.5912,Clear,1.5,91.35,Auto Parts,Sea,0,21.2,2024-02-29 04:48:00,21.2,Tanger Med
SC-53527,2024-02-22,Antwerp,Atina,8014,6054,0.8978,Rain,2.3,103.74,Machinery,Sea,1,18.2,2024-03-11 04:48:00,18.2,Barcelona
SC-87227,2024-08-05,Barcelona,Ambarli,3679,9056,0.9987,Clear,1.2,101.37,Auto Parts,Sea,0,21.0,2024-08-26 00:00:00,21.0,Trieste
SC-10492,2024-07-24,Los Angeles,Tokyo,6950,9424,0.9846,Rain,1.8,82.68,Auto Parts,Sea,0,21.8,2024-08-14 19:12:00,21.8,Tanger Med
SC-18811,2024-11-07,Antwerp,Ambarli,7321,9681,0.8888,Clear,3.0,110.24,Electronics,Sea,0,22.4,2024-11-29 09:36:00,22.4,Barcelona
SC-34272,2024-12-25,Dubai,Barcelona,8964,8508,0.7091,Clear,1.7,87.41,Auto Parts,Sea,0,19.7,2025-01-13 16:48:00,19.7,Piraeus
SC-82010,2024-02-25,Los Angeles,New York,9473,2224,0.6687,Clear,4.6,95.46,Auto Parts,Sea,0,5.1,2024-03-01 02:24:00,5.1,Singapore
SC-57153,2024-04-27,Singapore,Trieste,11646,9139,0.5343,Clear,3.8,135.12,Auto Parts,Sea,0,21.2,2024-05-18 04:48:00,21.2,Ambarli
SC-64110,2024-09-09,Felixstowe,Felixstowe,3916,10136,0.7081,Rain,1.1,114.64,Electronics,Sea,0,23.5,2024-10-02 12:00:00,23.5,İzmir
SC-23979,2024-10-12,Shanghai,Ningbo,9705,5350,0.578,Rain,4.5,106.11,Textiles,Sea,0,12.4,2024-10-24 09:36:00,12.4,Mersin
SC-38328,2024-09-24,Dubai,Shanghai,14780,5827,0.6272,Clear,4.9,92.98,Electronics,Sea,0,13.5,2024-10-07 12:00:00,13.5,Barcelona
SC-22867,2024-10-17,Tokyo,Valencia,7068,3403,0.9459,Rain,3.0,140.64,Machinery,Sea,0,7.9,2024-10-24 21:36:00,7.9,İzmir
SC-69234,2024-11-28,Valencia,Marsilya,14372,6212,0.9843,Clear,2.3,143.26,Textiles,Sea,0,14.4,2024-12-12 09:36:00,14.4,Singapore
SC-35851,2024-06-28,Felixstowe,Barcelona,3447,2409,0.9743,Clear,2.1,116.31,Electronics,Sea,0,5.6,2024-07-03 14:24:00,5.6,Marsaxlokk
SC-41279,2024-12-23,Felixstowe,Singapore,4651,3916,0.5967,Clear,1.3,144.49,Machinery,Sea,0,9.1,2025-01-01 02:24:00,9.1,Atina
SC-83402,2024-08-22,New York,Valencia,4479,6067,0.9504,Clear,3.0,112.54,Machinery,Sea,0,14.0,2024-09-05 00:00:00,14.0,Tanger Med
SC-25449,2024-12-08,New York,Dubai,4843,4859,0.5708,Clear,1.2,87.51,Chemicals,Sea,0,11.2,2024-12-19 04:48:00,11.2,Marsaxlokk
SC-86221,2024-07-14,Hamburg,Singapore,5504,9072,0.7538,Clear,3.0,81.19,Chemicals,Sea,0,21.0,2024-08-04 00:00:00,21.0,İzmir
SC-99080,2024-11-03,New York,Barcelona,16166,4051,0.8218,Clear,2.0,88.99,Auto Parts,Sea,0,9.4,2024-11-12 09:36:00,9.4,Marsaxlokk
SC-15451,2024-03-20,İzmir,Rotterdam,9413,5701,0.7312,Clear,2.9,123.59,Textiles,Sea,0,13.2,2024-04-02 04:48:00,13.2,Piraeus
SC-97178,2024-05-14,Mersin,Singapore,9026,10214,0.9759,Rain,2.7,102.46,Electronics,Sea,0,23.6,2024-06-06 14:24:00,23.6,Jebel Ali
SC-51316,2024-01-22,Atina,Ambarli,5908,4968,0.6666,Clear,2.2,125.38,Auto Parts,Sea,1,15.0,2024-02-06 00:00:00,15.0,Marsaxlokk
SC-73064,2024-11-26,Barcelona,İzmir,8396,10936,0.7637,Clear,2.8,115.56,Textiles,Sea,0,25.3,2024-12-21 07:12:00,25.3,Dubai
SC-73761,2024-08-12,İzmir,Shanghai,4696,2601,0.5377,Clear,2.9,103.31,Chemicals,Sea,0,6.0,2024-08-18 00:00:00,6.0,Singapore
SC-48870,2024-02-27,Valencia,Singapore,15799,9934,0.9261,Clear,4.3,95.31,Electronics,Sea,0,23.0,2024-03-21 00:00:00,23.0,Singapore
SC-40873,2024-04-02,Busan,Dubai,2925,7274,0.7067,Storm,3.7,85.67,Machinery,Sea,1,21.9,2024-04-23 21:36:00,21.9,Barcelona
SC-68627,2024-07-10,Los Angeles,Tokyo,4201,3842,0.8503,Clear,2.7,134.77,Machinery,Sea,1,11.6,2024-07-21 14:24:00,11.6,New York
SC-76155,2024-04-12,Atina,Ambarli,9446,4662,0.8411,Rain,4.6,137.33,Auto Parts,Sea,0,10.8,2024-04-22 19:12:00,10.8,Piraeus
SC-35372,2024-01-07,Ambarli,Shanghai,5154,10674,0.8381,Clear,4.0,117.9,Auto Parts,Sea,0,24.7,2024-01-31 16:48:00,24.7,Singapore
SC-13642,2024-05-07,Ningbo,Shanghai,5778,6036,0.7535,Rain,1.3,91.0,Electronics,Sea,1,18.2,2024-05-25 04:48:00,18.2,Jebel Ali
SC-38001,2024-02-24,New York,Barcelona,6765,4639,0.6388,Storm,1.6,98.45,Machinery,Sea,0,10.7,2024-03-05 16:48:00,10.7,Marsaxlokk
SC-44064,2024-08-18,Atina,New York,6460,7526,0.8125,Clear,1.3,146.86,Auto Parts,Sea,0,17.4,2024-09-04 09:36:00,17.4,Mersin
SC-24122,2024-12-27,Shanghai,Ningbo,5765,7368,0.9809,Clear,2.3,95.82,Machinery,Sea,0,17.1,2025-01-13 02:24:00,17.1,New York
SC-34820,2024-03-02,Tokyo,Dubai,3346,9143,0.917,Clear,2.7,83.98,Chemicals,Sea,0,21.2,2024-03-23 04:48:00,21.2,Trieste
SC-78431,2024-08-27,İzmir,İzmir,8780,8103,0.5544,Storm,3.0,118.5,Auto Parts,Sea,1,24.4,2024-09-20 09:36:00,24.4,Marsaxlokk
SC-65745,2024-03-30,İzmir,Barcelona,8053,5825,0.5116,Clear,4.4,98.33,Textiles,Sea,0,13.5,2024-04-12 12:00:00,13.5,Ambarli
SC-60081,2024-08-19,İzmir,Valencia,9453,11874,0.7495,Clear,1.1,147.02,Auto Parts,Sea,0,27.5,2024-09-15 12:00:00,27.5,Dubai
SC-80902,2024-08-20,Antwerp,Marsilya,7210,7670,0.8879,Clear,2.7,120.23,Chemicals,Sea,0,17.8,2024-09-06 19:12:00,17.8,İzmir
SC-18711,2024-12-19,İzmir,Hamburg,9048,6796,0.657,Fog,2.6,147.61,Electronics,Sea,1,20.5,2025-01-08 12:00:00,20.5,Mersin
SC-95132,2024-11-28,Mersin,Dubai,4157,5608,0.8506,Clear,4.8,134.99,Machinery,Sea,0,13.0,2024-12-11 00:00:00,13.0,Tanger Med
SC-28793,2024-10-18,Atina,Los Angeles,5939,8878,0.966,Rain,2.0,130.62,Electronics,Sea,0,20.6,2024-11-07 14:24:00,20.6,Ambarli
SC-18199,2024-12-10,Dubai,İzmir,9064,3018,0.7295,Fog,1.5,138.13,Auto Parts,Sea,1,9.1,2024-12-19 02:24:00,9.1,Dubai
SC-86253,2024-05-31,Busan,Atina,2614,7349,0.6221,Clear,1.6,122.34,Textiles,Sea,0,17.0,2024-06-17 00:00:00,17.0,Marsaxlokk
SC-46191,2024-05-24,Trieste,Marsilya,17899,6760,0.9589,Clear,3.1,80.78,Electronics,Sea,1,20.3,2024-06-13 07:12:00,20.3,Barcelona
SC-20211,2024-05-09,Atina,Tokyo,8654,3311,0.7361,Clear,2.6,107.47,Textiles,Sea,0,7.7,2024-05-16 16:48:00,7.7,New York
SC-73069,2024-05-20,Felixstowe,Antwerp,12554,11610,0.7039,Clear,4.0,95.33,Auto Parts,Sea,0,26.9,2024-06-15 21:36:00,26.9,Ambarli
SC-98896,2024-04-02,Atina,Antwerp,4664,4500,0.6767,Clear,2.3,110.4,Textiles,Sea,0,10.4,2024-04-12 09:36:00,10.4,İzmir
SC-66746,2024-04-23,Ningbo,Los Angeles,7974,4667,0.7115,Clear,1.5,112.94,Textiles,Sea,0,10.8,2024-05-03 19:12:00,10.8,Jebel Ali
SC-31542,2024-10-10,Singapore,Hamburg,12293,8034,0.8368,Clear,2.5,88.95,Chemicals,Sea,0,18.6,2024-10-28 14:24:00,18.6,Atina
SC-41312,2024-05-22,Singapore,Felixstowe,4647,11578,0.7169,Storm,4.5,81.64,Electronics,Sea,1,34.8,2024-06-25 19:12:00,34.8,Jebel Ali
SC-55242,2024-08-10,Dubai,Trieste,6255,7230,0.6621,Clear,2.6,89.67,Auto Parts,Sea,0,16.7,2024-08-26 16:48:00,16.7,İzmir
SC-97893,2024-08-19,Shanghai,Hamburg,9827,11336,0.8718,Rain,4.3,140.02,Chemicals,Sea,0,26.2,2024-09-14 04:48:00,26.2,Ambarli
SC-65388,2024-02-02,New York,Ambarli,3676,6834,0.6015,Clear,2.5,132.91,Textiles,Sea,0,15.8,2024-02-17 19:12:00,15.8,Jebel Ali
SC-37691,2024-10-02,İzmir,New York,3063,3546,0.601,Clear,2.1,135.92,Chemicals,Sea,0,8.2,2024-10-10 04:48:00,8.2,Dubai
SC-87960,2024-06-18,Trieste,Shanghai,7306,4145,0.8482,Clear,4.1,99.34,Chemicals,Sea,0,9.6,2024-06-27 14:24:00,9.6,Mersin
SC-94388,2024-05-19,Barcelona,Hamburg,12906,4163,0.9334,Clear,1.8,96.53,Textiles,Sea,0,9.6,2024-05-28 14:24:00,9.6,Singapore
SC-32601,2024-12-22,Felixstowe,Busan,12402,5012,0.6206,Clear,1.9,82.62,Auto Parts,Sea,0,11.6,2025-01-02 14:24:00,11.6,Piraeus
SC-28020,2024-07-19,New York,Rotterdam,4099,6444,0.5956,Clear,1.2,113.06,Machinery,Sea,0,14.9,2024-08-02 21:36:00,14.9,Trieste
SC-18155,2024-01-23,Dubai,Atina,6943,5423,0.8352,Clear,1.8,106.77,Chemicals,Sea,0,12.6,2024-02-04 14:24:00,12.6,Barcelona
SC-79119,2024-08-11,Los Angeles,Dubai,8584,9179,0.8104,Rain,2.5,138.51,Electronics,Sea,0,21.2,2024-09-01 04:48:00,21.2,Atina
SC-91051,2024-09-26,İzmir,Busan,4127,5559,0.7236,Clear,2.6,127.73,Textiles,Sea,0,12.9,2024-10-08 21:36:00,12.9,Dubai
SC-46777,2024-12-12,Mersin,Valencia,9345,11748,0.5479,Fog,2.7,90.1,Machinery,Sea,0,27.2,2025-01-08 04:48:00,27.2,Tanger Med
SC-29710,2024-06-01,Hamburg,Barcelona,11610,4686,0.5459,Rain,2.9,149.1,Chemicals,Sea,0,10.8,2024-06-11 19:12:00,10.8,Atina
SC-34532,2024-11-28,Marsilya,New York,3783,4332,0.8887,Clear,3.3,133.94,Textiles,Sea,0,10.0,2024-12-08 00:00:00,10.0,Trieste
SC-28601,2024-03-25,Busan,Trieste,8871,8066,0.7259,Clear,1.8,130.42,Textiles,Sea,0,18.7,2024-04-12 16:48:00,18.7,Barcelona
SC-73227,2024-04-18,Dubai,Ningbo,8147,3656,0.929,Clear,3.5,95.16,Chemicals,Sea,0,8.5,2024-04-26 12:00:00,8.5,Piraeus
SC-14967,2024-01-31,Shanghai,Barcelona,6803,8779,0.7874,Clear,2.3,143.36,Electronics,Sea,0,20.3,2024-02-20 07:12:00,20.3,Singapore
SC-94289,2024-08-16,Valencia,Trieste,8692,8038,0.8094,Clear,3.9,113.17,Textiles,Sea,0,18.6,2024-09-03 14:24:00,18.6,Dubai
SC-30022,2024-08-27,Los Angeles,Ningbo,5506,10736,0.9671,Fog,3.2,100.84,Textiles,Sea,0,24.9,2024-09-20 21:36:00,24.9,Marsaxlokk
SC-53463,2024-12-28,Dubai,Ambarli,19275,10583,0.5823,Clear,3.2,125.84,Chemicals,Sea,0,24.5,2025-01-21 12:00:00,24.5,Ambarli
SC-84671,2024-11-05,Felixstowe,Singapore,7596,7289,0.7715,Rain,3.7,94.82,Machinery,Sea,0,16.9,2024-11-21 21:36:00,16.9,Mersin
SC-15722,2024-05-20,Trieste,Tokyo,13125,8220,0.5291,Clear,2.3,143.53,Textiles,Sea,0,19.0,2024-06-08 00:00:00,19.0,Marsaxlokk
SC-37413,2024-06-04,Dubai,Los Angeles,9239,2296,0.6795,Clear,2.7,139.8,Textiles,Sea,1,6.9,2024-06-10 21:36:00,6.9,Ambarli
SC-91050,2024-10-25,New York,New York,19776,8473,0.574,Rain,3.3,112.54,Chemicals,Sea,0,19.6,2024-11-13 14:24:00,19.6,Marsaxlokk
SC-95867,2024-12-10,Hamburg,Atina,3577,3086,0.5939,Clear,2.7,93.35,Textiles,Sea,0,7.1,2024-12-17 02:24:00,7.1,Marsaxlokk
SC-93596,2024-04-08,Ningbo,Valencia,8080,8359,0.9674,Rain,2.8,114.76,Chemicals,Sea,0,19.3,2024-04-27 07:12:00,19.3,Tanger Med
SC-76732,2024-02-16,Los Angeles,İzmir,7069,7194,0.8053,Clear,2.1,90.44,Electronics,Sea,0,16.7,2024-03-03 16:48:00,16.7,İzmir
SC-22297,2024-11-22,Mersin,Felixstowe,4113,7805,0.9461,Rain,2.1,98.89,Chemicals,Sea,0,18.1,2024-12-10 02:24:00,18.1,Ambarli
SC-78323,2024-03-07,Ningbo,Los Angeles,10035,8722,0.7218,Rain,3.8,113.79,Machinery,Sea,0,20.2,2024-03-27 04:48:00,20.2,Piraeus
SC-33816,2024-03-02,Antwerp,Dubai,8416,11308,0.7988,Clear,1.0,81.48,Textiles,Sea,0,26.2,2024-03-28 04:48:00,26.2,Dubai
SC-50695,2024-04-18,Ningbo,Dubai,4180,11268,0.516,Rain,1.4,133.6,Electronics,Sea,0,26.1,2024-05-14 02:24:00,26.1,Jebel Ali
SC-29702,2024-06-15,Antwerp,Dubai,9983,2495,0.7348,Clear,4.8,93.78,Textiles,Sea,0,5.8,2024-06-20 19:12:00,5.8,Piraeus
SC-35242,2024-02-06,Ambarli,Hamburg,4765,4995,0.782,Clear,1.7,140.66,Textiles,Sea,0,11.6,2024-02-17 14:24:00,11.6,İzmir
SC-65841,2024-04-28,Antwerp,Hamburg,7766,2093,0.5084,Clear,2.7,81.56,Chemicals,Sea,0,4.8,2024-05-02 19:12:00,4.8,New York
SC-77712,2024-03-26,Atina,Shanghai,9583,6324,0.8947,Clear,4.4,117.25,Textiles,Sea,0,14.6,2024-04-09 14:24:00,14.6,İzmir
SC-95663,2024-02-21,New York,Trieste,2635,8393,0.6477,Clear,1.0,134.37,Electronics,Sea,0,19.4,2024-03-11 09:36:00,19.4,Ambarli
SC-63574,2024-03-31,Los Angeles,Los Angeles,5408,7510,0.7262,Rain,4.7,96.66,Auto Parts,Sea,0,17.4,2024-04-17 09:36:00,17.4,Atina
SC-95744,2024-10-15,Trieste,Rotterdam,7590,2720,0.7678,Clear,1.2,129.53,Textiles,Sea,0,6.3,2024-10-21 07:12:00,6.3,Barcelona
SC-38482,2024-12-02,Busan,Busan,4884,7075,0.9961,Fog,1.7,130.46,Chemicals,Sea,0,16.4,2024-12-18 09:36:00,16.4,Marsaxlokk
SC-19171,2024-10-24,Rotterdam,Marsilya,9133,8325,0.5496,Fog,1.1,124.65,Machinery,Sea,0,19.3,2024-11-12 07:12:00,19.3,Dubai
SC-13696,2024-07-22,Ambarli,İzmir,4390,7099,0.7776,Rain,3.1,105.5,Textiles,Sea,0,16.4,2024-08-07 09:36:00,16.4,Tanger Med
SC-30058,2024-08-25,Trieste,Dubai,3764,6026,0.7653,Fog,4.8,134.95,Chemicals,Sea,0,13.9,2024-09-07 21:36:00,13.9,Piraeus
SC-30313,2024-06-03,Atina,Hamburg,2758,7057,0.5345,Rain,4.4,123.99,Textiles,Sea,0,16.3,2024-06-19 07:12:00,16.3,Marsaxlokk
SC-29149,2024-08-27,New York,Valencia,5554,8810,0.817,Clear,3.6,121.33,Auto Parts,Sea,0,20.4,2024-09-16 09:36:00,20.4,Singapore
SC-63521,2024-05-15,Mersin,Dubai,7254,3106,0.6434,Clear,1.7,137.34,Auto Parts,Sea,0,7.2,2024-05-22 04:48:00,7.2,New York
SC-55740,2024-12-27,Atina,İzmir,14752,7305,0.5519,Clear,4.5,97.12,Electronics,Sea,0,16.9,2025-01-12 21:36:00,16.9,Trieste
SC-14956,2024-03-04,Antwerp,Antwerp,4059,9734,0.5893,Clear,4.0,96.27,Auto Parts,Sea,0,22.5,2024-03-26 12:00:00,22.5,Atina
SC-85731,2024-05-02,Marsilya,Hamburg,9803,8674,0.9118,Clear,2.1,107.05,Chemicals,Sea,0,20.1,2024-05-22 02:24:00,20.1,New York
SC-92612,2024-09-10,Mersin,Mersin,13537,11563,0.5521,Clear,4.2,85.12,Auto Parts,Sea,0,26.8,2024-10-06 19:12:00,26.8,Piraeus
SC-76641,2024-04-23,Los Angeles,Trieste,7316,10614,0.7335,Clear,4.5,103.62,Chemicals,Sea,0,24.6,2024-05-17 14:24:00,24.6,Barcelona
SC-73811,2024-01-20,Felixstowe,İzmir,4074,4005,0.5976,Storm,3.8,108.44,Textiles,Sea,1,12.1,2024-02-01 02:24:00,12.1,Marsaxlokk
SC-62160,2024-01-16,Marsilya,Atina,4200,7261,0.5812,Clear,1.4,114.65,Electronics,Sea,0,16.8,2024-02-01 19:12:00,16.8,Ambarli
SC-61313,2024-05-24,Hamburg,Mersin,5973,2763,0.6029,Clear,4.9,97.78,Electronics,Sea,0,6.4,2024-05-30 09:36:00,6.4,Marsaxlokk
SC-73232,2024-07-26,Valencia,Trieste,8828,11089,0.7464,Clear,1.3,143.48,Auto Parts,Sea,0,25.7,2024-08-20 16:48:00,25.7,Trieste
SC-25417,2024-01-19,Atina,Ningbo,9672,11144,0.6189,Clear,3.6,99.96,Machinery,Sea,0,25.8,2024-02-13 19:12:00,25.8,Jebel Ali
SC-34729,2024-06-14,Busan,Barcelona,9731,7691,0.5484,Clear,1.4,139.61,Auto Parts,Sea,0,17.8,2024-07-01 19:12:00,17.8,Barcelona
SC-40099,2024-02-07,Marsilya,Shanghai,12128,9059,0.9007,Clear,4.6,111.15,Machinery,Sea,0,21.0,2024-02-28 00:00:00,21.0,Trieste
SC-39961,2024-06-29,Valencia,Felixstowe,4322,6479,0.7699,Storm,2.4,130.27,Auto Parts,Sea,1,19.5,2024-07-18 12:00:00,19.5,New York
SC-22602,2024-12-14,Valencia,Hamburg,6292,6198,0.5784,Clear,3.0,87.76,Chemicals,Sea,0,14.3,2024-12-28 07:12:00,14.3,Ambarli
SC-19256,2024-04-14,Singapore,Busan,13882,11091,0.7357,Clear,1.7,118.12,Chemicals,Sea,0,25.7,2024-05-09 16:48:00,25.7,Dubai
SC-96120,2024-04-09,İzmir,Singapore,13743,6023,0.5342,Clear,3.2,147.26,Machinery,Sea,0,13.9,2024-04-22 21:36:00,13.9,Mersin
SC-44681,2024-03-30,Ningbo,Valencia,6030,6205,0.7902,Fog,4.8,126.64,Electronics,Sea,1,18.7,2024-04-17 16:48:00,18.7,Trieste
SC-97440,2024-10-26,Singapore,Trieste,18798,5641,0.6702,Clear,4.6,137.42,Machinery,Sea,0,13.1,2024-11-08 02:24:00,13.1,Jebel Ali
SC-74789,2024-11-27,Atina,Shanghai,17591,5543,0.5518,Clear,1.3,98.27,Textiles,Sea,0,12.8,2024-12-09 19:12:00,12.8,Ambarli
SC-53361,2024-03-19,Los Angeles,Ambarli,12190,7591,0.5918,Rain,2.5,136.01,Electronics,Sea,0,17.6,2024-04-05 14:24:00,17.6,İzmir
SC-74503,2024-03-13,Mersin,Singapore,6962,9243,0.6729,Clear,2.1,104.59,Machinery,Sea,0,21.4,2024-04-03 09:36:00,21.4,Atina
SC-44540,2024-06-24,Ambarli,Valencia,8664,8116,0.9032,Clear,2.9,113.96,Textiles,Sea,0,18.8,2024-07-12 19:12:00,18.8,Barcelona
SC-36536,2024-04-05,Barcelona,Busan,5789,8333,0.5869,Clear,4.3,93.16,Textiles,Sea,0,19.3,2024-04-24 07:12:00,19.3,Dubai
SC-94700,2024-12-10,Valencia,Antwerp,5059,2761,0.5548,Clear,4.0,114.0,Auto Parts,Sea,1,8.3,2024-12-18 07:12:00,8.3,Trieste
SC-73043,2024-04-12,İzmir,Singapore,6705,4407,0.758,Clear,2.4,116.1,Machinery,Sea,0,10.2,2024-04-22 04:48:00,10.2,Tanger Med
SC-88532,2024-08-11,Atina,Mersin,8990,2885,0.7793,Clear,2.5,123.56,Chemicals,Sea,0,6.7,2024-08-17 16:48:00,6.7,Mersin
SC-66575,2024-01-06,Felixstowe,Barcelona,7065,8222,0.5451,Rain,3.6,140.8,Auto Parts,Sea,0,19.0,2024-01-25 00:00:00,19.0,Piraeus
SC-12871,2024-05-01,Shanghai,Busan,6915,4643,0.6422,Clear,1.8,101.34,Electronics,Sea,0,10.7,2024-05-11 16:48:00,10.7,Ambarli
SC-56002,2024-08-23,Dubai,Mersin,9612,11427,0.6314,Clear,1.4,148.89,Chemicals,Sea,1,34.4,2024-09-26 09:36:00,34.4,Piraeus
SC-59812,2024-04-25,Busan,Tokyo,15308,7110,0.5931,Fog,2.0,139.34,Textiles,Sea,0,16.5,2024-05-11 12:00:00,16.5,Mersin
SC-32626,2024-06-11,Dubai,Los Angeles,3330,3468,0.6578,Fog,1.5,108.2,Electronics,Sea,0,8.0,2024-06-19 00:00:00,8.0,Ambarli
SC-69979,2024-08-13,Barcelona,Hamburg,5240,8292,0.5186,Storm,2.4,95.87,Auto Parts,Sea,0,19.2,2024-09-01 04:48:00,19.2,New York
SC-86057,2024-08-17,Ningbo,Shanghai,4352,10201,0.8258,Clear,4.8,85.0,Textiles,Sea,0,23.6,2024-09-09 14:24:00,23.6,Mersin
SC-76668,2024-06-30,Ningbo,Ningbo,3745,7661,0.9942,Clear,1.5,96.41,Textiles,Sea,0,17.7,2024-07-17 16:48:00,17.7,Trieste
SC-90070,2024-09-05,Trieste,Ambarli,6608,10983,0.817,Fog,4.3,141.92,Textiles,Sea,0,25.4,2024-09-30 09:36:00,25.4,Ambarli
SC-99390,2024-11-13,Hamburg,Dubai,9199,8063,0.6805,Clear,3.1,100.44,Chemicals,Sea,1,24.3,2024-12-07 07:12:00,24.3,Singapore
SC-52998,2024-07-28,Felixstowe,Barcelona,3533,9015,0.834,Clear,3.5,89.66,Auto Parts,Sea,0,20.9,2024-08-17 21:36:00,20.9,Ambarli
SC-73814,2024-05-23,Barcelona,Ambarli,18367,11854,0.7858,Clear,1.7,81.59,Auto Parts,Sea,0,27.4,2024-06-19 09:36:00,27.4,Singapore
SC-55607,2024-12-10,Marsilya,Atina,12491,8323,0.9234,Clear,1.6,100.84,Chemicals,Sea,0,19.3,2024-12-29 07:12:00,19.3,İzmir
SC-17812,2024-04-05,Felixstowe,Ningbo,6496,10935,0.8109,Clear,1.7,95.13,Auto Parts,Sea,0,25.3,2024-04-30 07:12:00,25.3,Jebel Ali
SC-71844,2024-12-11,Mersin,Dubai,19290,4428,0.817,Rain,3.7,87.15,Textiles,Sea,0,10.2,2024-12-21 04:48:00,10.2,Tanger Med
SC-80093,2024-08-31,Los Angeles,Atina,6321,11308,0.6108,Clear,4.0,146.58,Textiles,Sea,0,26.2,2024-09-26 04:48:00,26.2,Jebel Ali
SC-12179,2024-03-26,Dubai,Dubai,9503,9108,0.7078,Clear,4.7,98.73,Textiles,Sea,0,21.1,2024-04-16 02:24:00,21.1,Jebel Ali
SC-53798,2024-07-02,Busan,Marsilya,6870,3354,0.6722,Clear,2.6,80.43,Auto Parts,Sea,1,10.1,2024-07-12 02:24:00,10.1,Barcelona
SC-84601,2024-04-30,Hamburg,Shanghai,13336,7827,0.5057,Clear,2.8,146.1,Machinery,Sea,0,18.1,2024-05-18 02:24:00,18.1,Barcelona
SC-18275,2024-11-27,Busan,Ambarli,8530,4480,0.6566,Storm,2.9,120.5,Electronics,Sea,0,10.4,2024-12-07 09:36:00,10.4,New York
SC-60574,2024-04-01,Dubai,Tokyo,6415,3186,0.743,Storm,2.1,85.8,Machinery,Sea,1,9.6,2024-04-10 14:24:00,9.6,İzmir
SC-57857,2024-03-10,Barcelona,Barcelona,8485,8909,0.7999,Clear,2.3,82.2,Chemicals,Sea,1,26.8,2024-04-05 19:12:00,26.8,Tanger Med
SC-30700,2024-05-12,Valencia,Tokyo,3902,6087,0.9673,Fog,4.4,87.55,Machinery,Sea,1,18.3,2024-05-30 07:12:00,18.3,Marsaxlokk
SC-49464,2024-10-05,Los Angeles,Dubai,8954,8228,0.6196,Clear,2.4,121.4,Machinery,Sea,0,19.0,2024-10-24 00:00:00,19.0,Mersin
SC-52351,2024-05-16,Tokyo,Ambarli,4420,4831,0.5762,Clear,4.5,84.33,Chemicals,Sea,0,11.2,2024-05-27 04:48:00,11.2,Marsaxlokk
SC-92534,2024-11-09,Ambarli,Marsilya,8644,5661,0.9347,Rain,2.2,119.77,Machinery,Sea,0,13.1,2024-11-22 02:24:00,13.1,Mersin
SC-23869,2024-07-05,İzmir,Felixstowe,7664,3748,0.9709,Fog,2.4,125.68,Electronics,Sea,0,8.7,2024-07-13 16:48:00,8.7,Dubai
SC-70315,2024-08-08,Los Angeles,Rotterdam,8558,9934,0.744,Clear,3.2,90.33,Auto Parts,Sea,0,23.0,2024-08-31 00:00:00,23.0,Mersin
SC-30954,2024-02-15,Busan,Ningbo,2885,11306,0.5576,Clear,1.4,114.19,Chemicals,Sea,0,26.2,2024-03-12 04:48:00,26.2,Piraeus
SC-41555,2024-10-04,Los Angeles,İzmir,10834,9552,0.7427,Clear,4.7,147.47,Machinery,Sea,0,22.1,2024-10-26 02:24:00,22.1,Dubai
SC-73353,2024-07-10,Antwerp,Valencia,7884,5264,0.5547,Clear,4.3,138.55,Textiles,Sea,0,12.2,2024-07-22 04:48:00,12.2,Dubai
SC-92190,2024-01-08,Singapore,Valencia,3099,7372,0.9416,Clear,3.7,130.64,Textiles,Sea,0,17.1,2024-01-25 02:24:00,17.1,İzmir
SC-55026,2024-10-02,Barcelona,Busan,7999,7774,0.8541,Clear,5.0,116.24,Chemicals,Sea,0,18.0,2024-10-20 00:00:00,18.0,Atina
SC-56976,2024-06-27,Felixstowe,New York,7600,7363,0.6206,Rain,1.1,107.6,Textiles,Sea,0,17.0,2024-07-14 00:00:00,17.0,Piraeus
SC-90578,2024-11-29,Antwerp,Trieste,17647,9891,0.9433,Clear,2.6,111.6,Electronics,Sea,0,22.9,2024-12-21 21:36:00,22.9,Dubai
SC-55095,2024-02-08,Ningbo,Felixstowe,13645,8850,0.819,Clear,4.4,133.52,Machinery,Sea,0,20.5,2024-02-28 12:00:00,20.5,Trieste
SC-24270,2024-10-19,Trieste,Busan,8427,3063,0.9766,Rain,2.7,118.8,Electronics,Sea,0,7.1,2024-10-26 02:24:00,7.1,Singapore
SC-40908,2024-06-26,Mersin,Atina,10194,8659,0.9902,Clear,1.0,133.53,Electronics,Sea,0,20.0,2024-07-16 00:00:00,20.0,Barcelona
SC-25523,2024-06-10,Marsilya,Ningbo,5685,5748,0.5016,Rain,1.6,147.89,Auto Parts,Sea,0,13.3,2024-06-23 07:12:00,13.3,Piraeus
SC-72433,2024-11-26,Valencia,Marsilya,17579,6545,0.5601,Storm,2.7,124.84,Machinery,Sea,1,19.7,2024-12-15 16:48:00,19.7,Barcelona
SC-57068,2024-04-13,Shanghai,Rotterdam,7985,4732,0.7735,Storm,3.7,122.22,Chemicals,Sea,1,14.2,2024-04-27 04:48:00,14.2,Ambarli
SC-29991,2024-06-09,Antwerp,Ambarli,3865,3872,0.9779,Clear,1.7,108.43,Textiles,Sea,0,9.0,2024-06-18 00:00:00,9.0,Atina
SC-20775,2024-10-13,Mersin,Shanghai,14825,6720,0.9971,Clear,2.8,93.77,Auto Parts,Sea,0,15.6,2024-10-28 14:24:00,15.6,Trieste
SC-87801,2024-05-02,Busan,Antwerp,14704,3969,0.7837,Clear,1.1,106.19,Electronics,Sea,0,9.2,2024-05-11 04:48:00,9.2,New York
SC-94995,2024-02-23,Atina,Marsilya,6823,11076,0.5869,Rain,2.9,116.41,Textiles,Sea,1,33.3,2024-03-27 07:12:00,33.3,Trieste
SC-71250,2024-02-03,Valencia,Ningbo,9214,2318,0.5815,Storm,4.6,82.44,Machinery,Sea,0,5.4,2024-02-08 09:36:00,5.4,Barcelona
SC-26673,2024-08-29,Marsilya,Dubai,9798,5717,0.8819,Clear,3.4,113.31,Electronics,Sea,0,13.2,2024-09-11 04:48:00,13.2,Singapore
SC-37056,2024-04-22,Dubai,Hamburg,9484,7491,0.796,Clear,2.8,140.35,Electronics,Sea,1,22.5,2024-05-14 12:00:00,22.5,New York
SC-16614,2024-11-13,Atina,Barcelona,7234,3374,0.7744,Rain,1.6,148.36,Machinery,Sea,1,10.2,2024-11-23 04:48:00,10.2,Trieste
SC-17415,2024-01-23,Marsilya,Trieste,3526,7442,0.7329,Clear,1.8,139.89,Chemicals,Sea,0,17.2,2024-02-09 04:48:00,17.2,Trieste
SC-98691,2024-02-15,Marsilya,Mersin,3116,10679,0.8626,Clear,1.3,92.04,Auto Parts,Sea,0,24.7,2024-03-10 16:48:00,24.7,Atina
SC-53884,2024-11-07,Marsilya,Ningbo,2587,2450,0.929,Fog,4.0,90.85,Machinery,Sea,0,5.7,2024-11-12 16:48:00,5.7,Marsaxlokk
SC-26964,2024-05-14,Barcelona,Mersin,9775,10544,0.6515,Clear,1.3,107.53,Textiles,Sea,0,24.4,2024-06-07 09:36:00,24.4,Barcelona
SC-47726,2024-04-27,Barcelona,Rotterdam,7475,9180,0.6105,Clear,2.5,95.78,Textiles,Sea,0,21.2,2024-05-18 04:48:00,21.2,New York
SC-47044,2024-07-07,Mersin,Barcelona,3421,3940,0.8351,Clear,4.0,127.32,Electronics,Sea,0,9.1,2024-07-16 02:24:00,9.1,Trieste
SC-67149,2024-05-10,Barcelona,Antwerp,6841,4367,0.9574,Rain,3.9,85.92,Auto Parts,Sea,0,10.1,2024-05-20 02:24:00,10.1,İzmir
SC-47544,2024-07-30,Dubai,Ambarli,9583,9887,0.6741,Clear,3.3,111.06,Chemicals,Sea,0,22.9,2024-08-21 21:36:00,22.9,Mersin
SC-59976,2024-04-22,Singapore,Singapore,7730,2247,0.6362,Clear,3.3,99.62,Chemicals,Sea,0,5.2,2024-04-27 04:48:00,5.2,Tanger Med
SC-42252,2024-02-13,Busan,New York,13047,5503,0.6131,Clear,1.4,121.68,Textiles,Sea,0,12.7,2024-02-25 16:48:00,12.7,Atina
SC-13832,2024-05-07,Atina,Dubai,9206,10759,0.6272,Clear,1.7,135.79,Chemicals,Sea,0,24.9,2024-05-31 21:36:00,24.9,Atina
SC-90437,2024-12-29,Barcelona,İzmir,3791,10875,0.5675,Clear,3.1,144.65,Textiles,Sea,0,25.2,2025-01-23 04:48:00,25.2,Dubai
SC-44148,2024-06-06,Tokyo,Ningbo,3143,10835,0.7984,Clear,2.4,147.47,Auto Parts,Sea,0,25.1,2024-07-01 02:24:00,25.1,New York
SC-71240,2024-09-29,Valencia,Rotterdam,7766,2478,0.6404,Clear,1.1,104.58,Electronics,Sea,0,5.7,2024-10-04 16:48:00,5.7,New York
SC-98454,2024-11-10,Rotterdam,Felixstowe,2587,4760,0.8075,Rain,4.2,139.91,Textiles,Sea,0,11.0,2024-11-21 00:00:00,11.0,Jebel Ali
SC-95076,2024-12-20,Atina,Dubai,3536,9968,0.5415,Rain,3.6,121.44,Auto Parts,Sea,0,23.1,2025-01-12 02:24:00,23.1,Piraeus
SC-87116,2024-12-05,Ningbo,New York,7446,7940,0.5577,Rain,2.3,128.46,Textiles,Sea,0,18.4,2024-12-23 09:36:00,18.4,Piraeus
SC-63459,2024-02-14,Busan,Felixstowe,8484,6452,0.7681,Rain,1.4,139.58,Machinery,Sea,0,14.9,2024-02-28 21:36:00,14.9,Singapore
SC-48402,2024-04-17,Dubai,Valencia,3304,3368,0.7558,Clear,3.4,89.11,Textiles,Sea,0,7.8,2024-04-24 19:12:00,7.8,Piraeus
SC-67727,2024-08-06,Valencia,Busan,5778,4226,0.6358,Fog,2.4,146.32,Auto Parts,Sea,0,9.8,2024-08-15 19:12:00,9.8,Tanger Med
SC-48578,2024-11-13,Los Angeles,Marsilya,14004,5612,0.9136,Fog,2.0,118.32,Chemicals,Sea,0,13.0,2024-11-26 00:00:00,13.0,Ambarli
SC-32318,2024-11-10,Felixstowe,Barcelona,7712,7562,0.5935,Clear,3.9,103.52,Textiles,Sea,0,17.5,2024-11-27 12:00:00,17.5,Ambarli
SC-85715,2024-06-25,Marsilya,Dubai,7873,3059,0.6803,Clear,2.3,103.71,Electronics,Sea,0,7.1,2024-07-02 02:24:00,7.1,Jebel Ali
SC-87787,2024-08-15,Atina,New York,9408,3644,0.7778,Clear,1.5,132.57,Auto Parts,Sea,0,8.4,2024-08-23 09:36:00,8.4,İzmir
SC-95029,2024-07-09,İzmir,Busan,4539,7265,0.9336,Clear,2.9,127.51,Chemicals,Sea,0,16.8,2024-07-25 19:12:00,16.8,Tanger Med
SC-30466,2024-06-08,Hamburg,Barcelona,9874,3811,0.7093,Clear,4.3,131.06,Auto Parts,Sea,0,8.8,2024-06-16 19:12:00,8.8,Dubai
SC-55475,2024-09-23,Felixstowe,Ambarli,7101,4193,0.6993,Clear,4.4,97.71,Textiles,Sea,0,9.7,2024-10-02 16:48:00,9.7,Atina
SC-70142,2024-12-23,Busan,Antwerp,9052,2167,0.7898,Rain,4.4,91.91,Machinery,Sea,0,5.0,2024-12-28 00:00:00,5.0,Atina
SC-95160,2024-11-21,Los Angeles,Singapore,5143,9442,0.6583,Rain,2.7,130.53,Machinery,Sea,0,21.9,2024-12-12 21:36:00,21.9,Ambarli
SC-36564,2024-07-08,Dubai,Dubai,2855,6182,0.8546,Clear,4.2,100.89,Electronics,Sea,0,14.3,2024-07-22 07:12:00,14.3,Barcelona
SC-32412,2024-06-23,Trieste,New York,14347,10345,0.6243,Clear,4.4,95.57,Electronics,Sea,1,31.1,2024-07-24 02:24:00,31.1,Barcelona
SC-61001,2024-10-16,Hamburg,Busan,6583,4544,0.9116,Clear,2.8,95.02,Chemicals,Sea,0,10.5,2024-10-26 12:00:00,10.5,Jebel Ali
SC-67649,2024-12-22,Rotterdam,Dubai,3848,5868,0.6362,Rain,2.3,90.39,Machinery,Sea,0,13.6,2025-01-04 14:24:00,13.6,Ambarli
SC-70957,2024-05-24,Atina,Singapore,14801,10506,0.9964,Clear,3.8,109.88,Textiles,Sea,0,24.3,2024-06-17 07:12:00,24.3,İzmir
SC-45517,2024-08-19,Shanghai,Rotterdam,6481,7950,0.6582,Rain,4.6,98.27,Auto Parts,Sea,0,18.4,2024-09-06 09:36:00,18.4,Piraeus
SC-23156,2024-12-25,Mersin,Marsilya,7888,10914,0.9394,Clear,4.9,142.57,Auto Parts,Sea,0,25.3,2025-01-19 07:12:00,25.3,Dubai
SC-33064,2024-07-22,Felixstowe,Ambarli,6171,4309,0.6987,Clear,2.2,128.24,Machinery,Sea,0,10.0,2024-08-01 00:00:00,10.0,Jebel Ali
SC-35711,2024-07-31,Tokyo,İzmir,6364,8630,0.623,Storm,4.8,132.07,Machinery,Sea,1,26.0,2024-08-26 00:00:00,26.0,Jebel Ali
SC-40106,2024-02-09,Singapore,Atina,13799,8686,0.6131,Clear,3.0,108.25,Auto Parts,Sea,0,20.1,2024-02-29 02:24:00,20.1,Dubai
SC-75458,2024-10-01,Rotterdam,Marsilya,2976,4023,0.9251,Fog,2.2,122.01,Chemicals,Sea,1,12.1,2024-10-13 02:24:00,12.1,Trieste
SC-26589,2024-11-18,Trieste,Rotterdam,8967,2349,0.6544,Clear,5.0,115.06,Auto Parts,Sea,0,5.4,2024-11-23 09:36:00,5.4,Mersin
SC-99272,2024-03-22,Busan,Atina,8217,11015,0.6693,Rain,4.5,91.72,Electronics,Sea,0,25.5,2024-04-16 12:00:00,25.5,Ambarli
SC-96511,2024-06-29,Marsilya,Antwerp,5526,10629,0.5985,Clear,3.8,83.35,Textiles,Sea,0,24.6,2024-07-23 14:24:00,24.6,Singapore
SC-17214,2024-11-15,Dubai,Shanghai,9075,10360,0.9807,Clear,4.6,127.85,Machinery,Sea,0,24.0,2024-12-09 00:00:00,24.0,Barcelona
SC-95731,2024-03-23,Ningbo,Mersin,9783,9953,0.6224,Clear,3.7,88.48,Machinery,Sea,0,23.0,2024-04-15 00:00:00,23.0,New York
SC-37127,2024-10-29,İzmir,Trieste,10746,5301,0.6237,Clear,2.8,84.01,Chemicals,Sea,0,12.3,2024-11-10 07:12:00,12.3,Marsaxlokk
SC-15141,2024-09-18,Mersin,Antwerp,12771,6118,0.9719,Clear,4.8,110.93,Electronics,Sea,0,14.2,2024-10-02 04:48:00,14.2,Dubai
SC-38884,2024-09-28,Trieste,İzmir,9446,8819,0.9504,Rain,4.9,131.66,Auto Parts,Sea,0,20.4,2024-10-18 09:36:00,20.4,Barcelona
SC-12708,2024-07-18,Shanghai,Valencia,9208,4769,0.6245,Fog,2.3,133.82,Electronics,Sea,1,14.4,2024-08-01 09:36:00,14.4,Jebel Ali
SC-28375,2024-08-27,Ambarli,Valencia,8271,6499,0.9324,Clear,2.4,141.14,Electronics,Sea,0,15.0,2024-09-11 00:00:00,15.0,Singapore
SC-25088,2024-06-28,Atina,Ningbo,5832,4180,0.6249,Clear,2.5,93.94,Chemicals,Sea,0,9.7,2024-07-07 16:48:00,9.7,New York
SC-67615,2024-06-19,Atina,Ningbo,4398,5345,0.5422,Fog,4.3,148.99,Chemicals,Sea,1,16.1,2024-07-05 02:24:00,16.1,Jebel Ali
SC-55046,2024-10-21,Marsilya,İzmir,12763,4665,0.9102,Clear,4.2,133.42,Auto Parts,Sea,0,10.8,2024-10-31 19:12:00,10.8,İzmir
SC-20014,2024-06-25,Rotterdam,Marsilya,18256,10423,0.8858,Rain,4.9,91.0,Auto Parts,Sea,0,24.1,2024-07-19 02:24:00,24.1,Piraeus
SC-74425,2024-08-24,Busan,Antwerp,2514,11250,0.6473,Fog,2.9,138.85,Textiles,Sea,0,26.0,2024-09-19 00:00:00,26.0,New York
SC-13273,2024-05-17,Felixstowe,Los Angeles,6220,4542,0.5451,Storm,3.9,114.93,Electronics,Sea,1,13.7,2024-05-30 16:48:00,13.7,Barcelona
SC-57135,2024-11-22,Singapore,New York,15476,11325,0.6032,Clear,4.4,84.66,Auto Parts,Sea,0,26.2,2024-12-18 04:48:00,26.2,Trieste
SC-40881,2024-11-06,Hamburg,Ambarli,4564,7440,0.8855,Rain,1.9,89.24,Chemicals,Sea,0,17.2,2024-11-23 04:48:00,17.2,Atina
SC-88077,2024-05-08,Trieste,Marsilya,7356,10148,0.9824,Clear,3.5,110.37,Textiles,Sea,0,23.5,2024-05-31 12:00:00,23.5,Atina
SC-18712,2024-02-18,Ambarli,New York,8680,9110,0.6295,Clear,3.2,117.14,Textiles,Sea,0,21.1,2024-03-10 02:24:00,21.1,Marsaxlokk
SC-84704,2024-06-12,Barcelona,Valencia,5882,5880,0.9091,Clear,4.0,146.32,Chemicals,Sea,0,13.6,2024-06-25 14:24:00,13.6,İzmir
SC-62874,2024-10-03,Mersin,Ningbo,12264,4737,0.614,Clear,3.8,95.1,Auto Parts,Sea,0,11.0,2024-10-14 00:00:00,11.0,Ambarli
SC-79087,2024-10-19,Shanghai,Marsilya,10959,4431,0.8398,Clear,4.3,113.19,Chemicals,Sea,1,13.3,2024-11-01 07:12:00,13.3,New York
SC-22297,2024-04-25,Los Angeles,Hamburg,4523,3387,0.5418,Rain,2.2,95.81,Auto Parts,Sea,0,7.8,2024-05-02 19:12:00,7.8,Trieste
SC-37128,2024-01-24,Ambarli,Ambarli,12089,11629,0.7926,Clear,1.9,119.09,Chemicals,Sea,0,26.9,2024-02-19 21:36:00,26.9,Ambarli
SC-78368,2024-11-06,Tokyo,İzmir,7237,5365,0.6346,Clear,4.2,143.65,Chemicals,Sea,0,12.4,2024-11-18 09:36:00,12.4,Mersin
SC-97599,2024-01-25,Ambarli,Atina,6302,11921,0.9629,Rain,2.4,119.74,Machinery,Sea,0,27.6,2024-02-21 14:24:00,27.6,Trieste
SC-98499,2024-05-06,Dubai,Valencia,4504,4439,0.6449,Fog,2.2,115.7,Auto Parts,Sea,1,13.4,2024-05-19 09:36:00,13.4,Piraeus
SC-88958,2024-08-21,Antwerp,Antwerp,3250,3316,0.6992,Clear,2.3,132.51,Electronics,Sea,0,7.7,2024-08-28 16:48:00,7.7,Trieste
SC-42920,2024-07-27,Barcelona,Marsilya,13148,7204,0.9203,Rain,1.3,90.33,Machinery,Sea,0,16.7,2024-08-12 16:48:00,16.7,Dubai
SC-21156,2024-04-02,Hamburg,Trieste,7670,7004,0.7191,Fog,4.1,143.39,Machinery,Sea,0,16.2,2024-04-18 04:48:00,16.2,Tanger Med
SC-21108,2024-04-03,Ningbo,Valencia,6650,2684,0.6192,Clear,3.9,120.43,Machinery,Sea,0,6.2,2024-04-09 04:48:00,6.2,Jebel Ali
SC-41845,2024-11-22,Atina,Ambarli,8492,8440,0.7738,Rain,3.2,128.04,Machinery,Sea,1,25.4,2024-12-17 09:36:00,25.4,Dubai
SC-12800,2024-08-12,Tokyo,Marsilya,3146,5087,0.92,Clear,3.9,137.33,Electronics,Sea,0,11.8,2024-08-23 19:12:00,11.8,Piraeus
SC-52712,2024-10-06,Rotterdam,Atina,2565,11867,0.7166,Fog,2.5,124.45,Machinery,Sea,0,27.5,2024-11-02 12:00:00,27.5,Atina
SC-12610,2024-01-11,Trieste,New York,11055,4113,0.5664,Clear,2.2,124.88,Electronics,Sea,0,9.5,2024-01-20 12:00:00,9.5,Marsaxlokk
SC-87603,2024-11-24,Ningbo,Rotterdam,8810,2957,0.6915,Clear,4.4,131.07,Electronics,Sea,0,6.8,2024-11-30 19:12:00,6.8,Singapore
SC-43872,2024-01-12,Dubai,Felixstowe,7286,7778,0.9772,Clear,2.7,83.66,Machinery,Sea,0,18.0,2024-01-30 00:00:00,18.0,Trieste
SC-20728,2024-02-04,Mersin,Singapore,4973,10079,0.536,Clear,1.8,106.75,Textiles,Sea,0,23.3,2024-02-27 07:12:00,23.3,Marsaxlokk
SC-30583,2024-08-15,Marsilya,İzmir,6912,8028,0.7042,Clear,4.0,147.41,Electronics,Sea,0,18.6,2024-09-02 14:24:00,18.6,İzmir
SC-95774,2024-08-07,Shanghai,Tokyo,12736,7700,0.824,Rain,2.3,98.06,Machinery,Sea,1,23.2,2024-08-30 04:48:00,23.2,New York
SC-17263,2024-05-20,Marsilya,Los Angeles,13308,5094,0.5393,Clear,1.8,117.96,Chemicals,Sea,0,11.8,2024-05-31 19:12:00,11.8,Trieste
SC-77450,2024-01-23,Ambarli,Valencia,6237,4807,0.6725,Clear,1.1,92.28,Chemicals,Sea,0,11.1,2024-02-03 02:24:00,11.1,Dubai
SC-99285,2024-03-23,Tokyo,Rotterdam,5348,9582,0.9703,Clear,4.9,102.63,Auto Parts,Sea,0,22.2,2024-04-14 04:48:00,22.2,New York
SC-29456,2024-08-16,Dubai,Barcelona,11363,11012,0.5153,Rain,2.9,130.2,Electronics,Sea,0,25.5,2024-09-10 12:00:00,25.5,İzmir
SC-75942,2024-12-09,Ningbo,Valencia,5403,2887,0.8759,Rain,1.6,125.02,Electronics,Sea,0,6.7,2024-12-15 16:48:00,6.7,New York
SC-23689,2024-03-20,Dubai,Singapore,9832,8015,0.9207,Rain,4.0,109.0,Chemicals,Sea,0,18.6,2024-04-07 14:24:00,18.6,Marsaxlokk
SC-42934,2024-12-18,New York,Ambarli,3676,7424,0.6385,Fog,4.6,145.67,Electronics,Sea,1,22.3,2025-01-09 07:12:00,22.3,Barcelona
SC-43276,2024-10-16,Dubai,Ambarli,9693,5993,0.6074,Clear,3.1,134.25,Electronics,Sea,0,13.9,2024-10-29 21:36:00,13.9,Marsaxlokk
SC-29873,2024-11-26,Dubai,Mersin,7730,5084,0.9574,Rain,1.1,98.75,Chemicals,Sea,1,15.3,2024-12-11 07:12:00,15.3,Ambarli
SC-23050,2024-06-07,İzmir,Valencia,10764,2875,0.882,Clear,2.5,112.58,Machinery,Sea,0,6.7,2024-06-13 16:48:00,6.7,Dubai
SC-76216,2024-05-07,Antwerp,Antwerp,4578,7269,0.5567,Rain,2.0,141.46,Chemicals,Sea,0,16.8,2024-05-23 19:12:00,16.8,Tanger Med
SC-94444,2024-07-08,Trieste,Rotterdam,8974,9508,0.6061,Clear,3.5,81.57,Textiles,Sea,0,22.0,2024-07-30 00:00:00,22.0,Tanger Med
SC-94040,2024-01-31,Los Angeles,Dubai,14132,5996,0.8107,Fog,3.1,120.7,Chemicals,Sea,1,18.0,2024-02-18 00:00:00,18.0,Piraeus
SC-31644,2024-12-24,Valencia,Los Angeles,5054,2556,0.7097,Clear,2.4,96.24,Chemicals,Sea,0,5.9,2024-12-29 21:36:00,5.9,Dubai
SC-72021,2024-01-15,Shanghai,Busan,8407,7293,0.7521,Clear,3.6,84.47,Machinery,Sea,0,16.9,2024-01-31 21:36:00,16.9,Barcelona
SC-47125,2024-11-08,Trieste,Mersin,10330,10900,0.9758,Clear,3.3,143.9,Chemicals,Sea,0,25.2,2024-12-03 04:48:00,25.2,Atina
SC-76899,2024-03-15,Shanghai,Busan,3659,2717,0.7101,Clear,4.6,137.14,Chemicals,Sea,0,6.3,2024-03-21 07:12:00,6.3,Mersin
SC-52291,2024-02-03,Dubai,Ningbo,11731,5665,0.9408,Clear,3.4,92.97,Machinery,Sea,0,13.1,2024-02-16 02:24:00,13.1,Jebel Ali
SC-45060,2024-12-24,Hamburg,Tokyo,9516,8547,0.8304,Clear,3.0,138.59,Chemicals,Sea,0,19.8,2025-01-12 19:12:00,19.8,Atina
SC-11538,2024-07-14,Atina,Mersin,7709,7196,0.5608,Fog,4.3,90.25,Machinery,Sea,0,16.7,2024-07-30 16:48:00,16.7,İzmir
SC-46176,2024-11-26,Singapore,Barcelona,16796,4019,0.8723,Clear,1.8,113.33,Textiles,Sea,1,12.1,2024-12-08 02:24:00,12.1,İzmir
SC-51520,2024-01-29,Ambarli,Singapore,4015,10482,0.7601,Clear,2.0,130.8,Machinery,Sea,0,24.3,2024-02-22 07:12:00,24.3,New York
SC-35675,2024-07-12,Rotterdam,Busan,14281,4183,0.6125,Rain,4.1,117.37,Electronics,Sea,0,9.7,2024-07-21 16:48:00,9.7,İzmir
SC-28287,2024-01-16,Ningbo,Shanghai,4458,5879,0.6448,Clear,2.8,139.55,Electronics,Sea,0,13.6,2024-01-29 14:24:00,13.6,Singapore
SC-10174,2024-03-17,Ambarli,Atina,3135,4936,0.7787,Fog,2.6,123.18,Machinery,Sea,1,14.9,2024-03-31 21:36:00,14.9,Atina
SC-44998,2024-10-19,Tokyo,Ambarli,7881,8691,0.8009,Clear,4.5,110.24,Chemicals,Sea,0,20.1,2024-11-08 02:24:00,20.1,İzmir
SC-63312,2024-03-21,Barcelona,Barcelona,4973,9045,0.9841,Clear,3.4,144.76,Auto Parts,Sea,0,20.9,2024-04-10 21:36:00,20.9,Mersin
SC-22112,2024-05-03,Rotterdam,Dubai,5594,4813,0.9274,Clear,4.2,82.54,Auto Parts,Sea,0,11.1,2024-05-14 02:24:00,11.1,Singapore
SC-85225,2024-01-19,Rotterdam,Dubai,9652,3237,0.6029,Clear,4.2,114.19,Textiles,Sea,0,7.5,2024-01-26 12:00:00,7.5,New York
SC-54814,2024-04-11,Ningbo,Trieste,5624,6841,0.887,Rain,1.5,126.25,Textiles,Sea,0,15.8,2024-04-26 19:12:00,15.8,Marsaxlokk
SC-95091,2024-03-17,Atina,Rotterdam,7499,5043,0.5041,Clear,3.6,138.52,Auto Parts,Sea,1,15.2,2024-04-01 04:48:00,15.2,Tanger Med
SC-60719,2024-08-16,İzmir,Dubai,15821,8472,0.5649,Storm,4.8,117.88,Auto Parts,Sea,1,25.5,2024-09-10 12:00:00,25.5,Atina
SC-43919,2024-10-23,Tokyo,Busan,11263,5087,0.5999,Clear,2.9,141.99,Machinery,Sea,0,11.8,2024-11-03 19:12:00,11.8,Jebel Ali
SC-83155,2024-07-21,Marsilya,Los Angeles,6272,5558,0.7986,Rain,3.9,109.84,Auto Parts,Sea,0,12.9,2024-08-02 21:36:00,12.9,Piraeus
SC-81569,2024-03-01,Shanghai,Rotterdam,7444,7293,0.5973,Storm,3.3,102.2,Electronics,Sea,0,16.9,2024-03-17 21:36:00,16.9,Tanger Med
SC-51328,2024-01-26,Valencia,Tokyo,9027,10890,0.6826,Clear,1.8,148.17,Textiles,Sea,0,25.2,2024-02-20 04:48:00,25.2,Atina
SC-80482,2024-03-11,Felixstowe,Tokyo,6914,4853,0.6214,Rain,1.8,126.7,Textiles,Sea,0,11.2,2024-03-22 04:48:00,11.2,Tanger Med
SC-34618,2024-04-12,İzmir,Atina,7924,3845,0.6687,Clear,2.7,109.8,Electronics,Sea,0,8.9,2024-04-20 21:36:00,8.9,Singapore
SC-44675,2024-11-21,Atina,New York,9759,8362,0.9712,Clear,2.9,141.47,Textiles,Sea,0,19.4,2024-12-10 09:36:00,19.4,Barcelona
SC-28919,2024-12-28,Trieste,Tokyo,2693,8656,0.9987,Rain,3.0,127.82,Auto Parts,Sea,0,20.0,2025-01-17 00:00:00,20.0,Singapore
SC-14173,2024-06-05,Shanghai,Ningbo,2999,9566,0.8429,Clear,4.8,124.66,Textiles,Sea,0,22.1,2024-06-27 02:24:00,22.1,Ambarli
SC-36400,2024-12-28,Busan,Busan,6443,5182,0.7862,Clear,1.4,131.0,Electronics,Sea,1,15.6,2025-01-12 14:24:00,15.6,Singapore
SC-60445,2024-12-24,Rotterdam,Tokyo,9721,2463,0.8542,Clear,2.5,131.68,Textiles,Sea,0,5.7,2024-12-29 16:48:00,5.7,Mersin
SC-80305,2024-07-12,Hamburg,Barcelona,5384,5860,0.8858,Fog,3.1,114.51,Auto Parts,Sea,1,17.6,2024-07-29 14:24:00,17.6,Atina
SC-47564,2024-10-01,Atina,Ambarli,2524,7760,0.8695,Fog,4.9,109.35,Machinery,Sea,1,23.4,2024-10-24 09:36:00,23.4,Piraeus
SC-55814,2024-11-19,New York,Rotterdam,9915,9260,0.5409,Rain,3.0,143.65,Auto Parts,Sea,0,21.4,2024-12-10 09:36:00,21.4,Dubai
SC-89747,2024-07-04,Dubai,Ningbo,3423,2450,0.6551,Clear,4.1,114.81,Textiles,Sea,0,5.7,2024-07-09 16:48:00,5.7,New York
SC-98791,2024-11-21,Hamburg,Marsilya,6287,3915,0.6717,Rain,4.0,95.11,Chemicals,Sea,0,9.1,2024-11-30 02:24:00,9.1,Piraeus
SC-37962,2024-04-22,Dubai,Dubai,8397,11115,0.6846,Fog,3.3,116.51,Textiles,Sea,1,33.4,2024-05-25 09:36:00,33.4,Marsaxlokk
SC-94892,2024-11-08,Trieste,İzmir,9761,5622,0.6722,Clear,1.5,82.41,Textiles,Sea,0,13.0,2024-11-21 00:00:00,13.0,Marsaxlokk
SC-95842,2024-06-13,Ambarli,Singapore,8837,9076,0.8935,Clear,1.9,130.63,Electronics,Sea,0,21.0,2024-07-04 00:00:00,21.0,Jebel Ali
SC-80533,2024-03-01,Dubai,Felixstowe,4983,2315,0.8738,Rain,2.0,88.89,Chemicals,Sea,0,5.4,2024-03-06 09:36:00,5.4,Trieste
SC-66184,2024-04-01,Marsilya,Singapore,4131,6766,0.5023,Fog,1.2,87.82,Electronics,Sea,0,15.7,2024-04-16 16:48:00,15.7,Atina
SC-92912,2024-10-12,Singapore,Los Angeles,13577,6793,0.6482,Clear,2.5,146.24,Electronics,Sea,0,15.7,2024-10-27 16:48:00,15.7,Dubai
SC-20578,2024-06-01,Antwerp,Ambarli,7512,3376,0.8118,Storm,3.4,134.08,Auto Parts,Sea,1,10.2,2024-06-11 04:48:00,10.2,Atina
SC-28624,2024-08-12,İzmir,Valencia,4884,4815,0.5601,Clear,1.6,109.0,Machinery,Sea,0,11.1,2024-08-23 02:24:00,11.1,Atina
SC-49194,2024-05-06,Hamburg,Los Angeles,4624,3262,0.5356,Storm,1.7,96.77,Textiles,Sea,0,7.6,2024-05-13 14:24:00,7.6,Atina
SC-10389,2024-07-11,Los Angeles,Busan,4274,11319,0.9142,Clear,3.8,139.04,Chemicals,Sea,0,26.2,2024-08-06 04:48:00,26.2,Singapore
SC-77391,2024-04-24,Felixstowe,Mersin,6079,4925,0.7263,Clear,1.7,147.8,Textiles,Sea,0,11.4,2024-05-05 09:36:00,11.4,Barcelona
SC-23794,2024-09-18,Dubai,Hamburg,17627,11244,0.9278,Clear,1.5,115.58,Electronics,Sea,0,26.0,2024-10-14 00:00:00,26.0,Barcelona
SC-68002,2024-01-18,Singapore,Barcelona,3932,5468,0.9118,Fog,4.9,120.61,Machinery,Sea,0,12.7,2024-01-30 16:48:00,12.7,Trieste
SC-45531,2024-01-10,Hamburg,Dubai,3670,6021,0.9467,Clear,1.1,97.01,Electronics,Sea,0,13.9,2024-01-23 21:36:00,13.9,New York
SC-62815,2024-04-01,Dubai,Antwerp,6968,6409,0.5241,Rain,2.3,121.25,Textiles,Sea,0,14.8,2024-04-15 19:12:00,14.8,New York
SC-14986,2024-05-18,New York,Ningbo,8110,2547,0.5931,Clear,1.1,108.04,Auto Parts,Sea,0,5.9,2024-05-23 21:36:00,5.9,Piraeus
SC-42298,2024-11-28,Ningbo,Shanghai,8237,6891,0.6481,Rain,4.4,139.19,Textiles,Sea,0,16.0,2024-12-14 00:00:00,16.0,New York
SC-11481,2024-12-22,Mersin,Dubai,3951,5523,0.5681,Clear,3.3,106.4,Electronics,Sea,0,12.8,2025-01-03 19:12:00,12.8,Dubai
SC-66408,2024-12-05,Barcelona,Singapore,3158,9042,0.7427,Clear,1.2,125.41,Chemicals,Sea,0,20.9,2024-12-25 21:36:00,20.9,Singapore
SC-79267,2024-02-21,Ambarli,Barcelona,3093,11721,0.8995,Clear,3.5,94.24,Chemicals,Sea,0,27.1,2024-03-19 02:24:00,27.1,Singapore
SC-26835,2024-07-13,Trieste,Ambarli,3178,7605,0.9756,Clear,1.5,86.35,Chemicals,Sea,0,17.6,2024-07-30 14:24:00,17.6,Singapore
SC-37798,2024-07-24,Ambarli,Atina,2673,2106,0.9448,Rain,3.0,82.82,Chemicals,Sea,0,4.9,2024-07-28 21:36:00,4.9,Tanger Med
SC-74887,2024-10-13,Ambarli,Trieste,5805,11048,0.7287,Clear,3.7,109.1,Chemicals,Sea,0,25.6,2024-11-07 14:24:00,25.6,Dubai
SC-29477,2024-04-02,Mersin,Antwerp,12968,4984,0.8182,Clear,1.6,91.45,Machinery,Sea,0,11.5,2024-04-13 12:00:00,11.5,Tanger Med
SC-27266,2024-11-04,Ningbo,Singapore,2637,7468,0.6153,Clear,3.0,149.54,Machinery,Sea,0,17.3,2024-11-21 07:12:00,17.3,Piraeus
SC-96328,2024-05-24,İzmir,Hamburg,2964,7852,0.7015,Clear,2.8,135.89,Auto Parts,Sea,0,18.2,2024-06-11 04:48:00,18.2,Ambarli
SC-95988,2024-03-26,Marsilya,Trieste,4395,3250,0.9356,Clear,4.7,128.54,Chemicals,Sea,0,7.5,2024-04-02 12:00:00,7.5,New York
SC-53526,2024-06-01,Valencia,Felixstowe,3814,8739,0.5146,Clear,5.0,136.23,Electronics,Sea,0,20.2,2024-06-21 04:48:00,20.2,New York
SC-21889,2024-01-02,İzmir,Dubai,8526,8132,0.7664,Clear,3.6,98.39,Electronics,Sea,0,18.8,2024-01-20 19:12:00,18.8,Jebel Ali
SC-34335,2024-12-07,Marsilya,Hamburg,8017,3611,0.9364,Clear,4.4,141.55,Textiles,Sea,0,8.4,2024-12-15 09:36:00,8.4,Ambarli
SC-21254,2024-09-16,Busan,Marsilya,7553,9928,0.561,Clear,3.6,149.69,Chemicals,Sea,0,23.0,2024-10-09 00:00:00,23.0,Ambarli
SC-96610,2024-06-12,Dubai,New York,7038,3790,0.9913,Clear,4.5,100.29,Electronics,Sea,0,8.8,2024-06-20 19:12:00,8.8,Atina
SC-21442,2024-01-06,Dubai,Felixstowe,5697,9217,0.5062,Clear,2.7,148.93,Auto Parts,Sea,0,21.3,2024-01-27 07:12:00,21.3,Dubai
SC-56289,2024-05-28,Busan,İzmir,3020,2867,0.9431,Rain,3.4,102.43,Electronics,Sea,1,8.6,2024-06-05 14:24:00,8.6,Atina
SC-63747,2024-07-23,Ambarli,Valencia,8355,4769,0.6768,Fog,4.4,80.82,Auto Parts,Sea,0,11.0,2024-08-03 00:00:00,11.0,Dubai
SC-47327,2024-04-27,Marsilya,Busan,12946,2327,0.5663,Clear,4.7,105.7,Chemicals,Sea,0,5.4,2024-05-02 09:36:00,5.4,Mersin
SC-26199,2024-03-29,Shanghai,New York,9017,5816,0.5787,Clear,1.1,149.83,Textiles,Sea,0,13.5,2024-04-11 12:00:00,13.5,Jebel Ali
SC-82827,2024-06-02,Trieste,Marsilya,7973,5148,0.8506,Clear,1.4,124.46,Textiles,Sea,0,11.9,2024-06-13 21:36:00,11.9,Tanger Med
SC-10112,2024-06-15,Marsilya,Shanghai,7062,8776,0.9354,Rain,4.7,128.68,Machinery,Sea,1,26.4,2024-07-11 09:36:00,26.4,Barcelona
SC-97051,2024-06-09,İzmir,Ningbo,7185,4555,0.8205,Clear,3.3,96.68,Chemicals,Sea,0,10.5,2024-06-19 12:00:00,10.5,Atina
SC-29581,2024-09-26,New York,Antwerp,5045,11322,0.9644,Rain,5.0,90.21,Electronics,Sea,0,26.2,2024-10-22 04:48:00,26.2,Piraeus
SC-69722,2024-02-25,New York,Dubai,14051,6336,0.9212,Clear,4.2,141.99,Textiles,Sea,0,14.7,2024-03-10 16:48:00,14.7,Atina
SC-26523,2024-08-15,Valencia,Shanghai,3364,4482,0.5045,Rain,4.3,108.94,Auto Parts,Sea,0,10.4,2024-08-25 09:36:00,10.4,Piraeus
SC-76960,2024-12-02,İzmir,Dubai,3315,5099,0.8347,Clear,2.5,80.29,Auto Parts,Sea,0,11.8,2024-12-13 19:12:00,11.8,New York
SC-29552,2024-05-28,Hamburg,Felixstowe,11046,11748,0.6523,Clear,2.0,100.6,Electronics,Sea,0,27.2,2024-06-24 04:48:00,27.2,Jebel Ali
SC-20808,2024-02-15,Los Angeles,İzmir,5718,7786,0.7273,Clear,3.4,93.7,Electronics,Sea,0,18.0,2024-03-04 00:00:00,18.0,Mersin
SC-82525,2024-05-23,Shanghai,Los Angeles,17372,8732,0.547,Clear,4.5,122.26,Chemicals,Sea,0,20.2,2024-06-12 04:48:00,20.2,Atina
SC-33620,2024-08-25,Felixstowe,Ningbo,3527,9985,0.641,Rain,3.9,132.93,Electronics,Sea,0,23.1,2024-09-17 02:24:00,23.1,Jebel Ali
SC-10887,2024-09-28,Atina,Singapore,3064,8054,0.8163,Fog,2.9,114.82,Electronics,Sea,0,18.6,2024-10-16 14:24:00,18.6,Barcelona
SC-41802,2024-04-29,Marsilya,Marsilya,6147,2568,0.6092,Clear,4.0,93.01,Electronics,Sea,1,7.7,2024-05-06 16:48:00,7.7,İzmir
SC-95024,2024-12-05,Mersin,Shanghai,7308,3654,0.8238,Clear,3.8,84.06,Textiles,Sea,0,8.5,2024-12-13 12:00:00,8.5,Atina
SC-91938,2024-08-07,Trieste,İzmir,7863,9132,0.9615,Fog,4.7,101.95,Chemicals,Sea,0,21.1,2024-08-28 02:24:00,21.1,Marsaxlokk
SC-96741,2024-01-08,Dubai,Trieste,8993,5733,0.5025,Clear,2.1,136.42,Electronics,Sea,0,13.3,2024-01-21 07:12:00,13.3,Singapore
SC-36049,2024-12-09,Barcelona,Ambarli,2584,5229,0.8929,Clear,1.5,109.37,Electronics,Sea,0,12.1,2024-12-21 02:24:00,12.1,Marsaxlokk
SC-87789,2024-10-01,Felixstowe,Shanghai,12002,8811,0.8207,Clear,2.9,97.66,Auto Parts,Sea,0,20.4,2024-10-21 09:36:00,20.4,Dubai
SC-94526,2024-12-18,Ambarli,Hamburg,5484,10342,0.5233,Clear,2.4,81.45,Textiles,Sea,1,31.1,2025-01-18 02:24:00,31.1,Mersin
SC-17846,2024-03-06,Felixstowe,New York,3379,3795,0.8951,Fog,4.9,114.72,Electronics,Sea,0,8.8,2024-03-14 19:12:00,8.8,Ambarli
SC-56220,2024-03-19,Mersin,Valencia,8308,8539,0.6123,Clear,1.0,127.94,Textiles,Sea,0,19.8,2024-04-07 19:12:00,19.8,Mersin
SC-56163,2024-03-26,New York,Rotterdam,5211,10540,0.6329,Clear,4.7,93.32,Chemicals,Sea,0,24.4,2024-04-19 09:36:00,24.4,Piraeus
SC-13765,2024-05-03,Hamburg,Rotterdam,9009,8214,0.5468,Clear,4.8,117.6,Chemicals,Sea,0,19.0,2024-05-22 00:00:00,19.0,Dubai
SC-91486,2024-07-20,Ambarli,Felixstowe,8807,10588,0.7672,Clear,1.2,109.45,Machinery,Sea,0,24.5,2024-08-13 12:00:00,24.5,İzmir
SC-55270,2024-05-29,Atina,Felixstowe,4127,8145,0.7491,Fog,4.6,129.28,Auto Parts,Sea,0,18.9,2024-06-16 21:36:00,18.9,İzmir
SC-85277,2024-02-15,Hamburg,Barcelona,7718,4609,0.6736,Clear,2.9,140.24,Machinery,Sea,1,13.9,2024-02-28 21:36:00,13.9,Ambarli
SC-98278,2024-04-22,Ningbo,Mersin,6082,11350,0.5844,Clear,4.1,101.49,Textiles,Sea,0,26.3,2024-05-18 07:12:00,26.3,Dubai
SC-32931,2024-03-31,Antwerp,Los Angeles,13399,10337,0.919,Storm,1.3,143.33,Auto Parts,Sea,0,23.9,2024-04-23 21:36:00,23.9,Dubai
SC-99116,2024-05-20,İzmir,Rotterdam,5372,4226,0.9382,Clear,4.8,129.49,Electronics,Sea,0,9.8,2024-05-29 19:12:00,9.8,Singapore
SC-65633,2024-10-15,Dubai,Valencia,12421,10455,0.7703,Clear,3.4,82.6,Auto Parts,Sea,0,24.2,2024-11-08 04:48:00,24.2,Marsaxlokk
SC-90702,2024-08-05,Valencia,Singapore,7434,7930,0.6221,Clear,4.6,135.39,Auto Parts,Sea,0,18.4,2024-08-23 09:36:00,18.4,Mersin
SC-61913,2024-03-17,New York,Felixstowe,3397,8842,0.5481,Clear,3.7,114.62,Chemicals,Sea,0,20.5,2024-04-06 12:00:00,20.5,Marsaxlokk
SC-35991,2024-11-29,Busan,Los Angeles,8707,5080,0.9343,Clear,3.1,146.18,Machinery,Sea,0,11.8,2024-12-10 19:12:00,11.8,Barcelona
SC-64845,2024-05-31,New York,Los Angeles,4555,2987,0.548,Clear,1.7,102.65,Chemicals,Sea,0,6.9,2024-06-06 21:36:00,6.9,Singapore
SC-65312,2024-11-18,Dubai,Antwerp,9504,11539,0.5066,Clear,1.7,121.38,Chemicals,Sea,0,26.7,2024-12-14 16:48:00,26.7,Atina
SC-20561,2024-08-26,Valencia,Antwerp,10738,3360,0.7347,Rain,2.9,146.93,Machinery,Sea,0,7.8,2024-09-02 19:12:00,7.8,Jebel Ali
SC-26901,2024-04-24,Antwerp,Los Angeles,12963,9050,0.8656,Clear,4.5,98.98,Chemicals,Sea,0,20.9,2024-05-14 21:36:00,20.9,Barcelona
SC-72875,2024-11-14,Shanghai,Barcelona,6797,9546,0.7288,Rain,1.5,113.04,Auto Parts,Sea,0,22.1,2024-12-06 02:24:00,22.1,Marsaxlokk
SC-35917,2024-04-03,Atina,Trieste,4315,3726,0.5257,Clear,5.0,132.67,Textiles,Sea,0,8.6,2024-04-11 14:24:00,8.6,Dubai
SC-72120,2024-02-17,New York,Singapore,15225,2907,0.845,Fog,4.5,128.38,Electronics,Sea,0,6.7,2024-02-23 16:48:00,6.7,Mersin
SC-11988,2024-07-09,Busan,Hamburg,8304,11375,0.8212,Rain,2.6,138.71,Electronics,Sea,0,26.3,2024-08-04 07:12:00,26.3,Ambarli
SC-24256,2024-01-12,Singapore,Hamburg,11073,4824,0.8408,Clear,2.0,116.39,Chemicals,Sea,0,11.2,2024-01-23 04:48:00,11.2,Ambarli
SC-97728,2024-06-04,Rotterdam,İzmir,10831,11450,0.6056,Fog,4.7,102.32,Machinery,Sea,0,26.5,2024-06-30 12:00:00,26.5,Mersin
SC-38230,2024-06-20,Hamburg,Felixstowe,9393,10025,0.8978,Clear,1.5,117.46,Auto Parts,Sea,0,23.2,2024-07-13 04:48:00,23.2,Singapore
SC-69778,2024-10-22,Busan,New York,17625,10390,0.7396,Rain,2.4,104.5,Chemicals,Sea,0,24.1,2024-11-15 02:24:00,24.1,Barcelona
SC-55833,2024-06-25,Hamburg,İzmir,8817,11248,0.7682,Rain,1.3,92.35,Auto Parts,Sea,0,26.0,2024-07-21 00:00:00,26.0,New York
SC-32625,2024-12-06,Hamburg,Felixstowe,4752,4455,0.7729,Clear,4.8,118.85,Auto Parts,Sea,0,10.3,2024-12-16 07:12:00,10.3,Tanger Med
SC-42088,2024-02-26,Antwerp,Busan,8738,7208,0.6434,Clear,3.5,83.39,Electronics,Sea,0,16.7,2024-03-13 16:48:00,16.7,New York
SC-89650,2024-12-08,Los Angeles,İzmir,3289,9774,0.6251,Clear,2.3,82.56,Textiles,Sea,0,22.6,2024-12-30 14:24:00,22.6,New York
SC-51167,2024-12-05,Barcelona,Valencia,13165,5365,0.5024,Clear,2.1,84.52,Textiles,Sea,0,12.4,2024-12-17 09:36:00,12.4,Piraeus
SC-81291,2024-07-21,Los Angeles,Atina,15201,11452,0.6983,Clear,2.8,127.08,Machinery,Sea,0,26.5,2024-08-16 12:00:00,26.5,Tanger Med
SC-75303,2024-07-03,Singapore,Shanghai,3961,7279,0.7426,Clear,1.4,108.49,Textiles,Sea,0,16.8,2024-07-19 19:12:00,16.8,Ambarli
SC-86361,2024-04-30,Busan,İzmir,6297,7951,0.8714,Clear,4.6,114.59,Chemicals,Sea,0,18.4,2024-05-18 09:36:00,18.4,Jebel Ali
SC-98229,2024-08-13,Shanghai,Hamburg,7467,11505,0.5333,Clear,3.0,104.04,Electronics,Sea,0,26.6,2024-09-08 14:24:00,26.6,Mersin
SC-14117,2024-07-20,Shanghai,Ningbo,13758,8697,0.962,Clear,3.9,97.75,Electronics,Sea,0,20.1,2024-08-09 02:24:00,20.1,Dubai
SC-70710,2024-11-25,New York,Shanghai,7907,10769,0.632,Clear,1.9,105.08,Auto Parts,Sea,0,24.9,2024-12-19 21:36:00,24.9,Marsaxlokk
SC-77054,2024-12-28,Hamburg,Dubai,5801,8676,0.6834,Clear,3.0,93.54,Chemicals,Sea,0,20.1,2025-01-17 02:24:00,20.1,Mersin
SC-40949,2024-12-21,Tokyo,Rotterdam,4990,3020,0.5242,Rain,1.8,127.51,Chemicals,Sea,0,7.0,2024-12-28 00:00:00,7.0,Singapore
SC-32547,2024-08-03,New York,Atina,7787,5844,0.8266,Fog,4.3,87.12,Auto Parts,Sea,0,13.5,2024-08-16 12:00:00,13.5,Dubai
SC-91882,2024-02-12,Antwerp,Ningbo,6802,5573,0.8545,Clear,4.1,116.18,Auto Parts,Sea,0,12.9,2024-02-24 21:36:00,12.9,Jebel Ali
SC-78136,2024-01-23,Hamburg,Ningbo,6863,7442,0.9644,Rain,1.6,113.38,Electronics,Sea,1,22.4,2024-02-14 09:36:00,22.4,İzmir
SC-74619,2024-06-03,Valencia,Atina,7173,9914,0.6684,Fog,1.3,101.13,Chemicals,Sea,1,29.8,2024-07-02 19:12:00,29.8,New York
SC-71842,2024-07-04,Marsilya,Felixstowe,2778,8058,0.6287,Storm,4.3,87.16,Textiles,Sea,0,18.7,2024-07-22 16:48:00,18.7,İzmir
SC-36990,2024-09-05,Shanghai,Marsilya,4950,9951,0.863,Clear,1.4,129.24,Textiles,Sea,0,23.0,2024-09-28 00:00:00,23.0,Tanger Med
SC-26193,2024-08-24,Hamburg,Atina,6447,10802,0.8534,Clear,3.2,119.87,Electronics,Sea,0,25.0,2024-09-18 00:00:00,25.0,Dubai
SC-40109,2024-10-19,Ningbo,Ningbo,8747,10520,0.9686,Clear,3.1,136.66,Textiles,Sea,0,24.4,2024-11-12 09:36:00,24.4,Singapore
SC-29233,2024-05-13,Felixstowe,Rotterdam,6473,2546,0.6027,Clear,1.8,96.49,Textiles,Sea,0,5.9,2024-05-18 21:36:00,5.9,New York
SC-91730,2024-11-16,Ambarli,Ningbo,9352,10530,0.8526,Clear,3.4,135.41,Chemicals,Sea,1,31.7,2024-12-17 16:48:00,31.7,Tanger Med
SC-44510,2024-01-22,Singapore,Trieste,11075,5181,0.5334,Clear,3.0,100.44,Chemicals,Sea,0,12.0,2024-02-03 00:00:00,12.0,Piraeus
SC-11306,2024-12-26,Dubai,Marsilya,9874,10998,0.7402,Clear,3.0,87.88,Machinery,Sea,0,25.5,2025-01-20 12:00:00,25.5,Singapore
SC-13849,2024-03-28,Felixstowe,Ningbo,9038,11225,0.5597,Clear,2.4,89.44,Chemicals,Sea,0,26.0,2024-04-23 00:00:00,26.0,Mersin
SC-22360,2024-06-01,Singapore,Los Angeles,5661,5987,0.8266,Clear,4.4,95.47,Machinery,Sea,0,13.9,2024-06-14 21:36:00,13.9,Tanger Med
SC-55800,2024-05-04,New York,Tokyo,6948,5333,0.8007,Storm,1.3,127.77,Chemicals,Sea,1,16.0,2024-05-20 00:00:00,16.0,Barcelona
SC-46963,2024-03-19,Dubai,Dubai,8627,4740,0.5244,Hurricane,2.8,97.08,Auto Parts,Sea,1,14.3,2024-04-02 07:12:00,14.3,New York
SC-64330,2024-12-11,Antwerp,Trieste,9622,6901,0.6598,Rain,2.0,122.27,Chemicals,Sea,0,16.0,2024-12-27 00:00:00,16.0,Mersin
SC-61707,2024-02-20,Barcelona,Ningbo,12252,11888,0.6975,Clear,4.4,97.96,Machinery,Sea,0,27.5,2024-03-18 12:00:00,27.5,Trieste
SC-28689,2024-08-03,Ambarli,Los Angeles,7924,7708,0.624,Fog,1.9,105.57,Textiles,Sea,1,23.2,2024-08-26 04:48:00,23.2,İzmir
SC-39084,2024-06-24,Dubai,Busan,5160,4082,0.5193,Clear,4.1,142.28,Chemicals,Sea,0,9.4,2024-07-03 09:36:00,9.4,Barcelona
SC-50387,2024-12-23,İzmir,Los Angeles,4512,6652,0.6594,Rain,3.4,115.03,Textiles,Sea,0,15.4,2025-01-07 09:36:00,15.4,Atina
SC-84816,2024-09-09,Singapore,Trieste,13959,11877,0.8963,Clear,4.5,122.02,Textiles,Sea,0,27.5,2024-10-06 12:00:00,27.5,Jebel Ali
SC-12642,2024-09-02,Tokyo,Ningbo,4710,6586,0.6801,Clear,3.4,93.25,Chemicals,Sea,0,15.2,2024-09-17 04:48:00,15.2,Dubai
SC-52137,2024-08-14,Valencia,Ambarli,5530,11795,0.6617,Rain,3.2,89.21,Chemicals,Sea,1,35.5,2024-09-18 12:00:00,35.5,Atina
SC-89832,2024-04-15,Ningbo,Shanghai,13508,2260,0.9709,Rain,4.2,108.92,Auto Parts,Sea,0,5.2,2024-04-20 04:48:00,5.2,Dubai
SC-65561,2024-07-11,Dubai,Marsilya,7416,5796,0.5208,Rain,3.2,139.88,Machinery,Sea,0,13.4,2024-07-24 09:36:00,13.4,Marsaxlokk
SC-72260,2024-11-11,Marsilya,Valencia,3740,7982,0.8836,Fog,4.4,96.86,Chemicals,Sea,1,24.0,2024-12-05 00:00:00,24.0,Singapore
SC-25438,2024-10-28,Felixstowe,Hamburg,9161,2500,0.7415,Clear,1.2,123.52,Textiles,Sea,0,5.8,2024-11-02 19:12:00,5.8,Singapore
SC-58442,2024-02-05,Singapore,Valencia,8241,3015,0.9722,Clear,3.0,141.05,Textiles,Sea,0,7.0,2024-02-12 00:00:00,7.0,Mersin
SC-12994,2024-07-22,Valencia,Dubai,6233,10105,0.6967,Clear,4.3,145.41,Chemicals,Sea,0,23.4,2024-08-14 09:36:00,23.4,İzmir
SC-11813,2024-09-23,Marsilya,Felixstowe,9820,9664,0.854,Clear,4.4,149.57,Machinery,Sea,0,22.4,2024-10-15 09:36:00,22.4,Dubai
SC-94381,2024-09-24,Marsilya,İzmir,4053,5963,0.535,Rain,4.3,133.41,Textiles,Sea,0,13.8,2024-10-07 19:12:00,13.8,Atina
SC-65276,2024-06-18,Marsilya,Ningbo,7088,7318,0.9644,Rain,3.4,85.25,Auto Parts,Sea,0,16.9,2024-07-04 21:36:00,16.9,Trieste
SC-51243,2024-02-08,Ambarli,Atina,6121,4706,0.6723,Clear,5.0,141.0,Textiles,Sea,0,10.9,2024-02-18 21:36:00,10.9,Singapore
SC-72912,2024-05-18,Rotterdam,Dubai,7280,8135,0.762,Clear,1.7,141.99,Machinery,Sea,1,24.5,2024-06-11 12:00:00,24.5,Dubai
SC-70272,2024-10-18,Los Angeles,Rotterdam,2773,7781,0.5692,Clear,1.7,119.01,Electronics,Sea,0,18.0,2024-11-05 00:00:00,18.0,Dubai
SC-52051,2024-02-21,Ningbo,Hamburg,7666,4099,0.9728,Fog,1.1,84.72,Auto Parts,Sea,0,9.5,2024-03-01 12:00:00,9.5,Dubai
SC-88854,2024-10-13,Marsilya,Singapore,9240,8386,0.8365,Clear,5.0,113.37,Auto Parts,Sea,0,19.4,2024-11-01 09:36:00,19.4,Dubai
SC-92736,2024-10-15,Mersin,Dubai,5897,7338,0.527,Clear,2.4,94.75,Electronics,Sea,1,22.1,2024-11-06 02:24:00,22.1,Mersin
SC-75618,2024-05-20,Marsilya,Mersin,13272,4565,0.5776,Clear,4.0,110.95,Auto Parts,Sea,0,10.6,2024-05-30 14:24:00,10.6,New York
SC-11920,2024-05-25,Busan,Tokyo,2647,10300,0.6999,Clear,1.2,130.69,Auto Parts,Sea,0,23.8,2024-06-17 19:12:00,23.8,Barcelona
SC-87219,2024-11-09,Ambarli,Felixstowe,7929,7016,0.6084,Rain,2.2,126.73,Auto Parts,Sea,0,16.2,2024-11-25 04:48:00,16.2,Dubai
SC-86872,2024-07-02,Atina,Shanghai,2559,10257,0.6523,Fog,3.5,134.6,Textiles,Sea,0,23.7,2024-07-25 16:48:00,23.7,Piraeus
SC-91132,2024-05-31,Dubai,Barcelona,7493,5081,0.9987,Clear,3.1,113.36,Textiles,Sea,0,11.8,2024-06-11 19:12:00,11.8,Singapore
SC-12093,2024-07-19,Tokyo,İzmir,11098,6297,0.8293,Clear,1.8,115.76,Chemicals,Sea,0,14.6,2024-08-02 14:24:00,14.6,Ambarli
SC-22905,2024-05-07,Barcelona,Marsilya,11576,7913,0.9611,Fog,2.8,145.5,Chemicals,Sea,0,18.3,2024-05-25 07:12:00,18.3,Ambarli
SC-34351,2024-10-13,Ningbo,Mersin,16168,4948,0.7179,Rain,1.4,124.18,Textiles,Sea,0,11.5,2024-10-24 12:00:00,11.5,New York
SC-40981,2024-11-06,Busan,Mersin,7864,10405,0.8551,Clear,3.2,132.33,Auto Parts,Sea,0,24.1,2024-11-30 02:24:00,24.1,Tanger Med
SC-83903,2024-09-09,Shanghai,Felixstowe,6426,8211,0.7298,Clear,1.4,126.52,Machinery,Sea,0,19.0,2024-09-28 00:00:00,19.0,Jebel Ali
SC-80821,2024-09-22,Hamburg,New York,7395,3040,0.6641,Storm,3.5,124.83,Electronics,Sea,1,9.1,2024-10-01 02:24:00,9.1,Tanger Med
SC-92289,2024-07-06,Ambarli,Mersin,3442,9988,0.7596,Clear,1.6,143.95,Chemicals,Sea,0,23.1,2024-07-29 02:24:00,23.1,Trieste
SC-94021,2024-08-17,Barcelona,Felixstowe,4755,9473,0.7137,Fog,3.2,104.95,Auto Parts,Sea,0,21.9,2024-09-07 21:36:00,21.9,İzmir
SC-88513,2024-09-27,İzmir,Singapore,7342,9559,0.9903,Clear,1.5,109.94,Chemicals,Sea,0,22.1,2024-10-19 02:24:00,22.1,Dubai
SC-29874,2024-09-15,Dubai,Tokyo,2815,2987,0.7481,Clear,2.6,106.58,Machinery,Sea,0,6.9,2024-09-21 21:36:00,6.9,Tanger Med
SC-60931,2024-10-25,Dubai,Los Angeles,8124,5195,0.9056,Clear,2.4,133.56,Auto Parts,Sea,0,12.0,2024-11-06 00:00:00,12.0,Dubai
SC-17674,2024-07-16,Mersin,Mersin,9450,7099,0.8334,Rain,4.0,140.79,Textiles,Sea,0,16.4,2024-08-01 09:36:00,16.4,New York
SC-60516,2024-11-18,Dubai,Los Angeles,12492,2503,0.7398,Storm,3.6,105.03,Machinery,Sea,0,5.8,2024-11-23 19:12:00,5.8,Piraeus
SC-70686,2024-02-25,Mersin,Felixstowe,2882,7344,0.7371,Clear,4.7,89.96,Chemicals,Sea,0,17.0,2024-03-13 00:00:00,17.0,Singapore
SC-79212,2024-11-14,Busan,Shanghai,8855,10947,0.6709,Clear,4.7,114.59,Auto Parts,Sea,0,25.3,2024-12-09 07:12:00,25.3,İzmir
SC-12426,2024-07-21,Felixstowe,New York,7672,11533,0.5535,Clear,3.9,148.9,Auto Parts,Sea,0,26.7,2024-08-16 16:48:00,26.7,Jebel Ali
SC-78498,2024-09-27,Ningbo,Shanghai,7278,10148,0.8807,Rain,4.1,94.26,Electronics,Sea,0,23.5,2024-10-20 12:00:00,23.5,Piraeus
SC-39943,2024-04-18,Felixstowe,New York,8697,8010,0.959,Rain,3.5,111.64,Electronics,Sea,1,24.1,2024-05-12 02:24:00,24.1,Marsaxlokk
SC-76395,2024-04-25,Los Angeles,Dubai,10963,3381,0.609,Fog,3.8,99.0,Electronics,Sea,1,10.2,2024-05-05 04:48:00,10.2,Marsaxlokk
SC-54816,2024-04-01,Atina,Ambarli,3959,7602,0.9628,Clear,3.5,144.59,Textiles,Sea,0,17.6,2024-04-18 14:24:00,17.6,Piraeus
SC-14138,2024-05-17,Trieste,Felixstowe,9855,9012,0.6162,Clear,2.2,118.56,Auto Parts,Sea,0,20.9,2024-06-06 21:36:00,20.9,Tanger Med
SC-85945,2024-10-29,Trieste,Antwerp,17535,5726,0.765,Clear,2.4,120.51,Auto Parts,Sea,0,13.3,2024-11-11 07:12:00,13.3,Piraeus
SC-14017,2024-02-26,Shanghai,Ambarli,3503,3887,0.6718,Clear,3.3,80.58,Chemicals,Sea,0,9.0,2024-03-06 00:00:00,9.0,Tanger Med
SC-20451,2024-02-19,Atina,Antwerp,7665,11515,0.5573,Clear,3.9,125.69,Textiles,Sea,0,26.7,2024-03-16 16:48:00,26.7,Tanger Med
SC-72956,2024-03-11,Antwerp,Singapore,6119,5809,0.5264,Fog,2.6,101.44,Electronics,Sea,0,13.4,2024-03-24 09:36:00,13.4,Piraeus
SC-20278,2024-03-22,Antwerp,Singapore,5603,4131,0.6827,Clear,1.6,115.94,Auto Parts,Sea,0,9.6,2024-03-31 14:24:00,9.6,New York
SC-53764,2024-04-14,Antwerp,Rotterdam,19121,4424,0.5237,Clear,2.8,117.17,Electronics,Sea,1,13.3,2024-04-27 07:12:00,13.3,Atina
SC-11134,2024-03-28,Trieste,Los Angeles,4180,7439,0.5521,Fog,4.9,121.46,Machinery,Sea,0,17.2,2024-04-14 04:48:00,17.2,Atina
SC-72943,2024-01-02,Dubai,Dubai,8498,7474,0.5711,Fog,1.9,137.65,Textiles,Sea,0,17.3,2024-01-19 07:12:00,17.3,Barcelona
SC-64318,2024-12-25,Felixstowe,Antwerp,8506,11200,0.501,Clear,3.6,100.93,Electronics,Sea,0,25.9,2025-01-19 21:36:00,25.9,Piraeus
SC-70128,2024-03-24,Antwerp,Dubai,7201,3317,0.5766,Clear,4.9,97.93,Textiles,Sea,0,7.7,2024-03-31 16:48:00,7.7,Jebel Ali
SC-98056,2024-02-12,Hamburg,Busan,9284,8647,0.7886,Clear,2.5,135.71,Auto Parts,Sea,0,20.0,2024-03-03 00:00:00,20.0,Trieste
SC-31869,2024-06-02,Singapore,Felixstowe,6573,5216,0.9098,Clear,4.6,130.31,Machinery,Sea,0,12.1,2024-06-14 02:24:00,12.1,Atina
SC-15039,2024-11-22,Los Angeles,Antwerp,12192,2016,0.5967,Rain,4.5,95.79,Chemicals,Sea,0,4.7,2024-11-26 16:48:00,4.7,İzmir
SC-31281,2024-04-03,Hamburg,Ningbo,8301,6670,0.5404,Rain,2.4,80.06,Machinery,Sea,1,20.1,2024-04-23 02:24:00,20.1,Barcelona
SC-20442,2024-10-24,Singapore,Singapore,5782,11994,0.8648,Clear,1.4,126.62,Textiles,Sea,0,27.8,2024-11-20 19:12:00,27.8,Piraeus
SC-83788,2024-05-12,Antwerp,Busan,8830,4623,0.5041,Fog,1.7,91.0,Machinery,Sea,1,13.9,2024-05-25 21:36:00,13.9,Barcelona
SC-37586,2024-03-05,Tokyo,Shanghai,7601,2129,0.8671,Rain,2.5,146.99,Auto Parts,Sea,1,6.4,2024-03-11 09:36:00,6.4,İzmir
SC-63053,2024-10-16,Marsilya,İzmir,8630,3473,0.5656,Storm,4.8,122.31,Textiles,Sea,1,10.5,2024-10-26 12:00:00,10.5,İzmir
SC-60489,2024-09-13,Ningbo,Atina,3991,11141,0.6141,Fog,2.1,139.48,Textiles,Sea,0,25.8,2024-10-08 19:12:00,25.8,İzmir
SC-93104,2024-07-31,Hamburg,Dubai,5876,11260,0.56,Clear,4.7,136.39,Auto Parts,Sea,0,26.1,2024-08-26 02:24:00,26.1,New York
SC-96346,2024-05-27,Atina,Ningbo,4442,6311,0.6237,Clear,1.7,119.05,Electronics,Sea,0,14.6,2024-06-10 14:24:00,14.6,Atina
SC-77087,2024-03-01,Dubai,Antwerp,13935,11815,0.8991,Clear,4.9,110.68,Chemicals,Sea,0,27.3,2024-03-28 07:12:00,27.3,Singapore
SC-22625,2024-05-28,Los Angeles,Rotterdam,9321,4895,0.5663,Clear,2.2,114.78,Machinery,Sea,0,11.3,2024-06-08 07:12:00,11.3,Singapore
SC-44397,2024-03-28,Mersin,Shanghai,13173,4736,0.9971,Clear,3.5,136.21,Chemicals,Sea,0,11.0,2024-04-08 00:00:00,11.0,Marsaxlokk
SC-68671,2024-11-19,Antwerp,İzmir,7415,7098,0.6635,Clear,1.3,124.83,Chemicals,Sea,0,16.4,2024-12-05 09:36:00,16.4,Singapore
SC-76897,2024-10-04,Rotterdam,Antwerp,6182,3946,0.961,Rain,2.2,94.4,Auto Parts,Sea,0,9.1,2024-10-13 02:24:00,9.1,Dubai
SC-36149,2024-03-22,Antwerp,New York,6147,7559,0.595,Clear,1.8,122.65,Electronics,Sea,0,17.5,2024-04-08 12:00:00,17.5,Atina
SC-70030,2024-05-08,Antwerp,Ningbo,2768,10808,0.5939,Fog,1.0,108.33,Chemicals,Sea,1,32.5,2024-06-09 12:00:00,32.5,Piraeus
SC-79906,2024-10-12,Trieste,Tokyo,8555,2300,0.7827,Clear,1.6,84.29,Textiles,Sea,0,5.3,2024-10-17 07:12:00,5.3,Jebel Ali
SC-15283,2024-12-18,Valencia,Shanghai,11848,11176,0.5253,Clear,3.4,106.69,Electronics,Sea,1,33.6,2025-01-20 14:24:00,33.6,Tanger Med
SC-17610,2024-10-06,New York,Los Angeles,3096,6501,0.9005,Clear,2.6,95.93,Auto Parts,Sea,0,15.0,2024-10-21 00:00:00,15.0,Atina
SC-53326,2024-09-26,Dubai,Los Angeles,7258,10352,0.7198,Clear,3.9,138.7,Chemicals,Sea,0,24.0,2024-10-20 00:00:00,24.0,Ambarli
SC-24924,2024-10-18,Dubai,New York,4657,7914,0.8496,Clear,3.7,87.35,Auto Parts,Sea,0,18.3,2024-11-05 07:12:00,18.3,Barcelona
SC-86162,2024-07-21,New York,Antwerp,12387,7671,0.5873,Rain,4.2,105.24,Machinery,Sea,0,17.8,2024-08-07 19:12:00,17.8,Tanger Med
SC-10869,2024-01-24,Los Angeles,Mersin,14432,10217,0.8212,Clear,4.5,128.68,Auto Parts,Sea,0,23.7,2024-02-16 16:48:00,23.7,New York
SC-11014,2024-12-16,Dubai,Ningbo,8592,2082,0.797,Rain,4.3,142.82,Textiles,Sea,0,4.8,2024-12-20 19:12:00,4.8,Barcelona
SC-20103,2024-11-06,Antwerp,New York,9086,10364,0.8778,Clear,2.8,103.47,Auto Parts,Sea,0,24.0,2024-11-30 00:00:00,24.0,Piraeus
SC-92522,2024-07-26,Los Angeles,Trieste,9234,2998,0.6487,Clear,2.2,122.45,Electronics,Sea,0,6.9,2024-08-01 21:36:00,6.9,İzmir
SC-43458,2024-10-06,Valencia,Los Angeles,5570,7804,0.9666,Rain,3.0,106.16,Machinery,Sea,0,18.1,2024-10-24 02:24:00,18.1,Piraeus
SC-92409,2024-07-23,Hamburg,Atina,5337,8937,0.9807,Clear,3.1,94.2,Textiles,Sea,0,20.7,2024-08-12 16:48:00,20.7,Ambarli
SC-33248,2024-05-31,Hamburg,İzmir,16283,5141,0.9341,Clear,2.3,102.8,Machinery,Sea,0,11.9,2024-06-11 21:36:00,11.9,Marsaxlokk
SC-99160,2024-01-26,Dubai,Dubai,5195,4882,0.786,Clear,3.2,124.51,Textiles,Sea,0,11.3,2024-02-06 07:12:00,11.3,Dubai
SC-53516,2024-07-12,Busan,Atina,4820,9362,0.7101,Clear,1.4,130.14,Machinery,Sea,0,21.7,2024-08-02 16:48:00,21.7,Atina
SC-39061,2024-12-01,Los Angeles,Valencia,12044,5084,0.529,Clear,1.9,105.94,Chemicals,Sea,0,11.8,2024-12-12 19:12:00,11.8,Jebel Ali
SC-34170,2024-08-25,New York,Trieste,12700,4045,0.9736,Clear,4.0,90.68,Auto Parts,Sea,0,9.4,2024-09-03 09:36:00,9.4,Atina
SC-18024,2024-11-16,Ningbo,Rotterdam,17505,10952,0.9759,Clear,1.7,89.77,Electronics,Sea,0,25.4,2024-12-11 09:36:00,25.4,Tanger Med
SC-92214,2024-03-15,Felixstowe,Atina,5059,2204,0.5093,Clear,1.6,136.88,Electronics,Sea,0,5.1,2024-03-20 02:24:00,5.1,Marsaxlokk
SC-95947,2024-06-11,Mersin,Ningbo,12359,7284,0.6784,Fog,2.1,125.73,Chemicals,Sea,0,16.9,2024-06-27 21:36:00,16.9,Mersin
SC-53803,2024-10-25,Ambarli,Marsilya,4113,3552,0.94,Clear,2.5,130.96,Machinery,Sea,0,8.2,2024-11-02 04:48:00,8.2,New York
SC-29296,2024-01-29,Barcelona,Felixstowe,13305,9816,0.5404,Fog,2.3,114.18,Auto Parts,Sea,0,22.7,2024-02-20 16:48:00,22.7,Trieste
SC-96664,2024-06-13,Trieste,Marsilya,18587,2824,0.5983,Clear,2.5,112.01,Chemicals,Sea,0,6.5,2024-06-19 12:00:00,6.5,Trieste
SC-28257,2024-12-02,Los Angeles,Barcelona,7541,5748,0.9893,Rain,1.6,94.78,Machinery,Sea,1,17.3,2024-12-19 07:12:00,17.3,Jebel Ali
SC-22855,2024-07-04,Tokyo,Singapore,2735,7578,0.9236,Rain,1.7,91.78,Auto Parts,Sea,0,17.5,2024-07-21 12:00:00,17.5,Piraeus
SC-95178,2024-02-23,Tokyo,Mersin,7608,7912,0.956,Clear,1.9,90.77,Machinery,Sea,0,18.3,2024-03-12 07:12:00,18.3,Singapore
SC-30025,2024-10-21,Dubai,Mersin,3111,9390,0.5711,Fog,2.6,149.43,Electronics,Sea,0,21.7,2024-11-11 16:48:00,21.7,New York
SC-14458,2024-02-11,New York,Felixstowe,11222,7197,0.6057,Clear,2.3,137.46,Auto Parts,Sea,0,16.7,2024-02-27 16:48:00,16.7,New York
SC-73610,2024-10-11,Trieste,Rotterdam,16818,11030,0.8027,Clear,4.2,123.83,Electronics,Sea,0,25.5,2024-11-05 12:00:00,25.5,Ambarli
SC-80843,2024-05-17,Hamburg,Dubai,10632,6695,0.7509,Clear,3.1,95.01,Electronics,Sea,0,15.5,2024-06-01 12:00:00,15.5,Tanger Med
SC-93961,2024-07-05,Ningbo,Hamburg,4614,8768,0.6493,Hurricane,3.3,103.64,Auto Parts,Sea,1,26.4,2024-07-31 09:36:00,26.4,İzmir
SC-59831,2024-07-22,Trieste,İzmir,6856,5683,0.9419,Fog,3.2,104.56,Chemicals,Sea,0,13.2,2024-08-04 04:48:00,13.2,Jebel Ali
SC-53427,2024-02-11,Ningbo,Atina,9011,3961,0.9507,Clear,2.6,113.44,Machinery,Sea,0,9.2,2024-02-20 04:48:00,9.2,Barcelona
SC-48506,2024-12-15,Trieste,New York,8801,2937,0.6458,Clear,4.9,109.54,Auto Parts,Sea,0,6.8,2024-12-21 19:12:00,6.8,Mersin
SC-15668,2024-10-14,Rotterdam,Barcelona,6986,9595,0.5779,Clear,1.1,145.39,Electronics,Sea,0,22.2,2024-11-05 04:48:00,22.2,Tanger Med
SC-57195,2024-01-26,New York,Mersin,7974,2424,0.5745,Clear,1.9,130.46,Machinery,Sea,0,5.6,2024-01-31 14:24:00,5.6,Singapore
SC-83233,2024-02-25,Rotterdam,Felixstowe,7406,5051,0.7422,Clear,2.1,85.7,Auto Parts,Sea,0,11.7,2024-03-07 16:48:00,11.7,Trieste
SC-34417,2024-09-09,Ningbo,Singapore,8481,4905,0.5665,Clear,4.5,105.2,Chemicals,Sea,0,11.4,2024-09-20 09:36:00,11.4,Trieste
SC-91982,2024-05-01,Busan,Ningbo,5778,4694,0.7367,Clear,4.7,89.31,Auto Parts,Sea,0,10.9,2024-05-11 21:36:00,10.9,Dubai
SC-20751,2024-04-15,Los Angeles,Mersin,8025,5595,0.731,Fog,4.4,99.55,Auto Parts,Sea,1,16.8,2024-05-01 19:12:00,16.8,Piraeus
SC-56218,2024-05-09,Busan,Marsilya,3589,3267,0.9421,Clear,2.7,147.12,Textiles,Sea,0,7.6,2024-05-16 14:24:00,7.6,New York
SC-17352,2024-12-02,Singapore,Dubai,8754,2421,0.6481,Rain,4.7,129.37,Machinery,Sea,0,5.6,2024-12-07 14:24:00,5.6,Piraeus
SC-89052,2024-06-06,Felixstowe,New York,7001,5266,0.7803,Clear,1.4,80.55,Auto Parts,Sea,0,12.2,2024-06-18 04:48:00,12.2,Ambarli
SC-98835,2024-08-18,Busan,Dubai,9690,9017,0.8717,Storm,3.6,103.02,Electronics,Sea,1,27.1,2024-09-14 02:24:00,27.1,Marsaxlokk
SC-38927,2024-11-03,Shanghai,Ningbo,5187,11849,0.798,Clear,4.7,110.71,Electronics,Sea,0,27.4,2024-11-30 09:36:00,27.4,Tanger Med
SC-51094,2024-03-31,Los Angeles,Rotterdam,4162,4100,0.977,Clear,4.0,122.18,Textiles,Sea,0,9.5,2024-04-09 12:00:00,9.5,Ambarli
SC-64122,2024-01-22,Barcelona,Barcelona,3153,9129,0.8011,Rain,2.1,114.98,Electronics,Sea,0,21.1,2024-02-12 02:24:00,21.1,Jebel Ali
SC-39493,2024-10-16,Dubai,Dubai,6435,10095,0.9509,Rain,3.9,84.88,Auto Parts,Sea,0,23.4,2024-11-08 09:36:00,23.4,Jebel Ali
SC-83539,2024-04-19,New York,Tokyo,3284,10876,0.6225,Clear,2.2,116.09,Machinery,Sea,0,25.2,2024-05-14 04:48:00,25.2,Barcelona
SC-41707,2024-02-18,Mersin,İzmir,6694,4226,0.7804,Clear,1.4,89.12,Textiles,Sea,0,9.8,2024-02-27 19:12:00,9.8,New York
SC-78814,2024-05-08,Felixstowe,Marsilya,14021,6388,0.7717,Clear,3.9,116.34,Textiles,Sea,0,14.8,2024-05-22 19:12:00,14.8,Mersin
SC-17296,2024-03-13,New York,Trieste,15798,4422,0.9947,Clear,1.7,97.22,Chemicals,Sea,0,10.2,2024-03-23 04:48:00,10.2,Trieste
SC-35398,2024-12-05,Barcelona,Singapore,9297,9226,0.6023,Clear,1.4,90.09,Chemicals,Sea,0,21.4,2024-12-26 09:36:00,21.4,Singapore
SC-45842,2024-02-22,Barcelona,Mersin,4434,11269,0.5705,Clear,3.2,100.15,Machinery,Sea,0,26.1,2024-03-19 02:24:00,26.1,Trieste
SC-23261,2024-12-21,İzmir,Barcelona,14738,9316,0.8058,Clear,3.5,86.97,Machinery,Sea,0,21.6,2025-01-11 14:24:00,21.6,New York
SC-86709,2024-06-16,Barcelona,Hamburg,7089,4843,0.6118,Clear,1.2,99.88,Textiles,Sea,0,11.2,2024-06-27 04:48:00,11.2,Atina
SC-66704,2024-02-14,Valencia,Shanghai,9109,6111,0.8196,Clear,1.0,140.69,Auto Parts,Sea,0,14.1,2024-02-28 02:24:00,14.1,Tanger Med
SC-77173,2024-04-14,Atina,Felixstowe,11120,7659,0.9862,Rain,4.5,101.5,Auto Parts,Sea,1,23.0,2024-05-07 00:00:00,23.0,Tanger Med
SC-41781,2024-05-29,Barcelona,Los Angeles,3025,3903,0.9733,Clear,1.5,112.92,Chemicals,Sea,0,9.0,2024-06-07 00:00:00,9.0,Singapore
SC-23652,2024-05-25,Shanghai,Hamburg,8789,6224,0.6156,Clear,3.3,116.39,Machinery,Sea,0,14.4,2024-06-08 09:36:00,14.4,Ambarli
SC-15103,2024-07-22,Barcelona,Ningbo,6074,6979,0.5854,Clear,4.8,92.48,Machinery,Sea,0,16.2,2024-08-07 04:48:00,16.2,Piraeus
SC-35500,2024-12-27,Los Angeles,Shanghai,14820,7363,0.7804,Clear,3.0,110.92,Auto Parts,Sea,0,17.0,2025-01-13 00:00:00,17.0,Dubai
SC-45529,2024-10-25,Dubai,Mersin,16829,2425,0.7934,Clear,1.6,139.71,Chemicals,Sea,0,5.6,2024-10-30 14:24:00,5.6,Trieste
SC-28452,2024-06-15,Rotterdam,Singapore,5550,4401,0.8311,Clear,2.6,85.64,Auto Parts,Sea,1,13.2,2024-06-28 04:48:00,13.2,Ambarli
SC-59393,2024-07-19,İzmir,Ningbo,2678,10941,0.8707,Rain,3.5,144.6,Auto Parts,Sea,0,25.3,2024-08-13 07:12:00,25.3,Jebel Ali
SC-41174,2024-05-13,Dubai,Los Angeles,8794,9248,0.8005,Storm,4.1,140.98,Textiles,Sea,1,27.8,2024-06-09 19:12:00,27.8,Trieste
SC-74450,2024-07-29,Busan,Singapore,5069,2043,0.5559,Fog,3.4,139.91,Machinery,Sea,0,4.7,2024-08-02 16:48:00,4.7,Tanger Med
SC-45436,2024-02-17,Tokyo,Dubai,8722,8298,0.8951,Clear,1.1,93.9,Textiles,Sea,0,19.2,2024-03-07 04:48:00,19.2,Trieste
SC-57406,2024-05-05,Ambarli,Mersin,2583,7042,0.5398,Clear,1.6,113.9,Textiles,Sea,0,16.3,2024-05-21 07:12:00,16.3,Ambarli
SC-73059,2024-08-26,Tokyo,Ambarli,6200,3559,0.51,Fog,2.5,123.13,Auto Parts,Sea,1,10.7,2024-09-05 16:48:00,10.7,New York
SC-25954,2024-01-07,Trieste,Ambarli,7586,8035,0.8848,Clear,3.8,87.0,Chemicals,Sea,0,18.6,2024-01-25 14:24:00,18.6,Singapore
SC-92722,2024-09-28,Mersin,Tokyo,19185,9071,0.7742,Clear,3.3,118.98,Auto Parts,Sea,0,21.0,2024-10-19 00:00:00,21.0,Tanger Med
SC-22356,2024-02-06,Tokyo,Antwerp,7920,6194,0.8493,Clear,1.2,138.8,Chemicals,Sea,0,14.3,2024-02-20 07:12:00,14.3,Piraeus
SC-12187,2024-07-29,Barcelona,Rotterdam,8959,5951,0.6914,Rain,4.2,145.56,Machinery,Sea,1,17.9,2024-08-15 21:36:00,17.9,İzmir
SC-87243,2024-06-13,Atina,Shanghai,5321,2147,0.5055,Clear,3.4,99.48,Electronics,Sea,0,5.0,2024-06-18 00:00:00,5.0,Tanger Med
SC-45098,2024-05-04,İzmir,Atina,6823,4170,0.6655,Clear,4.5,100.21,Machinery,Sea,0,9.7,2024-05-13 16:48:00,9.7,Ambarli
SC-31225,2024-12-02,Atina,Los Angeles,4178,10303,0.8041,Rain,2.7,98.95,Auto Parts,Sea,0,23.8,2024-12-25 19:12:00,23.8,İzmir
SC-13606,2024-07-10,Valencia,Felixstowe,7133,7118,0.6129,Rain,3.0,90.74,Chemicals,Sea,0,16.5,2024-07-26 12:00:00,16.5,Trieste
SC-67620,2024-08-05,Rotterdam,Tokyo,9333,9155,0.8439,Clear,2.6,110.15,Electronics,Sea,0,21.2,2024-08-26 04:48:00,21.2,Trieste
SC-42828,2024-08-01,Singapore,Ningbo,14352,9297,0.8972,Rain,3.9,134.91,Chemicals,Sea,0,21.5,2024-08-22 12:00:00,21.5,Jebel Ali
SC-36489,2024-03-02,Felixstowe,Mersin,12649,6163,0.7271,Clear,4.0,129.85,Chemicals,Sea,0,14.3,2024-03-16 07:12:00,14.3,Ambarli
SC-24387,2024-11-23,Dubai,Ambarli,3659,10026,0.9379,Rain,3.9,143.02,Electronics,Sea,0,23.2,2024-12-16 04:48:00,23.2,Barcelona
SC-79463,2024-06-09,Trieste,Atina,7306,11019,0.9274,Clear,2.2,104.9,Electronics,Sea,0,25.5,2024-07-04 12:00:00,25.5,Marsaxlokk
SC-81832,2024-03-06,Busan,Singapore,8970,11944,0.939,Clear,3.5,120.06,Machinery,Sea,0,27.6,2024-04-02 14:24:00,27.6,Singapore
SC-12591,2024-10-12,İzmir,Trieste,4101,10067,0.8305,Rain,2.4,133.66,Textiles,Sea,0,23.3,2024-11-04 07:12:00,23.3,İzmir
SC-58516,2024-08-26,Antwerp,Trieste,5720,4939,0.6524,Clear,4.3,142.87,Electronics,Sea,1,14.9,2024-09-09 21:36:00,14.9,Tanger Med
SC-72061,2024-01-20,Barcelona,Rotterdam,6329,7727,0.7406,Clear,1.2,141.02,Textiles,Sea,0,17.9,2024-02-06 21:36:00,17.9,Piraeus
SC-76736,2024-07-06,Ningbo,Los Angeles,3953,10064,0.8553,Clear,1.2,112.59,Textiles,Sea,0,23.3,2024-07-29 07:12:00,23.3,Dubai
SC-91257,2024-03-22,Felixstowe,Singapore,12547,5616,0.6053,Fog,1.4,143.48,Textiles,Sea,0,13.0,2024-04-04 00:00:00,13.0,Barcelona
SC-71753,2024-12-28,Ningbo,Mersin,14931,7405,0.8694,Clear,1.8,111.08,Textiles,Sea,0,17.1,2025-01-14 02:24:00,17.1,Barcelona
SC-94774,2024-07-20,Marsilya,Atina,5772,9285,0.774,Clear,1.2,143.2,Electronics,Sea,0,21.5,2024-08-10 12:00:00,21.5,Ambarli
SC-21087,2024-05-11,Ningbo,Dubai,6933,10351,0.548,Clear,1.3,134.39,Chemicals,Sea,0,24.0,2024-06-04 00:00:00,24.0,New York
SC-40816,2024-02-06,New York,New York,9896,7880,0.7786,Clear,2.2,95.52,Electronics,Sea,0,18.2,2024-02-24 04:48:00,18.2,Barcelona
SC-33408,2024-05-11,Marsilya,Rotterdam,5563,3013,0.5334,Rain,1.4,145.08,Electronics,Sea,0,7.0,2024-05-18 00:00:00,7.0,Trieste
SC-10136,2024-03-17,Valencia,Mersin,4148,10743,0.5072,Rain,4.2,96.97,Auto Parts,Sea,1,32.3,2024-04-18 07:12:00,32.3,Marsaxlokk
SC-27413,2024-03-29,İzmir,Ambarli,16819,9391,0.9448,Rain,1.2,143.59,Auto Parts,Sea,0,21.7,2024-04-19 16:48:00,21.7,New York
SC-69500,2024-09-09,Trieste,Antwerp,3881,3175,0.745,Fog,4.6,123.06,Machinery,Sea,1,9.6,2024-09-18 14:24:00,9.6,Singapore
SC-94514,2024-12-09,Ningbo,Ningbo,8683,11355,0.7716,Rain,4.5,126.72,Textiles,Sea,0,26.3,2025-01-04 07:12:00,26.3,Atina
SC-66358,2024-07-12,Felixstowe,Hamburg,13226,7247,0.64,Clear,1.8,87.65,Textiles,Sea,0,16.8,2024-07-28 19:12:00,16.8,Ambarli
SC-76197,2024-06-24,Los Angeles,Marsilya,5657,9518,0.7714,Clear,1.3,84.6,Auto Parts,Sea,0,22.0,2024-07-16 00:00:00,22.0,Atina
SC-42854,2024-02-02,Shanghai,Ambarli,3999,8290,0.5844,Clear,1.4,147.78,Chemicals,Sea,0,19.2,2024-02-21 04:48:00,19.2,Barcelona
SC-86240,2024-02-27,Shanghai,Valencia,4962,3308,0.8728,Clear,3.2,103.58,Machinery,Sea,0,7.7,2024-03-05 16:48:00,7.7,Ambarli
SC-26322,2024-07-19,Rotterdam,New York,6517,11684,0.9117,Clear,3.4,139.11,Chemicals,Sea,0,27.0,2024-08-15 00:00:00,27.0,Tanger Med
SC-16968,2024-01-28,Ningbo,Los Angeles,3021,11433,0.9279,Clear,2.3,129.31,Auto Parts,Sea,0,26.5,2024-02-23 12:00:00,26.5,İzmir
SC-37518,2024-02-04,Ambarli,Busan,7494,6827,0.5533,Fog,2.2,122.29,Chemicals,Sea,1,20.5,2024-02-24 12:00:00,20.5,Mersin
SC-61925,2024-05-04,Hamburg,Dubai,7985,7264,0.7789,Clear,3.1,127.96,Textiles,Sea,0,16.8,2024-05-20 19:12:00,16.8,Piraeus
SC-69848,2024-11-16,Trieste,Ningbo,17539,3777,0.9044,Clear,2.2,86.26,Auto Parts,Sea,0,8.7,2024-11-24 16:48:00,8.7,Trieste
SC-11700,2024-02-11,Busan,Busan,3404,2059,0.5641,Clear,4.7,108.87,Chemicals,Sea,0,4.8,2024-02-15 19:12:00,4.8,Dubai
SC-33199,2024-03-25,Felixstowe,Hamburg,7575,11825,0.5498,Clear,2.5,122.5,Machinery,Sea,0,27.4,2024-04-21 09:36:00,27.4,Mersin
SC-54589,2024-07-06,Hamburg,Trieste,5470,8986,0.9085,Clear,1.9,140.73,Machinery,Sea,0,20.8,2024-07-26 19:12:00,20.8,Atina
SC-42115,2024-04-20,Hamburg,Rotterdam,3408,9860,0.8984,Clear,1.6,130.03,Electronics,Sea,1,29.7,2024-05-19 16:48:00,29.7,İzmir
SC-71934,2024-09-27,Antwerp,Singapore,13806,10527,0.7243,Clear,3.5,97.7,Auto Parts,Sea,0,24.4,2024-10-21 09:36:00,24.4,Jebel Ali
SC-64316,2024-11-20,Dubai,Singapore,9441,11022,0.5549,Rain,2.3,148.94,Auto Parts,Sea,0,25.5,2024-12-15 12:00:00,25.5,İzmir
SC-15520,2024-04-14,Marsilya,Hamburg,4914,3592,0.7581,Rain,1.8,125.01,Auto Parts,Sea,0,8.3,2024-04-22 07:12:00,8.3,New York
SC-46455,2024-11-15,Mersin,Barcelona,5635,6380,0.6974,Clear,2.1,115.09,Textiles,Sea,0,14.8,2024-11-29 19:12:00,14.8,Tanger Med
SC-96465,2024-02-10,Singapore,Shanghai,4749,8097,0.7593,Clear,2.2,134.7,Textiles,Sea,0,18.7,2024-02-28 16:48:00,18.7,Mersin
SC-51605,2024-08-02,Singapore,Barcelona,2546,8458,0.7199,Rain,3.5,122.19,Auto Parts,Sea,0,19.6,2024-08-21 14:24:00,19.6,Tanger Med
SC-24955,2024-03-11,Ambarli,Marsilya,2835,11151,0.7843,Clear,1.7,129.7,Chemicals,Sea,0,25.8,2024-04-05 19:12:00,25.8,Trieste
SC-54049,2024-02-25,Marsilya,Ambarli,4797,7717,0.8636,Clear,3.9,123.2,Textiles,Sea,0,17.9,2024-03-13 21:36:00,17.9,New York
SC-23917,2024-08-23,Marsilya,Dubai,8848,6166,0.8874,Clear,2.2,92.52,Auto Parts,Sea,0,14.3,2024-09-06 07:12:00,14.3,Barcelona
SC-80293,2024-10-07,Hamburg,Atina,17628,8488,0.8245,Rain,3.0,118.03,Textiles,Sea,0,19.6,2024-10-26 14:24:00,19.6,Ambarli
SC-88581,2024-04-14,Marsilya,Valencia,7497,10157,0.5995,Rain,3.6,99.82,Electronics,Sea,1,30.6,2024-05-14 14:24:00,30.6,Ambarli
SC-74925,2024-06-10,Hamburg,Atina,9778,11313,0.6986,Storm,3.2,119.92,Machinery,Sea,0,26.2,2024-07-06 04:48:00,26.2,Marsaxlokk
SC-80269,2024-07-09,Busan,Hamburg,8253,7419,0.5356,Clear,3.6,88.79,Electronics,Sea,0,17.2,2024-07-26 04:48:00,17.2,New York
SC-40954,2024-01-09,Felixstowe,Busan,2952,11290,0.7258,Clear,2.3,96.24,Auto Parts,Sea,0,26.1,2024-02-04 02:24:00,26.1,Tanger Med
SC-82617,2024-02-29,Mersin,Barcelona,11101,10334,0.9852,Clear,4.9,136.61,Machinery,Sea,0,23.9,2024-03-23 21:36:00,23.9,New York
SC-51458,2024-10-31,Atina,Shanghai,7417,3046,0.8209,Rain,2.8,108.37,Chemicals,Sea,0,7.1,2024-11-07 02:24:00,7.1,Singapore
SC-99037,2024-08-12,Valencia,Tokyo,8731,11260,0.5773,Clear,2.3,127.16,Auto Parts,Sea,0,26.1,2024-09-07 02:24:00,26.1,Marsaxlokk
SC-31113,2024-11-02,Hamburg,Ningbo,9834,9636,0.6343,Clear,2.2,114.85,Chemicals,Sea,0,22.3,2024-11-24 07:12:00,22.3,Dubai
SC-53939,2024-07-06,Marsilya,Felixstowe,10949,6187,0.5323,Clear,1.2,103.85,Chemicals,Sea,0,14.3,2024-07-20 07:12:00,14.3,Dubai
SC-39345,2024-03-10,İzmir,Tokyo,8673,5340,0.5912,Rain,3.7,114.66,Textiles,Sea,0,12.4,2024-03-22 09:36:00,12.4,Ambarli
SC-56313,2024-10-19,Ningbo,Marsilya,3937,8177,0.7439,Clear,2.1,136.96,Textiles,Sea,0,18.9,2024-11-06 21:36:00,18.9,Tanger Med
SC-79166,2024-10-13,Barcelona,Singapore,7722,6773,0.6724,Storm,4.8,99.71,Machinery,Sea,1,20.4,2024-11-02 09:36:00,20.4,Piraeus
SC-57861,2024-06-17,Mersin,Tokyo,12425,5435,0.602,Clear,1.8,109.5,Machinery,Sea,0,12.6,2024-06-29 14:24:00,12.6,New York
SC-59298,2024-03-02,Rotterdam,Antwerp,3891,9300,0.5733,Clear,3.1,94.18,Textiles,Sea,0,21.5,2024-03-23 12:00:00,21.5,Dubai
SC-57221,2024-12-14,Hamburg,Dubai,6060,8902,0.828,Clear,3.9,104.58,Machinery,Sea,0,20.6,2025-01-03 14:24:00,20.6,Piraeus
SC-54942,2024-01-14,Ambarli,Trieste,12411,7799,0.7791,Clear,4.5,141.96,Electronics,Sea,0,18.1,2024-02-01 02:24:00,18.1,Tanger Med
SC-13453,2024-06-12,Dubai,Felixstowe,9582,2965,0.9213,Clear,1.6,135.0,Auto Parts,Sea,0,6.9,2024-06-18 21:36:00,6.9,İzmir
SC-64935,2024-09-01,Valencia,Mersin,9010,9444,0.5916,Rain,4.9,106.15,Electronics,Sea,0,21.9,2024-09-22 21:36:00,21.9,İzmir
SC-53370,2024-11-30,Atina,Ningbo,8297,11371,0.924,Clear,4.6,89.27,Auto Parts,Sea,0,26.3,2024-12-26 07:12:00,26.3,Singapore
SC-18328,2024-01-08,İzmir,Los Angeles,5089,8678,0.789,Clear,4.9,109.4,Textiles,Sea,0,20.1,2024-01-28 02:24:00,20.1,New York
SC-25534,2024-06-02,Atina,Hamburg,17969,2500,0.6331,Rain,4.4,134.02,Electronics,Sea,0,5.8,2024-06-07 19:12:00,5.8,Piraeus
SC-95280,2024-02-05,Ningbo,Singapore,8133,6554,0.6368,Clear,4.5,83.07,Chemicals,Sea,0,15.2,2024-02-20 04:48:00,15.2,Singapore
SC-94925,2024-02-17,Shanghai,Busan,4135,2049,0.6952,Clear,3.4,132.17,Electronics,Sea,0,4.7,2024-02-21 16:48:00,4.7,Mersin
SC-46320,2024-03-25,Singapore,Dubai,8810,11161,0.7301,Clear,4.4,127.59,Machinery,Sea,0,25.8,2024-04-19 19:12:00,25.8,Mersin
SC-59170,2024-01-28,Marsilya,Dubai,8900,2987,0.5413,Clear,3.1,84.53,Electronics,Sea,0,6.9,2024-02-03 21:36:00,6.9,İzmir
SC-90201,2024-07-14,Ningbo,Ambarli,4076,8771,0.921,Clear,3.2,124.49,Textiles,Sea,0,20.3,2024-08-03 07:12:00,20.3,Ambarli
SC-18640,2024-07-26,Barcelona,Rotterdam,10271,3115,0.5608,Clear,3.3,100.91,Textiles,Sea,0,7.2,2024-08-02 04:48:00,7.2,Jebel Ali
SC-40049,2024-07-22,Trieste,New York,3128,5932,0.7417,Clear,5.0,92.41,Machinery,Sea,0,13.7,2024-08-04 16:48:00,13.7,Piraeus
SC-15618,2024-11-02,New York,İzmir,5212,11671,0.6915,Fog,1.4,106.94,Auto Parts,Sea,0,27.0,2024-11-29 00:00:00,27.0,Trieste
SC-66053,2024-04-13,Atina,Antwerp,2820,6434,0.7561,Clear,4.2,94.38,Machinery,Sea,0,14.9,2024-04-27 21:36:00,14.9,Tanger Med
SC-11920,2024-08-17,Barcelona,İzmir,8320,5567,0.9437,Clear,2.1,137.72,Auto Parts,Sea,0,12.9,2024-08-29 21:36:00,12.9,Ambarli
SC-53937,2024-04-10,Los Angeles,Ambarli,8860,3658,0.9945,Rain,2.4,131.94,Textiles,Sea,0,8.5,2024-04-18 12:00:00,8.5,Barcelona
SC-79724,2024-01-29,Antwerp,Tokyo,4304,9944,0.5101,Clear,1.3,148.65,Textiles,Sea,0,23.0,2024-02-21 00:00:00,23.0,Jebel Ali
SC-22207,2024-05-06,Ambarli,İzmir,9575,7800,0.6966,Clear,2.4,117.39,Auto Parts,Sea,0,18.1,2024-05-24 02:24:00,18.1,Dubai
SC-75774,2024-12-03,New York,Barcelona,14572,6376,0.9088,Clear,5.0,86.24,Electronics,Sea,0,14.8,2024-12-17 19:12:00,14.8,Jebel Ali
SC-42972,2024-01-10,Dubai,Rotterdam,10250,10017,0.6633,Fog,2.6,105.74,Electronics,Sea,0,23.2,2024-02-02 04:48:00,23.2,Singapore
SC-20799,2024-04-15,Shanghai,Antwerp,4240,4815,0.8245,Clear,3.7,138.7,Machinery,Sea,0,11.1,2024-04-26 02:24:00,11.1,Atina
SC-81088,2024-06-15,Mersin,Hamburg,4322,2970,0.9961,Fog,1.5,107.78,Textiles,Sea,0,6.9,2024-06-21 21:36:00,6.9,Tanger Med
SC-38916,2024-09-13,Atina,Tokyo,13913,9820,0.8234,Rain,4.7,111.9,Electronics,Sea,0,22.7,2024-10-05 16:48:00,22.7,Barcelona
SC-80463,2024-10-21,Busan,Hamburg,6653,7512,0.5556,Clear,4.3,108.84,Textiles,Sea,0,17.4,2024-11-07 09:36:00,17.4,Mersin
SC-86700,2024-10-03,Singapore,Ningbo,5453,2207,0.9215,Rain,2.5,96.48,Machinery,Sea,1,6.6,2024-10-09 14:24:00,6.6,Trieste
SC-47158,2024-03-05,Hamburg,Ambarli,8736,2259,0.9833,Clear,2.4,85.12,Chemicals,Sea,0,5.2,2024-03-10 04:48:00,5.2,Singapore
SC-94607,2024-09-27,Trieste,Felixstowe,5503,7025,0.8563,Clear,2.7,92.64,Textiles,Sea,0,16.3,2024-10-13 07:12:00,16.3,Ambarli
SC-81696,2024-07-06,Ningbo,Marsilya,7774,6358,0.7095,Clear,2.6,105.48,Chemicals,Sea,0,14.7,2024-07-20 16:48:00,14.7,İzmir
SC-71510,2024-11-12,Ningbo,Tokyo,6912,10974,0.9742,Clear,2.0,97.18,Textiles,Sea,0,25.4,2024-12-07 09:36:00,25.4,Barcelona
SC-68692,2024-05-17,Atina,Busan,15092,2504,0.9843,Storm,5.0,120.09,Auto Parts,Sea,1,7.5,2024-05-24 12:00:00,7.5,İzmir
SC-71744,2024-12-08,Ningbo,Trieste,2541,11765,0.9676,Clear,4.2,122.97,Chemicals,Sea,0,27.2,2025-01-04 04:48:00,27.2,Atina
SC-25810,2024-04-14,Felixstowe,Felixstowe,7985,3759,0.7059,Clear,2.1,119.9,Auto Parts,Sea,0,8.7,2024-04-22 16:48:00,8.7,Dubai
SC-15126,2024-02-03,Trieste,Rotterdam,3451,9514,0.8949,Rain,4.9,85.94,Auto Parts,Sea,0,22.0,2024-02-25 00:00:00,22.0,Tanger Med
SC-40009,2024-04-19,Valencia,Felixstowe,2609,9760,0.8271,Storm,1.1,126.68,Machinery,Sea,1,29.4,2024-05-18 09:36:00,29.4,İzmir
SC-10192,2024-02-02,Dubai,Hamburg,3225,5794,0.5899,Fog,2.8,106.92,Machinery,Sea,1,17.4,2024-02-19 09:36:00,17.4,Dubai
SC-46413,2024-12-19,New York,Rotterdam,8206,5590,0.7678,Rain,3.3,141.47,Electronics,Sea,0,12.9,2024-12-31 21:36:00,12.9,New York
SC-22816,2024-08-18,Hamburg,Busan,6002,8970,0.8738,Clear,1.2,116.79,Chemicals,Sea,0,20.8,2024-09-07 19:12:00,20.8,Piraeus
SC-49082,2024-11-12,Dubai,Mersin,19273,11593,0.948,Clear,1.6,85.92,Electronics,Sea,0,26.8,2024-12-08 19:12:00,26.8,Dubai
SC-75048,2024-09-22,Busan,Rotterdam,4648,10980,0.9313,Clear,2.0,80.65,Chemicals,Sea,0,25.4,2024-10-17 09:36:00,25.4,Trieste
SC-60940,2024-06-30,Antwerp,Shanghai,5852,8285,0.5773,Clear,3.9,129.18,Machinery,Sea,0,19.2,2024-07-19 04:48:00,19.2,Tanger Med
SC-42130,2024-12-05,Marsilya,Ningbo,8359,5329,0.744,Clear,4.8,108.04,Machinery,Sea,0,12.3,2024-12-17 07:12:00,12.3,Barcelona
SC-50142,2024-03-05,New York,Barcelona,5930,6012,0.7391,Fog,3.5,100.16,Machinery,Sea,1,18.1,2024-03-23 02:24:00,18.1,Mersin
SC-46468,2024-11-28,Dubai,Ambarli,11394,4092,0.9494,Fog,3.3,111.3,Chemicals,Sea,0,9.5,2024-12-07 12:00:00,9.5,Mersin
SC-40698,2024-01-01,New York,New York,4162,4967,0.501,Clear,3.1,85.07,Machinery,Sea,0,11.5,2024-01-12 12:00:00,11.5,Marsaxlokk
SC-20655,2024-05-12,Ambarli,Valencia,2928,11261,0.8694,Rain,2.4,107.44,Electronics,Sea,1,33.9,2024-06-14 21:36:00,33.9,Trieste
SC-57897,2024-03-20,Valencia,Busan,12812,3675,0.8093,Clear,4.3,102.03,Auto Parts,Sea,0,8.5,2024-03-28 12:00:00,8.5,Singapore
SC-40075,2024-09-27,Hamburg,Dubai,5163,6396,0.9608,Clear,3.2,136.01,Chemicals,Sea,0,14.8,2024-10-11 19:12:00,14.8,İzmir
SC-19359,2024-08-28,Atina,Dubai,7511,2287,0.7285,Fog,1.9,92.24,Auto Parts,Sea,0,5.3,2024-09-02 07:12:00,5.3,İzmir
SC-52056,2024-01-28,Shanghai,Dubai,17095,2785,0.8288,Clear,1.5,132.94,Electronics,Sea,0,6.4,2024-02-03 09:36:00,6.4,Tanger Med
SC-61831,2024-08-10,Ambarli,Ningbo,4038,4316,0.9864,Rain,4.9,115.03,Textiles,Sea,0,10.0,2024-08-20 00:00:00,10.0,Marsaxlokk
SC-69191,2024-01-23,Los Angeles,Atina,13235,4838,0.872,Clear,1.1,85.73,Machinery,Sea,0,11.2,2024-02-03 04:48:00,11.2,Atina
SC-43272,2024-04-18,Busan,Shanghai,4564,9229,0.5337,Rain,4.7,147.88,Electronics,Sea,0,21.4,2024-05-09 09:36:00,21.4,Mersin
SC-24671,2024-04-16,Ningbo,Los Angeles,6308,10137,0.5838,Clear,1.9,131.39,Textiles,Sea,0,23.5,2024-05-09 12:00:00,23.5,Barcelona
SC-37048,2024-05-24,Dubai,Hamburg,9558,10118,0.9107,Clear,3.6,98.21,Chemicals,Sea,0,23.4,2024-06-16 09:36:00,23.4,Atina
SC-86274,2024-12-19,İzmir,Felixstowe,7840,3265,0.6674,Clear,2.2,120.72,Electronics,Sea,0,7.6,2024-12-26 14:24:00,7.6,İzmir
SC-35963,2024-05-18,Atina,Marsilya,4141,4983,0.853,Clear,4.4,143.0,Chemicals,Sea,0,11.5,2024-05-29 12:00:00,11.5,Marsaxlokk
SC-53954,2024-10-10,Trieste,Rotterdam,8900,7901,0.8499,Clear,3.2,145.16,Auto Parts,Sea,0,18.3,2024-10-28 07:12:00,18.3,Dubai
SC-82309,2024-10-24,Rotterdam,Ningbo,8248,9931,0.9969,Clear,1.6,131.18,Auto Parts,Sea,0,23.0,2024-11-16 00:00:00,23.0,Marsaxlokk
SC-10717,2024-04-08,Tokyo,New York,5383,10143,0.7349,Fog,2.1,130.94,Chemicals,Sea,0,23.5,2024-05-01 12:00:00,23.5,Marsaxlokk
SC-21676,2024-11-12,Ambarli,Dubai,9632,10030,0.8689,Rain,2.3,99.42,Auto Parts,Sea,0,23.2,2024-12-05 04:48:00,23.2,New York
SC-14434,2024-05-02,İzmir,Valencia,7725,10262,0.5244,Clear,4.5,149.28,Auto Parts,Sea,0,23.8,2024-05-25 19:12:00,23.8,Piraeus
SC-59810,2024-11-15,Marsilya,Shanghai,2548,2611,0.7313,Clear,4.1,97.04,Machinery,Sea,0,6.0,2024-11-21 00:00:00,6.0,Jebel Ali
SC-14994,2024-10-13,Hamburg,Valencia,6810,9228,0.5933,Rain,4.3,86.26,Chemicals,Sea,0,21.4,2024-11-03 09:36:00,21.4,Mersin
SC-14234,2024-03-21,Singapore,Mersin,4655,5523,0.9203,Clear,1.2,148.42,Chemicals,Sea,0,12.8,2024-04-02 19:12:00,12.8,Mersin
SC-79300,2024-01-10,Felixstowe,İzmir,3402,7512,0.92,Clear,3.3,90.7,Textiles,Sea,0,17.4,2024-01-27 09:36:00,17.4,Barcelona
SC-53949,2024-01-08,Los Angeles,Singapore,5303,5702,0.6182,Clear,5.0,116.51,Machinery,Sea,0,13.2,2024-01-21 04:48:00,13.2,Barcelona
SC-47405,2024-07-23,Hamburg,Trieste,2657,7424,0.6591,Clear,4.1,112.78,Electronics,Sea,0,17.2,2024-08-09 04:48:00,17.2,Ambarli
SC-44872,2024-11-10,Antwerp,Ningbo,9440,10382,0.8512,Clear,1.5,139.37,Machinery,Sea,0,24.0,2024-12-04 00:00:00,24.0,Barcelona
SC-52215,2024-07-15,Barcelona,Shanghai,4118,11939,0.8691,Clear,3.7,107.77,Electronics,Sea,0,27.6,2024-08-11 14:24:00,27.6,Atina
SC-33185,2024-07-16,Rotterdam,Tokyo,3117,3628,0.8288,Clear,4.0,115.15,Chemicals,Sea,0,8.4,2024-07-24 09:36:00,8.4,İzmir
SC-53442,2024-01-30,Singapore,Valencia,4101,9907,0.9983,Clear,3.1,83.06,Machinery,Sea,0,22.9,2024-02-21 21:36:00,22.9,Piraeus
SC-61759,2024-01-20,Ningbo,Atina,8502,5372,0.9343,Clear,1.3,94.55,Textiles,Sea,0,12.4,2024-02-01 09:36:00,12.4,Jebel Ali
SC-51153,2024-02-17,Hamburg,İzmir,2742,10208,0.7085,Clear,1.1,138.31,Auto Parts,Sea,0,23.6,2024-03-11 14:24:00,23.6,Marsaxlokk
SC-87535,2024-05-09,Trieste,Los Angeles,14250,11789,0.6635,Rain,4.8,113.49,Electronics,Sea,1,35.5,2024-06-13 12:00:00,35.5,İzmir
SC-12581,2024-10-19,Atina,Ningbo,3894,11258,0.7984,Rain,2.0,96.17,Auto Parts,Sea,0,26.1,2024-11-14 02:24:00,26.1,Mersin
SC-61717,2024-05-11,Antwerp,Barcelona,4186,5139,0.9088,Clear,2.5,105.82,Chemicals,Sea,0,11.9,2024-05-22 21:36:00,11.9,İzmir
SC-12763,2024-12-21,Dubai,Mersin,12796,4259,0.7377,Clear,4.2,99.96,Chemicals,Sea,0,9.9,2024-12-30 21:36:00,9.9,Piraeus
SC-65480,2024-02-23,Antwerp,Valencia,2774,4250,0.8688,Clear,3.8,118.94,Chemicals,Sea,0,9.8,2024-03-03 19:12:00,9.8,Piraeus
SC-48759,2024-10-07,Busan,Rotterdam,17303,8121,0.5096,Clear,4.9,83.6,Auto Parts,Sea,1,24.4,2024-10-31 09:36:00,24.4,Mersin
SC-86067,2024-09-21,Trieste,Marsilya,8343,10181,0.9629,Hurricane,1.4,95.75,Chemicals,Sea,1,30.6,2024-10-21 14:24:00,30.6,Singapore
SC-35307,2024-08-02,Tokyo,Hamburg,8010,2283,0.8869,Clear,3.8,104.85,Chemicals,Sea,0,5.3,2024-08-07 07:12:00,5.3,Tanger Med
SC-21064,2024-10-16,Mersin,Atina,3511,7725,0.6971,Clear,1.3,144.97,Auto Parts,Sea,0,17.9,2024-11-02 21:36:00,17.9,Dubai
SC-86848,2024-02-12,Ningbo,Mersin,3149,9918,0.692,Clear,1.0,123.63,Chemicals,Sea,0,23.0,2024-03-06 00:00:00,23.0,Jebel Ali
SC-47548,2024-03-14,Shanghai,Shanghai,7774,7237,0.5514,Fog,1.5,115.3,Electronics,Sea,1,21.8,2024-04-04 19:12:00,21.8,Jebel Ali
SC-46945,2024-12-15,Trieste,Atina,5786,10794,0.9081,Clear,3.5,93.36,Machinery,Sea,0,25.0,2025-01-09 00:00:00,25.0,Mersin
SC-57937,2024-10-04,Mersin,Los Angeles,8421,11555,0.8843,Clear,3.7,119.05,Electronics,Sea,0,26.7,2024-10-30 16:48:00,26.7,Marsaxlokk
SC-16476,2024-11-21,Felixstowe,Atina,7085,6075,0.8151,Clear,2.8,145.03,Chemicals,Sea,0,14.1,2024-12-05 02:24:00,14.1,New York
SC-61756,2024-08-29,Dubai,New York,5873,8162,0.5507,Clear,1.2,119.64,Chemicals,Sea,0,18.9,2024-09-16 21:36:00,18.9,Trieste
SC-12382,2024-05-09,Dubai,Barcelona,3769,9636,0.6312,Clear,3.5,91.53,Chemicals,Sea,0,22.3,2024-05-31 07:12:00,22.3,Tanger Med
SC-59683,2024-12-15,New York,Ningbo,8131,7737,0.7295,Clear,1.3,149.8,Chemicals,Sea,0,17.9,2025-01-01 21:36:00,17.9,Atina
SC-97999,2024-07-12,Felixstowe,Tokyo,3143,10992,0.633,Clear,1.6,114.92,Auto Parts,Sea,0,25.4,2024-08-06 09:36:00,25.4,Atina
SC-55276,2024-02-01,New York,Hamburg,5750,10951,0.717,Clear,3.1,102.37,Machinery,Sea,0,25.3,2024-02-26 07:12:00,25.3,Tanger Med
SC-43402,2024-04-15,Valencia,Mersin,8377,10002,0.613,Clear,2.4,115.24,Auto Parts,Sea,0,23.2,2024-05-08 04:48:00,23.2,Jebel Ali
SC-36946,2024-07-22,Felixstowe,Mersin,6411,9072,0.6748,Clear,2.9,98.46,Auto Parts,Sea,0,21.0,2024-08-12 00:00:00,21.0,Tanger Med
SC-89698,2024-01-01,Barcelona,Tokyo,10048,3493,0.8261,Clear,3.5,82.13,Chemicals,Sea,0,8.1,2024-01-09 02:24:00,8.1,Atina
SC-83933,2024-09-01,Ningbo,Singapore,6637,11006,0.9462,Rain,1.6,142.27,Electronics,Sea,0,25.5,2024-09-26 12:00:00,25.5,New York
SC-32335,2024-03-12,Rotterdam,New York,2820,2372,0.6925,Fog,4.6,110.02,Electronics,Sea,0,5.5,2024-03-17 12:00:00,5.5,Barcelona
SC-55095,2024-11-01,Rotterdam,Dubai,9968,7587,0.846,Rain,3.2,132.7,Textiles,Sea,0,17.6,2024-11-18 14:24:00,17.6,Tanger Med
SC-89930,2024-01-15,Dubai,Barcelona,9364,9071,0.5674,Clear,1.1,147.99,Machinery,Sea,0,21.0,2024-02-05 00:00:00,21.0,Piraeus
SC-37197,2024-02-22,Atina,Singapore,4392,4891,0.7704,Clear,3.5,124.28,Textiles,Sea,0,11.3,2024-03-04 07:12:00,11.3,Marsaxlokk
SC-32010,2024-01-08,Antwerp,Tokyo,8582,8586,0.9609,Clear,2.9,128.41,Auto Parts,Sea,0,19.9,2024-01-27 21:36:00,19.9,Piraeus
SC-34123,2024-11-25,Atina,Hamburg,9843,9623,0.514,Clear,3.8,146.03,Textiles,Sea,0,22.3,2024-12-17 07:12:00,22.3,Trieste
SC-97923,2024-02-15,Mersin,Mersin,9706,5319,0.6338,Clear,4.1,116.16,Textiles,Sea,0,12.3,2024-02-27 07:12:00,12.3,Ambarli
SC-12890,2024-11-20,Singapore,Felixstowe,14528,5967,0.5662,Clear,4.8,102.39,Textiles,Sea,0,13.8,2024-12-03 19:12:00,13.8,Trieste
SC-18026,2024-04-23,Antwerp,Dubai,8174,2822,0.7666,Clear,5.0,144.5,Machinery,Sea,0,6.5,2024-04-29 12:00:00,6.5,Jebel Ali
SC-74925,2024-05-26,New York,Los Angeles,6573,2221,0.8398,Clear,3.2,84.83,Electronics,Sea,0,5.1,2024-05-31 02:24:00,5.1,Ambarli
SC-78842,2024-06-14,Los Angeles,Ambarli,4489,8880,0.5289,Clear,3.2,95.02,Electronics,Sea,0,20.6,2024-07-04 14:24:00,20.6,Atina
SC-43665,2024-05-18,Busan,Los Angeles,8935,11579,0.5351,Clear,1.1,103.89,Textiles,Sea,0,26.8,2024-06-13 19:12:00,26.8,Jebel Ali
SC-19277,2024-04-26,Valencia,Trieste,7157,5888,0.9348,Clear,4.5,134.75,Machinery,Sea,0,13.6,2024-05-09 14:24:00,13.6,Marsaxlokk
SC-52239,2024-10-25,Atina,İzmir,12395,7300,0.7281,Clear,1.1,143.27,Electronics,Sea,0,16.9,2024-11-10 21:36:00,16.9,Ambarli
SC-57664,2024-10-02,Felixstowe,Dubai,8692,5270,0.7315,Clear,3.5,111.63,Chemicals,Sea,0,12.2,2024-10-14 04:48:00,12.2,Atina
SC-58008,2024-10-03,Los Angeles,Shanghai,15068,6693,0.9723,Rain,1.4,100.03,Electronics,Sea,0,15.5,2024-10-18 12:00:00,15.5,Barcelona
SC-24683,2024-12-03,İzmir,Dubai,7656,9566,0.6601,Rain,2.1,104.72,Electronics,Sea,0,22.1,2024-12-25 02:24:00,22.1,Singapore
SC-10670,2024-11-08,Ambarli,Shanghai,8514,5993,0.9485,Clear,1.6,125.96,Machinery,Sea,0,13.9,2024-11-21 21:36:00,13.9,Tanger Med
SC-99211,2024-06-26,Mersin,Busan,12813,4598,0.9871,Rain,1.5,91.06,Machinery,Sea,0,10.6,2024-07-06 14:24:00,10.6,Dubai
SC-27889,2024-11-25,New York,Barcelona,9520,3666,0.6208,Clear,1.3,118.32,Electronics,Sea,0,8.5,2024-12-03 12:00:00,8.5,Atina
SC-65612,2024-12-19,Felixstowe,Mersin,5059,6757,0.757,Clear,2.3,121.19,Chemicals,Sea,0,15.6,2025-01-03 14:24:00,15.6,Tanger Med
SC-54535,2024-06-02,Felixstowe,Antwerp,6820,3554,0.7672,Clear,2.7,129.55,Chemicals,Sea,0,8.2,2024-06-10 04:48:00,8.2,Ambarli
SC-88542,2024-07-19,Rotterdam,Hamburg,12119,8115,0.9331,Rain,2.9,122.27,Textiles,Sea,0,18.8,2024-08-06 19:12:00,18.8,Piraeus
SC-64319,2024-04-24,Valencia,Dubai,4505,7437,0.652,Clear,2.8,86.79,Textiles,Sea,0,17.2,2024-05-11 04:48:00,17.2,Tanger Med
SC-31639,2024-06-07,Rotterdam,Atina,3340,8241,0.899,Clear,3.1,128.22,Electronics,Sea,0,19.1,2024-06-26 02:24:00,19.1,Mersin
SC-74712,2024-02-11,Dubai,Tokyo,5146,11272,0.9855,Clear,4.4,81.52,Electronics,Sea,0,26.1,2024-03-08 02:24:00,26.1,Atina
SC-26633,2024-09-03,Atina,Dubai,12307,2087,0.9202,Fog,3.5,107.32,Electronics,Sea,1,6.3,2024-09-09 07:12:00,6.3,Piraeus
SC-44660,2024-03-08,Ningbo,Hamburg,13609,9115,0.9546,Clear,1.1,109.19,Chemicals,Sea,0,21.1,2024-03-29 02:24:00,21.1,Atina
SC-78975,2024-11-21,Ningbo,Dubai,17807,4703,0.8542,Clear,1.7,88.16,Auto Parts,Sea,0,10.9,2024-12-01 21:36:00,10.9,Jebel Ali
SC-42172,2024-11-29,Antwerp,Ningbo,7901,4418,0.952,Clear,2.4,80.69,Textiles,Sea,0,10.2,2024-12-09 04:48:00,10.2,Jebel Ali
SC-69197,2024-07-14,Felixstowe,Hamburg,12440,6147,0.5824,Rain,4.8,84.98,Textiles,Sea,1,18.5,2024-08-01 12:00:00,18.5,Atina
SC-68847,2024-03-30,Dubai,Atina,5605,3747,0.8562,Clear,1.3,111.24,Auto Parts,Sea,0,8.7,2024-04-07 16:48:00,8.7,Mersin
SC-21577,2024-04-20,Shanghai,Singapore,9971,10232,0.8659,Clear,3.8,96.82,Electronics,Sea,0,23.7,2024-05-13 16:48:00,23.7,Marsaxlokk
SC-87299,2024-12-24,Mersin,Valencia,8499,2038,0.7196,Clear,1.1,84.83,Textiles,Sea,1,6.1,2024-12-30 02:24:00,6.1,Marsaxlokk
SC-30176,2024-05-24,Shanghai,Ningbo,3147,9043,0.5399,Clear,2.5,97.95,Chemicals,Sea,0,20.9,2024-06-13 21:36:00,20.9,New York
SC-54386,2024-10-01,Busan,Marsilya,10107,4151,0.8112,Clear,4.1,117.02,Auto Parts,Sea,0,9.6,2024-10-10 14:24:00,9.6,Atina
SC-73972,2024-06-27,Valencia,Mersin,6343,5937,0.5259,Clear,2.4,131.95,Chemicals,Sea,0,13.7,2024-07-10 16:48:00,13.7,Ambarli
SC-99791,2024-08-28,Mersin,Atina,3776,8886,0.6912,Rain,2.7,108.84,Electronics,Sea,0,20.6,2024-09-17 14:24:00,20.6,Piraeus
SC-51003,2024-11-21,Ningbo,Antwerp,7863,2208,0.6968,Clear,4.6,122.92,Textiles,Sea,0,5.1,2024-11-26 02:24:00,5.1,Ambarli
SC-29996,2024-11-14,Ambarli,Rotterdam,8044,2599,0.9995,Storm,1.3,121.77,Chemicals,Sea,1,7.8,2024-11-21 19:12:00,7.8,Singapore
SC-96598,2024-11-26,Barcelona,Singapore,9373,10796,0.6499,Rain,3.1,142.74,Auto Parts,Sea,0,25.0,2024-12-21 00:00:00,25.0,İzmir
SC-45931,2024-06-01,Mersin,Marsilya,8972,5709,0.9102,Clear,2.5,92.56,Electronics,Sea,0,13.2,2024-06-14 04:48:00,13.2,Tanger Med
SC-45710,2024-04-13,Rotterdam,Antwerp,10441,9726,0.5266,Clear,4.9,113.35,Textiles,Sea,1,29.3,2024-05-12 07:12:00,29.3,Jebel Ali
SC-44693,2024-03-15,Dubai,Dubai,4931,2213,0.7649,Rain,4.2,124.23,Textiles,Sea,0,5.1,2024-03-20 02:24:00,5.1,Piraeus
SC-45740,2024-05-07,Los Angeles,Dubai,3676,7723,0.7683,Clear,1.5,116.38,Electronics,Sea,0,17.9,2024-05-24 21:36:00,17.9,Atina
SC-87241,2024-07-17,Tokyo,Ningbo,9281,8552,0.8144,Clear,4.7,111.52,Electronics,Sea,0,19.8,2024-08-05 19:12:00,19.8,Barcelona
SC-86502,2024-06-02,Felixstowe,İzmir,5695,11768,0.905,Clear,1.8,148.14,Electronics,Sea,0,27.2,2024-06-29 04:48:00,27.2,Trieste
SC-27374,2024-02-25,Los Angeles,Dubai,8728,8238,0.881,Clear,1.3,145.94,Chemicals,Sea,0,19.1,2024-03-15 02:24:00,19.1,New York
SC-86674,2024-10-04,Rotterdam,Singapore,3264,10460,0.8805,Clear,3.2,122.8,Machinery,Sea,0,24.2,2024-10-28 04:48:00,24.2,New York
SC-91471,2024-12-10,Felixstowe,Barcelona,2811,4408,0.7161,Fog,3.9,110.77,Textiles,Sea,0,10.2,2024-12-20 04:48:00,10.2,Mersin
SC-55913,2024-01-19,Atina,Hamburg,3306,9972,0.8637,Rain,3.9,132.88,Chemicals,Sea,0,23.1,2024-02-11 02:24:00,23.1,Jebel Ali
SC-76025,2024-06-07,Atina,Trieste,7080,6778,0.7457,Clear,3.1,115.91,Auto Parts,Sea,0,15.7,2024-06-22 16:48:00,15.7,Singapore
SC-54516,2024-01-26,Felixstowe,Mersin,7326,2822,0.5335,Clear,3.0,149.69,Textiles,Sea,0,6.5,2024-02-01 12:00:00,6.5,New York
SC-97796,2024-06-17,Tokyo,Dubai,3131,8100,0.9451,Clear,4.9,128.02,Machinery,Sea,0,18.8,2024-07-05 19:12:00,18.8,Trieste
SC-36069,2024-01-23,New York,Mersin,15297,4595,0.9451,Clear,4.3,84.77,Auto Parts,Sea,0,10.6,2024-02-02 14:24:00,10.6,Mersin
SC-66233,2024-02-16,Tokyo,Ningbo,7593,10117,0.6614,Clear,3.8,108.13,Textiles,Sea,0,23.4,2024-03-10 09:36:00,23.4,Trieste
SC-94811,2024-01-13,İzmir,Antwerp,4463,5953,0.957,Rain,1.8,131.12,Machinery,Sea,0,13.8,2024-01-26 19:12:00,13.8,Dubai
SC-69049,2024-08-04,Marsilya,Atina,8638,5831,0.879,Fog,4.3,138.97,Electronics,Sea,1,17.5,2024-08-21 12:00:00,17.5,Marsaxlokk
SC-49178,2024-11-17,New York,Busan,2614,6583,0.7004,Clear,4.0,136.94,Machinery,Sea,0,15.2,2024-12-02 04:48:00,15.2,Ambarli
SC-42821,2024-07-12,Dubai,Shanghai,5119,8235,0.6658,Clear,5.0,148.41,Textiles,Sea,0,19.1,2024-07-31 02:24:00,19.1,Barcelona
SC-61727,2024-05-23,Valencia,Hamburg,19926,10842,0.9876,Clear,1.5,114.24,Machinery,Sea,0,25.1,2024-06-17 02:24:00,25.1,Marsaxlokk
SC-70935,2024-03-13,Trieste,Ningbo,6159,9983,0.8563,Clear,3.9,89.8,Textiles,Sea,0,23.1,2024-04-05 02:24:00,23.1,Dubai
SC-26999,2024-06-04,Ningbo,Shanghai,4854,8500,0.6894,Clear,4.9,125.66,Textiles,Sea,0,19.7,2024-06-23 16:48:00,19.7,Marsaxlokk
SC-72522,2024-03-17,Los Angeles,Busan,6049,7851,0.821,Rain,2.9,84.95,Machinery,Sea,0,18.2,2024-04-04 04:48:00,18.2,Barcelona
SC-48712,2024-06-17,Valencia,Shanghai,10286,3634,0.7858,Hurricane,3.9,148.15,Machinery,Sea,1,10.9,2024-06-27 21:36:00,10.9,Atina
SC-74551,2024-10-13,Tokyo,Felixstowe,5068,6814,0.7623,Fog,4.9,133.1,Auto Parts,Sea,1,20.5,2024-11-02 12:00:00,20.5,Jebel Ali
SC-50172,2024-03-25,Ningbo,Busan,4669,3167,0.8224,Rain,3.2,148.75,Auto Parts,Sea,0,7.3,2024-04-01 07:12:00,7.3,Barcelona
SC-43722,2024-06-30,Los Angeles,Ningbo,14398,6076,0.7688,Storm,3.8,106.41,Chemicals,Sea,1,18.3,2024-07-18 07:12:00,18.3,Mersin
SC-20625,2024-11-10,Valencia,Singapore,3740,10390,0.8274,Fog,1.1,81.11,Textiles,Sea,1,31.3,2024-12-11 07:12:00,31.3,Barcelona
SC-77165,2024-10-23,Ningbo,Felixstowe,7154,8958,0.9538,Clear,3.1,116.49,Auto Parts,Sea,0,20.7,2024-11-12 16:48:00,20.7,Tanger Med
SC-86509,2024-04-21,İzmir,Marsilya,3994,7442,0.9966,Clear,2.0,88.48,Chemicals,Sea,0,17.2,2024-05-08 04:48:00,17.2,Piraeus
SC-16859,2024-08-17,Atina,Valencia,6253,11547,0.8546,Clear,1.5,127.57,Textiles,Sea,0,26.7,2024-09-12 16:48:00,26.7,Mersin
SC-51609,2024-04-05,Los Angeles,New York,14773,8360,0.9639,Clear,3.8,114.83,Chemicals,Sea,0,19.4,2024-04-24 09:36:00,19.4,Marsaxlokk
SC-53307,2024-06-16,Dubai,Hamburg,13453,8699,0.9292,Clear,1.2,132.74,Auto Parts,Sea,0,20.1,2024-07-06 02:24:00,20.1,Mersin
SC-31839,2024-06-04,Busan,Barcelona,3378,5505,0.6475,Rain,4.6,100.37,Chemicals,Sea,0,12.7,2024-06-16 16:48:00,12.7,İzmir
SC-37216,2024-04-14,Los Angeles,Mersin,5040,2802,0.9665,Clear,3.1,138.04,Machinery,Sea,0,6.5,2024-04-20 12:00:00,6.5,Piraeus
SC-62953,2024-07-11,Barcelona,Ningbo,7840,9627,0.5354,Clear,3.6,125.56,Chemicals,Sea,0,22.3,2024-08-02 07:12:00,22.3,Jebel Ali
SC-94481,2024-11-25,Atina,Antwerp,8801,10892,0.665,Clear,2.0,149.14,Electronics,Sea,0,25.2,2024-12-20 04:48:00,25.2,Trieste
SC-70593,2024-05-11,Ambarli,Rotterdam,13430,2502,0.82,Clear,1.7,92.5,Electronics,Sea,0,5.8,2024-05-16 19:12:00,5.8,İzmir
SC-82075,2024-12-20,Los Angeles,Los Angeles,19024,7825,0.7635,Clear,2.0,83.58,Chemicals,Sea,0,18.1,2025-01-07 02:24:00,18.1,İzmir
SC-59522,2024-05-17,Busan,Dubai,6028,9939,0.7712,Clear,1.9,139.57,Electronics,Sea,0,23.0,2024-06-09 00:00:00,23.0,İzmir
SC-14886,2024-11-26,Los Angeles,Ambarli,5271,8032,0.8974,Clear,4.5,103.69,Chemicals,Sea,0,18.6,2024-12-14 14:24:00,18.6,Singapore
SC-17485,2024-09-26,Hamburg,İzmir,4446,9406,0.5974,Clear,4.1,110.19,Chemicals,Sea,0,21.8,2024-10-17 19:12:00,21.8,İzmir
SC-41455,2024-02-07,Ningbo,Rotterdam,7034,6719,0.991,Clear,4.4,144.8,Chemicals,Sea,0,15.6,2024-02-22 14:24:00,15.6,Jebel Ali
SC-26767,2024-02-14,Trieste,Dubai,3060,9748,0.7187,Clear,3.9,110.85,Electronics,Sea,0,22.6,2024-03-07 14:24:00,22.6,Dubai
SC-38453,2024-06-11,Los Angeles,Dubai,6579,4870,0.9749,Clear,3.6,100.86,Textiles,Sea,0,11.3,2024-06-22 07:12:00,11.3,Marsaxlokk
SC-86280,2024-11-26,Busan,Tokyo,4344,6758,0.6916,Clear,3.1,84.16,Chemicals,Sea,0,15.6,2024-12-11 14:24:00,15.6,Mersin
SC-63442,2024-09-09,İzmir,Trieste,9190,7968,0.8009,Clear,2.1,111.01,Chemicals,Sea,0,18.4,2024-09-27 09:36:00,18.4,Dubai
SC-61877,2024-06-17,İzmir,Valencia,6109,11610,0.7252,Clear,3.8,125.85,Machinery,Sea,0,26.9,2024-07-13 21:36:00,26.9,Singapore
SC-22226,2024-10-11,Valencia,Atina,8214,3098,0.838,Clear,1.5,98.84,Machinery,Sea,0,7.2,2024-10-18 04:48:00,7.2,Marsaxlokk
SC-32588,2024-09-30,Dubai,Tokyo,4041,5169,0.5918,Clear,3.0,130.24,Auto Parts,Sea,0,12.0,2024-10-12 00:00:00,12.0,Atina
SC-88976,2024-01-20,Busan,Antwerp,3776,2382,0.7003,Fog,1.8,113.48,Electronics,Sea,0,5.5,2024-01-25 12:00:00,5.5,Tanger Med
SC-41709,2024-08-26,İzmir,Busan,9617,9790,0.5342,Clear,3.0,140.07,Textiles,Sea,0,22.7,2024-09-17 16:48:00,22.7,New York
SC-57788,2024-09-26,Trieste,Barcelona,19606,5940,0.7991,Clear,2.2,91.32,Chemicals,Sea,0,13.8,2024-10-09 19:12:00,13.8,Jebel Ali
SC-98031,2024-11-05,Mersin,Trieste,6896,11585,0.9813,Rain,1.2,133.0,Chemicals,Sea,0,26.8,2024-12-01 19:12:00,26.8,Dubai
SC-47019,2024-01-31,Tokyo,Atina,11717,9452,0.523,Fog,3.0,145.28,Electronics,Sea,0,21.9,2024-02-21 21:36:00,21.9,Jebel Ali
SC-54948,2024-11-09,Dubai,Mersin,8253,8452,0.8298,Clear,1.7,131.9,Auto Parts,Sea,0,19.6,2024-11-28 14:24:00,19.6,Tanger Med
SC-75133,2024-04-13,Dubai,Busan,9878,11844,0.8875,Rain,1.6,108.42,Auto Parts,Sea,0,27.4,2024-05-10 09:36:00,27.4,Singapore
SC-76458,2024-06-18,New York,Hamburg,8456,6271,0.6066,Rain,2.5,96.13,Machinery,Sea,0,14.5,2024-07-02 12:00:00,14.5,Jebel Ali
SC-37526,2024-07-04,Valencia,Dubai,12743,6323,0.6365,Clear,2.4,86.89,Electronics,Sea,0,14.6,2024-07-18 14:24:00,14.6,İzmir
SC-83493,2024-05-07,Los Angeles,Valencia,8550,4038,0.6008,Rain,4.5,124.97,Auto Parts,Sea,0,9.3,2024-05-16 07:12:00,9.3,Barcelona
SC-62198,2024-07-28,Marsilya,Rotterdam,8989,7461,0.6487,Clear,3.3,90.0,Auto Parts,Sea,0,17.3,2024-08-14 07:12:00,17.3,Piraeus
SC-53395,2024-10-07,Marsilya,Valencia,8482,10063,0.555,Clear,4.4,138.68,Textiles,Sea,0,23.3,2024-10-30 07:12:00,23.3,Jebel Ali
SC-34031,2024-09-09,Ambarli,Shanghai,14137,3985,0.6852,Clear,1.6,147.25,Machinery,Sea,0,9.2,2024-09-18 04:48:00,9.2,Marsaxlokk
SC-85542,2024-01-19,New York,Antwerp,9312,3262,0.6845,Clear,2.4,89.51,Machinery,Sea,0,7.6,2024-01-26 14:24:00,7.6,New York
SC-47701,2024-07-18,Antwerp,Ningbo,7982,7731,0.9036,Fog,3.2,106.32,Machinery,Sea,1,23.3,2024-08-10 07:12:00,23.3,Trieste
SC-35939,2024-08-07,Antwerp,New York,5369,7116,0.9005,Rain,1.6,145.61,Auto Parts,Sea,0,16.5,2024-08-23 12:00:00,16.5,Tanger Med
SC-59145,2024-05-15,Mersin,Marsilya,8434,11903,0.8984,Fog,1.5,112.95,Chemicals,Sea,1,35.8,2024-06-19 19:12:00,35.8,Marsaxlokk
SC-30324,2024-08-10,Singapore,İzmir,17785,2349,0.7835,Clear,3.6,117.48,Auto Parts,Sea,0,5.4,2024-08-15 09:36:00,5.4,Tanger Med
SC-32867,2024-01-03,Shanghai,New York,14372,2440,0.6629,Clear,3.6,132.33,Auto Parts,Sea,0,5.6,2024-01-08 14:24:00,5.6,Ambarli
SC-10203,2024-08-23,İzmir,Trieste,3367,4808,0.7055,Rain,1.9,94.74,Electronics,Sea,0,11.1,2024-09-03 02:24:00,11.1,Piraeus
SC-26544,2024-12-07,Los Angeles,Singapore,9137,4562,0.6589,Clear,1.9,148.54,Machinery,Sea,0,10.6,2024-12-17 14:24:00,10.6,Marsaxlokk
SC-25899,2024-08-15,Valencia,Busan,3467,5152,0.791,Clear,4.0,134.66,Machinery,Sea,0,11.9,2024-08-26 21:36:00,11.9,Mersin
SC-39063,2024-05-21,Rotterdam,Trieste,7217,11576,0.969,Rain,1.5,91.3,Textiles,Sea,0,26.8,2024-06-16 19:12:00,26.8,Jebel Ali
SC-13748,2024-01-09,Barcelona,Rotterdam,2588,10479,0.6422,Clear,4.7,87.77,Machinery,Sea,0,24.3,2024-02-02 07:12:00,24.3,İzmir
SC-76629,2024-07-08,Los Angeles,Valencia,6235,11189,0.7294,Clear,4.8,145.45,Auto Parts,Sea,0,25.9,2024-08-02 21:36:00,25.9,İzmir
SC-90764,2024-12-15,New York,Rotterdam,14642,4333,0.8276,Clear,4.5,127.95,Electronics,Sea,0,10.0,2024-12-25 00:00:00,10.0,İzmir
SC-30884,2024-06-13,Dubai,Dubai,6686,11614,0.9223,Clear,1.8,82.7,Textiles,Sea,0,26.9,2024-07-09 21:36:00,26.9,Mersin
SC-35183,2024-05-18,Singapore,Los Angeles,3435,2073,0.6267,Clear,1.1,89.94,Auto Parts,Sea,1,6.2,2024-05-24 04:48:00,6.2,Ambarli
SC-91570,2024-10-02,İzmir,Trieste,8646,11654,0.6401,Clear,4.7,83.35,Auto Parts,Sea,0,27.0,2024-10-29 00:00:00,27.0,Tanger Med
SC-81246,2024-10-17,Valencia,Busan,9621,9544,0.9426,Clear,2.4,148.19,Textiles,Sea,0,22.1,2024-11-08 02:24:00,22.1,New York
SC-29259,2024-02-22,Busan,Rotterdam,5200,8949,0.5401,Rain,2.2,114.85,Auto Parts,Sea,0,20.7,2024-03-13 16:48:00,20.7,Marsaxlokk
SC-45959,2024-06-23,Mersin,Tokyo,5175,4205,0.8027,Clear,2.0,112.35,Auto Parts,Sea,0,9.7,2024-07-02 16:48:00,9.7,Trieste
SC-43457,2024-04-19,Felixstowe,New York,4655,10621,0.9302,Clear,2.0,146.9,Electronics,Sea,0,24.6,2024-05-13 14:24:00,24.6,Atina
SC-95679,2024-07-21,Los Angeles,Valencia,7572,3471,0.9609,Clear,3.9,115.32,Electronics,Sea,0,8.0,2024-07-29 00:00:00,8.0,Atina
SC-12103,2024-05-15,Ningbo,Shanghai,6077,5481,0.5063,Clear,4.6,116.24,Electronics,Sea,0,12.7,2024-05-27 16:48:00,12.7,Mersin
SC-75901,2024-01-04,Hamburg,Atina,8915,9538,0.6848,Hurricane,4.1,148.89,Machinery,Sea,1,28.7,2024-02-01 16:48:00,28.7,Atina
SC-54535,2024-06-03,Mersin,Valencia,11256,5180,0.6286,Clear,3.7,87.8,Textiles,Sea,0,12.0,2024-06-15 00:00:00,12.0,Tanger Med
SC-26103,2024-06-20,Mersin,Ambarli,5176,3730,0.784,Clear,2.2,149.0,Electronics,Sea,1,11.2,2024-07-01 04:48:00,11.2,Trieste
SC-88278,2024-12-23,New York,Antwerp,4373,2035,0.8164,Clear,3.2,91.6,Auto Parts,Sea,0,4.7,2024-12-27 16:48:00,4.7,Mersin
SC-22391,2024-02-16,New York,Valencia,5223,3020,0.9999,Clear,1.9,113.1,Machinery,Sea,0,7.0,2024-02-23 00:00:00,7.0,Singapore
SC-38901,2024-04-03,New York,Barcelona,9944,7534,0.7564,Rain,1.4,103.63,Textiles,Sea,0,17.4,2024-04-20 09:36:00,17.4,New York
SC-91159,2024-02-17,Antwerp,Dubai,9229,9161,0.7757,Rain,1.5,146.88,Electronics,Sea,1,27.6,2024-03-15 14:24:00,27.6,Mersin
SC-77914,2024-08-27,Antwerp,Antwerp,4769,10009,0.7072,Clear,3.4,113.99,Electronics,Sea,0,23.2,2024-09-19 04:48:00,23.2,Tanger Med
SC-60357,2024-12-12,Felixstowe,Hamburg,6298,5117,0.5738,Fog,1.2,81.61,Textiles,Sea,1,15.4,2024-12-27 09:36:00,15.4,Tanger Med
SC-96908,2024-07-31,Felixstowe,İzmir,9213,4535,0.6517,Clear,4.9,95.52,Electronics,Sea,0,10.5,2024-08-10 12:00:00,10.5,Mersin
SC-48437,2024-12-05,Mersin,Barcelona,2925,6714,0.6235,Clear,5.0,110.16,Textiles,Sea,0,15.5,2024-12-20 12:00:00,15.5,Barcelona
SC-45503,2024-11-19,New York,Trieste,7999,10337,0.9006,Clear,1.6,127.35,Textiles,Sea,0,23.9,2024-12-12 21:36:00,23.9,New York
SC-85403,2024-05-18,Shanghai,Ningbo,5650,6963,0.7729,Clear,2.7,119.33,Auto Parts,Sea,0,16.1,2024-06-03 02:24:00,16.1,Piraeus
SC-51258,2024-07-23,Tokyo,Atina,8361,8091,0.6481,Clear,4.1,139.49,Textiles,Sea,0,18.7,2024-08-10 16:48:00,18.7,Trieste
SC-43724,2024-03-13,Atina,Valencia,2756,3026,0.7445,Fog,4.8,137.99,Chemicals,Sea,1,9.1,2024-03-22 02:24:00,9.1,Singapore
SC-74286,2024-01-04,Tokyo,Valencia,6636,5665,0.6094,Rain,4.6,121.34,Electronics,Sea,0,13.1,2024-01-17 02:24:00,13.1,Marsaxlokk
SC-84842,2024-03-16,Tokyo,Ningbo,16239,3286,0.5926,Clear,2.0,119.99,Auto Parts,Sea,0,7.6,2024-03-23 14:24:00,7.6,Dubai
SC-24908,2024-11-24,Dubai,Felixstowe,10443,4846,0.93,Clear,1.3,99.47,Machinery,Sea,0,11.2,2024-12-05 04:48:00,11.2,Piraeus
SC-60626,2024-03-17,Busan,Hamburg,3864,10512,0.9724,Rain,2.2,147.05,Chemicals,Sea,0,24.3,2024-04-10 07:12:00,24.3,Atina
SC-47228,2024-10-30,Shanghai,Hamburg,3691,9774,0.54,Clear,2.7,85.38,Textiles,Sea,0,22.6,2024-11-21 14:24:00,22.6,Tanger Med
SC-33386,2024-09-12,Shanghai,Hamburg,5008,4293,0.8824,Clear,2.4,107.79,Machinery,Sea,0,9.9,2024-09-21 21:36:00,9.9,Piraeus
SC-56754,2024-04-11,Antwerp,Mersin,6782,3612,0.7267,Clear,4.1,126.26,Machinery,Sea,0,8.4,2024-04-19 09:36:00,8.4,Dubai
SC-38302,2024-04-15,Los Angeles,Busan,3981,2476,0.6945,Clear,2.0,146.2,Machinery,Sea,0,5.7,2024-04-20 16:48:00,5.7,Tanger Med
SC-70815,2024-11-28,Ningbo,Dubai,5624,9426,0.8447,Clear,4.4,115.11,Machinery,Sea,0,21.8,2024-12-19 19:12:00,21.8,Tanger Med
SC-94748,2024-02-08,Valencia,Ambarli,3163,10974,0.6331,Clear,1.9,142.71,Auto Parts,Sea,0,25.4,2024-03-04 09:36:00,25.4,Mersin
SC-73344,2024-11-09,Rotterdam,New York,13373,3947,0.5103,Clear,2.4,87.34,Auto Parts,Sea,0,9.1,2024-11-18 02:24:00,9.1,Marsaxlokk
SC-45618,2024-10-01,Dubai,Dubai,9956,5331,0.607,Clear,2.8,117.21,Machinery,Sea,0,12.3,2024-10-13 07:12:00,12.3,Marsaxlokk
SC-86234,2024-03-28,Dubai,Barcelona,8007,7260,0.5925,Storm,2.2,102.12,Chemicals,Sea,0,16.8,2024-04-13 19:12:00,16.8,Piraeus
SC-71114,2024-07-29,Mersin,Ambarli,2880,8066,0.517,Rain,4.1,135.7,Electronics,Sea,0,18.7,2024-08-16 16:48:00,18.7,Dubai
SC-80130,2024-03-17,Barcelona,Mersin,5150,9647,0.6607,Clear,2.6,111.15,Electronics,Sea,0,22.3,2024-04-08 07:12:00,22.3,New York
SC-35525,2024-03-17,Trieste,Mersin,6700,7469,0.7373,Clear,4.5,113.27,Auto Parts,Sea,0,17.3,2024-04-03 07:12:00,17.3,Barcelona
SC-89818,2024-01-28,Dubai,Barcelona,11717,3593,0.8679,Clear,4.9,84.53,Chemicals,Sea,0,8.3,2024-02-05 07:12:00,8.3,Singapore
SC-24334,2024-09-01,Atina,Ningbo,9319,11939,0.6628,Clear,4.4,110.66,Chemicals,Sea,0,27.6,2024-09-28 14:24:00,27.6,Ambarli
SC-72767,2024-03-06,Barcelona,Los Angeles,8683,9704,0.5973,Rain,3.1,85.66,Textiles,Sea,0,22.5,2024-03-28 12:00:00,22.5,Atina
SC-16644,2024-09-22,İzmir,Shanghai,7122,8154,0.6153,Clear,3.0,100.97,Auto Parts,Sea,0,18.9,2024-10-10 21:36:00,18.9,Ambarli
SC-42933,2024-07-23,Rotterdam,Rotterdam,4260,2256,0.9456,Clear,1.9,88.88,Chemicals,Sea,0,5.2,2024-07-28 04:48:00,5.2,Atina
SC-53469,2024-02-27,Trieste,Atina,2811,8512,0.6024,Fog,3.4,103.41,Chemicals,Sea,1,25.6,2024-03-23 14:24:00,25.6,Ambarli
SC-43687,2024-07-19,Atina,Los Angeles,8652,4991,0.9396,Clear,4.8,95.92,Electronics,Sea,0,11.6,2024-07-30 14:24:00,11.6,Marsaxlokk
SC-62656,2024-08-12,Shanghai,Shanghai,7483,3417,0.7235,Fog,1.3,99.96,Chemicals,Sea,0,7.9,2024-08-19 21:36:00,7.9,Singapore
SC-27375,2024-05-21,Tokyo,İzmir,9485,9760,0.9672,Fog,4.0,90.39,Chemicals,Sea,0,22.6,2024-06-12 14:24:00,22.6,Trieste
SC-75206,2024-03-24,Busan,Atina,5013,9965,0.704,Clear,4.5,110.77,Machinery,Sea,0,23.1,2024-04-16 02:24:00,23.1,Trieste
SC-46607,2024-05-22,Busan,Busan,4239,6114,0.5888,Fog,4.9,114.83,Electronics,Sea,0,14.2,2024-06-05 04:48:00,14.2,Jebel Ali
SC-93178,2024-12-17,Barcelona,Tokyo,5630,10301,0.7745,Clear,2.3,138.57,Electronics,Sea,0,23.8,2025-01-09 19:12:00,23.8,Jebel Ali
SC-33993,2024-02-02,Hamburg,Trieste,2556,4552,0.7939,Storm,2.4,117.72,Machinery,Sea,1,13.7,2024-02-15 16:48:00,13.7,İzmir
SC-54386,2024-05-31,Ambarli,Felixstowe,12609,11249,0.8177,Clear,1.9,96.01,Electronics,Sea,0,26.0,2024-06-26 00:00:00,26.0,Dubai
SC-56287,2024-06-06,Los Angeles,Busan,3962,7407,0.7057,Rain,4.2,131.51,Textiles,Sea,0,17.1,2024-06-23 02:24:00,17.1,Atina
SC-96724,2024-05-20,Valencia,Ambarli,8463,6733,0.5243,Rain,1.6,100.81,Textiles,Sea,0,15.6,2024-06-04 14:24:00,15.6,Tanger Med
SC-86312,2024-09-07,Ningbo,Shanghai,5739,4042,0.8134,Clear,2.1,132.95,Auto Parts,Sea,0,9.4,2024-09-16 09:36:00,9.4,Barcelona
SC-85324,2024-10-29,Marsilya,New York,6918,4181,0.9665,Clear,2.2,107.1,Electronics,Sea,0,9.7,2024-11-07 16:48:00,9.7,Jebel Ali
SC-81196,2024-04-21,Tokyo,Barcelona,9852,6492,0.9788,Fog,2.5,115.96,Electronics,Sea,0,15.0,2024-05-06 00:00:00,15.0,Marsaxlokk
SC-80014,2024-05-23,Tokyo,Valencia,10393,5558,0.7984,Fog,2.7,115.26,Textiles,Sea,0,12.9,2024-06-04 21:36:00,12.9,Trieste
SC-18210,2024-07-27,Tokyo,Tokyo,7346,11813,0.5099,Clear,3.2,146.89,Auto Parts,Sea,0,27.3,2024-08-23 07:12:00,27.3,Piraeus
SC-20922,2024-08-11,Atina,Dubai,3455,5658,0.553,Clear,4.8,90.76,Auto Parts,Sea,0,13.1,2024-08-24 02:24:00,13.1,Marsaxlokk
SC-46289,2024-02-12,Valencia,Valencia,3771,4694,0.917,Clear,2.0,145.7,Textiles,Sea,0,10.9,2024-02-22 21:36:00,10.9,Piraeus
SC-43340,2024-09-20,Shanghai,Shanghai,9745,5884,0.9149,Rain,4.1,119.34,Textiles,Sea,0,13.6,2024-10-03 14:24:00,13.6,Singapore
SC-49850,2024-08-31,İzmir,Dubai,3261,6780,0.973,Clear,3.7,149.56,Machinery,Sea,0,15.7,2024-09-15 16:48:00,15.7,New York
SC-66984,2024-01-03,Marsilya,Atina,8698,5284,0.7819,Rain,1.5,120.12,Auto Parts,Sea,0,12.2,2024-01-15 04:48:00,12.2,Singapore
SC-94178,2024-05-04,New York,Dubai,5833,7952,0.9319,Clear,4.2,125.95,Auto Parts,Sea,0,18.4,2024-05-22 09:36:00,18.4,İzmir
SC-21094,2024-09-24,Barcelona,Singapore,8722,9517,0.9124,Clear,1.4,132.47,Machinery,Sea,1,28.6,2024-10-22 14:24:00,28.6,Barcelona
SC-97959,2024-03-24,Marsilya,Tokyo,18727,8162,0.7947,Clear,4.0,137.53,Textiles,Sea,0,18.9,2024-04-11 21:36:00,18.9,Mersin
SC-43418,2024-01-16,Marsilya,New York,14989,7106,0.8918,Clear,3.9,113.43,Machinery,Sea,0,16.4,2024-02-01 09:36:00,16.4,Piraeus
SC-15741,2024-11-29,İzmir,Singapore,4698,4166,0.5629,Clear,3.8,127.5,Machinery,Sea,0,9.6,2024-12-08 14:24:00,9.6,New York
SC-82374,2024-02-28,New York,Shanghai,7324,6397,0.8196,Clear,2.1,123.04,Chemicals,Sea,0,14.8,2024-03-13 19:12:00,14.8,Marsaxlokk
SC-78798,2024-06-25,Busan,Shanghai,15044,9668,0.9767,Clear,3.3,108.5,Auto Parts,Sea,0,22.4,2024-07-17 09:36:00,22.4,Barcelona
SC-80532,2024-03-03,Marsilya,Dubai,4288,5392,0.581,Clear,4.0,137.46,Textiles,Sea,0,12.5,2024-03-15 12:00:00,12.5,İzmir
SC-32164,2024-02-18,Marsilya,Tokyo,10260,5711,0.872,Clear,3.6,93.47,Chemicals,Sea,0,13.2,2024-03-02 04:48:00,13.2,Barcelona
SC-45595,2024-11-02,Ningbo,Dubai,2735,7879,0.6604,Clear,4.2,91.7,Chemicals,Sea,0,18.2,2024-11-20 04:48:00,18.2,İzmir
SC-40257,2024-09-02,Busan,Mersin,15661,3586,0.9086,Clear,3.8,131.55,Chemicals,Sea,0,8.3,2024-09-10 07:12:00,8.3,New York
SC-24211,2024-10-15,Trieste,Los Angeles,4461,11406,0.8486,Clear,2.1,124.62,Textiles,Sea,0,26.4,2024-11-10 09:36:00,26.4,Barcelona
SC-15232,2024-10-12,İzmir,Hamburg,6062,9138,0.9631,Rain,1.6,102.24,Machinery,Sea,0,21.2,2024-11-02 04:48:00,21.2,Trieste
SC-77753,2024-11-27,Barcelona,Antwerp,13613,9662,0.856,Clear,3.5,124.46,Textiles,Sea,0,22.4,2024-12-19 09:36:00,22.4,Trieste
SC-62691,2024-01-15,Los Angeles,Ambarli,6303,9404,0.7052,Clear,4.0,133.95,Auto Parts,Sea,0,21.8,2024-02-05 19:12:00,21.8,Piraeus
SC-99765,2024-12-03,İzmir,Shanghai,2805,11837,0.5054,Fog,1.6,95.19,Auto Parts,Sea,0,27.4,2024-12-30 09:36:00,27.4,Dubai
SC-89768,2024-09-11,Shanghai,Singapore,7618,11542,0.8965,Clear,1.7,120.7,Machinery,Sea,0,26.7,2024-10-07 16:48:00,26.7,Jebel Ali
SC-35613,2024-04-01,Rotterdam,Ambarli,7845,10556,0.7042,Rain,1.0,137.73,Textiles,Sea,1,31.8,2024-05-02 19:12:00,31.8,Tanger Med
SC-24026,2024-10-05,Hamburg,Trieste,3409,5939,0.8353,Storm,3.1,108.79,Machinery,Sea,1,17.9,2024-10-22 21:36:00,17.9,Marsaxlokk
SC-63535,2024-07-24,Dubai,Atina,5780,5199,0.5525,Clear,3.2,120.02,Machinery,Sea,0,12.0,2024-08-05 00:00:00,12.0,Piraeus
SC-40908,2024-04-03,Valencia,Singapore,3088,11818,0.9455,Clear,3.0,85.5,Textiles,Sea,0,27.4,2024-04-30 09:36:00,27.4,Marsaxlokk
SC-62113,2024-08-12,Rotterdam,Valencia,17026,11837,0.7178,Clear,2.3,138.13,Auto Parts,Sea,0,27.4,2024-09-08 09:36:00,27.4,Singapore
SC-29610,2024-10-27,Rotterdam,Atina,7957,8941,0.9598,Clear,2.7,135.73,Textiles,Sea,0,20.7,2024-11-16 16:48:00,20.7,Singapore
SC-56646,2024-11-13,Ambarli,Singapore,3901,2981,0.8535,Clear,4.1,111.94,Auto Parts,Sea,0,6.9,2024-11-19 21:36:00,6.9,Trieste
SC-73185,2024-07-17,Singapore,Valencia,8758,5552,0.5607,Clear,1.7,88.35,Electronics,Sea,0,12.9,2024-07-29 21:36:00,12.9,Jebel Ali
SC-82567,2024-09-27,Valencia,Rotterdam,8264,2921,0.7896,Clear,1.8,126.23,Electronics,Sea,0,6.8,2024-10-03 19:12:00,6.8,Ambarli
SC-57574,2024-08-21,Hamburg,Mersin,7006,5658,0.955,Rain,3.7,120.11,Electronics,Sea,0,13.1,2024-09-03 02:24:00,13.1,Jebel Ali
SC-46182,2024-02-15,Felixstowe,Antwerp,14507,5995,0.9,Clear,4.5,144.36,Chemicals,Sea,0,13.9,2024-02-28 21:36:00,13.9,New York
SC-10570,2024-03-04,Felixstowe,Hamburg,9883,9064,0.709,Rain,2.4,99.59,Auto Parts,Sea,0,21.0,2024-03-25 00:00:00,21.0,Barcelona
SC-29288,2024-08-17,Valencia,İzmir,12648,7052,0.9775,Clear,4.7,82.26,Auto Parts,Sea,0,16.3,2024-09-02 07:12:00,16.3,Dubai
SC-88824,2024-09-05,Atina,Trieste,4517,7406,0.6343,Clear,1.2,97.83,Textiles,Sea,0,17.1,2024-09-22 02:24:00,17.1,Piraeus
SC-39877,2024-09-02,Trieste,Hamburg,2924,6277,0.6876,Clear,1.5,109.95,Auto Parts,Sea,0,14.5,2024-09-16 12:00:00,14.5,İzmir
SC-94425,2024-03-15,Ambarli,Ningbo,10706,3474,0.8749,Clear,2.8,90.88,Textiles,Sea,0,8.0,2024-03-23 00:00:00,8.0,Jebel Ali
SC-10917,2024-06-05,Tokyo,Valencia,6596,9098,0.6165,Clear,3.9,148.58,Chemicals,Sea,0,21.1,2024-06-26 02:24:00,21.1,Singapore
SC-85602,2024-08-10,New York,Felixstowe,5809,5767,0.7577,Clear,2.5,95.57,Textiles,Sea,0,13.3,2024-08-23 07:12:00,13.3,Trieste
SC-74575,2024-07-08,Dubai,Antwerp,9179,8719,0.8644,Clear,3.2,127.45,Electronics,Sea,0,20.2,2024-07-28 04:48:00,20.2,Mersin
SC-82518,2024-02-21,Singapore,İzmir,4503,10594,0.822,Clear,1.1,111.79,Textiles,Sea,0,24.5,2024-03-16 12:00:00,24.5,Piraeus
SC-49104,2024-03-28,Ningbo,Barcelona,8674,11339,0.5777,Rain,2.8,118.86,Textiles,Sea,0,26.2,2024-04-23 04:48:00,26.2,Piraeus
SC-28062,2024-11-08,Dubai,New York,9396,2612,0.8148,Clear,2.0,145.29,Textiles,Sea,0,6.0,2024-11-14 00:00:00,6.0,Jebel Ali
SC-26999,2024-12-04,Dubai,Felixstowe,9372,9286,0.7864,Clear,3.1,117.21,Auto Parts,Sea,0,21.5,2024-12-25 12:00:00,21.5,Atina
SC-71845,2024-03-06,Tokyo,Ambarli,7875,11805,0.7789,Clear,3.1,101.37,Machinery,Sea,0,27.3,2024-04-02 07:12:00,27.3,Jebel Ali
SC-19941,2024-05-29,New York,Trieste,4992,5017,0.913,Clear,4.0,95.46,Machinery,Sea,0,11.6,2024-06-09 14:24:00,11.6,Marsaxlokk
SC-71169,2024-01-20,Ningbo,Singapore,6626,6788,0.5919,Clear,3.2,142.44,Machinery,Sea,0,15.7,2024-02-04 16:48:00,15.7,İzmir
SC-33470,2024-02-02,Atina,Atina,6120,11926,0.8758,Rain,3.5,149.07,Auto Parts,Sea,0,27.6,2024-02-29 14:24:00,27.6,Tanger Med
SC-69821,2024-11-23,Marsilya,Dubai,9406,9102,0.8805,Storm,3.1,97.63,Electronics,Sea,1,27.4,2024-12-20 09:36:00,27.4,Ambarli
SC-96669,2024-10-07,Tokyo,Marsilya,9162,5201,0.8613,Clear,5.0,130.54,Machinery,Sea,0,12.0,2024-10-19 00:00:00,12.0,Tanger Med
SC-54435,2024-02-15,Ningbo,Marsilya,3353,2752,0.753,Clear,4.2,115.4,Machinery,Sea,0,6.4,2024-02-21 09:36:00,6.4,İzmir
SC-14529,2024-03-13,Rotterdam,Busan,4846,9556,0.6978,Clear,4.0,128.9,Chemicals,Sea,0,22.1,2024-04-04 02:24:00,22.1,Marsaxlokk
SC-93055,2024-12-19,Busan,Dubai,2545,3341,0.6973,Clear,3.5,147.5,Chemicals,Sea,0,7.7,2024-12-26 16:48:00,7.7,Marsaxlokk
SC-22192,2024-11-08,Dubai,Hamburg,4880,10696,0.8669,Clear,3.1,99.33,Electronics,Sea,0,24.8,2024-12-02 19:12:00,24.8,Marsaxlokk
SC-84102,2024-12-08,Shanghai,İzmir,16325,9014,0.7489,Clear,2.4,131.8,Textiles,Sea,0,20.9,2024-12-28 21:36:00,20.9,Atina
SC-82762,2024-05-12,Marsilya,Dubai,9876,8755,0.6692,Clear,4.1,110.66,Textiles,Sea,0,20.3,2024-06-01 07:12:00,20.3,Barcelona
SC-96795,2024-02-24,Tokyo,Marsilya,14774,5482,0.8127,Clear,1.8,125.68,Chemicals,Sea,0,12.7,2024-03-07 16:48:00,12.7,Piraeus
SC-44087,2024-03-01,Shanghai,Rotterdam,5618,9728,0.9185,Clear,1.1,108.47,Chemicals,Sea,0,22.5,2024-03-23 12:00:00,22.5,İzmir
SC-76677,2024-12-10,Los Angeles,Atina,13111,7565,0.5308,Clear,3.8,129.58,Electronics,Sea,0,17.5,2024-12-27 12:00:00,17.5,Marsaxlokk
SC-14627,2024-01-08,New York,Trieste,3449,9611,0.9861,Clear,1.6,103.63,Electronics,Sea,0,22.2,2024-01-30 04:48:00,22.2,Ambarli
SC-66541,2024-09-28,Rotterdam,Busan,7572,9930,0.5483,Clear,4.6,114.18,Auto Parts,Sea,1,29.9,2024-10-27 21:36:00,29.9,İzmir
SC-78226,2024-09-02,İzmir,Dubai,2756,8517,0.7559,Clear,4.1,129.62,Textiles,Sea,0,19.7,2024-09-21 16:48:00,19.7,Ambarli
SC-13255,2024-06-24,Marsilya,New York,13702,4422,0.7801,Fog,3.4,82.99,Auto Parts,Sea,1,13.3,2024-07-07 07:12:00,13.3,Barcelona
SC-67433,2024-04-25,Hamburg,Mersin,5329,10865,0.5691,Rain,2.3,102.97,Machinery,Sea,1,32.7,2024-05-27 16:48:00,32.7,İzmir
SC-15213,2024-11-12,Valencia,Atina,6526,7985,0.9578,Clear,3.6,118.23,Electronics,Sea,0,18.5,2024-11-30 12:00:00,18.5,İzmir
SC-29404,2024-09-27,Dubai,Barcelona,8579,8947,0.7357,Clear,2.9,85.19,Textiles,Sea,0,20.7,2024-10-17 16:48:00,20.7,Jebel Ali
SC-35380,2024-07-11,Tokyo,İzmir,7210,10784,0.5716,Clear,2.2,129.22,Textiles,Sea,0,25.0,2024-08-05 00:00:00,25.0,Mersin
SC-29173,2024-05-29,Felixstowe,Ambarli,4949,9635,0.8558,Fog,4.8,136.93,Auto Parts,Sea,0,22.3,2024-06-20 07:12:00,22.3,Trieste
SC-63027,2024-05-10,Los Angeles,Antwerp,13986,5668,0.8317,Fog,1.6,91.43,Chemicals,Sea,0,13.1,2024-05-23 02:24:00,13.1,New York
SC-33989,2024-04-11,Dubai,Hamburg,4060,8462,0.9814,Clear,4.0,131.34,Chemicals,Sea,0,19.6,2024-04-30 14:24:00,19.6,Trieste
SC-34519,2024-11-05,Ambarli,Hamburg,12186,5138,0.7208,Clear,4.2,125.23,Electronics,Sea,0,11.9,2024-11-16 21:36:00,11.9,New York
SC-32439,2024-09-26,Barcelona,Felixstowe,13597,6509,0.6339,Clear,4.8,108.76,Chemicals,Sea,0,15.1,2024-10-11 02:24:00,15.1,Tanger Med
SC-86949,2024-10-18,Ambarli,İzmir,5449,4500,0.53,Rain,3.2,91.55,Machinery,Sea,0,10.4,2024-10-28 09:36:00,10.4,Trieste
SC-24995,2024-07-28,Valencia,Rotterdam,6252,4793,0.8666,Fog,3.1,146.84,Textiles,Sea,1,14.4,2024-08-11 09:36:00,14.4,Trieste
SC-33559,2024-12-26,Hamburg,Barcelona,4824,6293,0.8086,Clear,4.7,112.48,Chemicals,Sea,0,14.6,2025-01-09 14:24:00,14.6,New York
SC-99049,2024-12-03,Singapore,Ambarli,11699,11904,0.9863,Rain,4.2,92.86,Electronics,Sea,0,27.6,2024-12-30 14:24:00,27.6,New York
SC-15021,2024-03-07,Dubai,Singapore,7758,7399,0.8561,Clear,4.1,130.27,Machinery,Sea,0,17.1,2024-03-24 02:24:00,17.1,Mersin
SC-31119,2024-01-10,Atina,Busan,17949,2299,0.9666,Clear,4.2,122.55,Auto Parts,Sea,0,5.3,2024-01-15 07:12:00,5.3,Trieste
SC-61539,2024-02-18,Rotterdam,Busan,7266,3906,0.9958,Clear,3.0,137.13,Auto Parts,Sea,0,9.0,2024-02-27 00:00:00,9.0,Marsaxlokk
SC-49350,2024-04-20,Dubai,Singapore,2773,4485,0.7142,Clear,1.2,149.73,Machinery,Sea,0,10.4,2024-04-30 09:36:00,10.4,Piraeus
SC-56223,2024-11-16,Singapore,Antwerp,7518,9459,0.5751,Clear,1.8,83.14,Electronics,Sea,0,21.9,2024-12-07 21:36:00,21.9,Dubai
SC-35517,2024-08-06,Singapore,Shanghai,7460,10398,0.5979,Clear,3.6,131.75,Auto Parts,Sea,0,24.1,2024-08-30 02:24:00,24.1,Trieste
SC-88653,2024-02-26,Rotterdam,Mersin,3099,8120,0.6592,Storm,2.6,149.24,Textiles,Sea,0,18.8,2024-03-15 19:12:00,18.8,Singapore
SC-32250,2024-10-09,Dubai,Busan,3057,10485,0.7544,Fog,3.4,117.68,Textiles,Sea,0,24.3,2024-11-02 07:12:00,24.3,Trieste
SC-94486,2024-04-22,Singapore,Dubai,3428,3873,0.5612,Clear,3.2,130.1,Electronics,Sea,0,9.0,2024-05-01 00:00:00,9.0,Barcelona
SC-92895,2024-05-12,Trieste,Felixstowe,3161,8102,0.6509,Clear,2.8,110.88,Electronics,Sea,0,18.8,2024-05-30 19:12:00,18.8,Jebel Ali
SC-99132,2024-03-11,Marsilya,Los Angeles,5140,8172,0.6539,Rain,1.9,104.97,Textiles,Sea,0,18.9,2024-03-29 21:36:00,18.9,Dubai
SC-76798,2024-03-23,Busan,Ningbo,5491,8322,0.502,Clear,3.9,128.75,Electronics,Sea,0,19.3,2024-04-11 07:12:00,19.3,Barcelona
SC-64199,2024-02-26,Atina,Antwerp,7549,4088,0.6771,Rain,4.6,149.17,Machinery,Sea,0,9.5,2024-03-06 12:00:00,9.5,Mersin
SC-69546,2024-12-14,Tokyo,Marsilya,9481,9637,0.5581,Clear,4.1,86.42,Electronics,Sea,0,22.3,2025-01-05 07:12:00,22.3,Tanger Med
SC-98151,2024-09-27,Dubai,İzmir,4268,7311,0.7149,Rain,1.5,109.55,Textiles,Sea,0,16.9,2024-10-13 21:36:00,16.9,Ambarli
SC-13327,2024-04-20,Antwerp,Busan,9473,8487,0.5983,Clear,3.2,145.84,Chemicals,Sea,0,19.6,2024-05-09 14:24:00,19.6,Mersin
SC-39768,2024-12-22,Mersin,Felixstowe,8650,11964,0.9111,Clear,4.3,87.9,Electronics,Sea,0,27.7,2025-01-18 16:48:00,27.7,Singapore
SC-74418,2024-03-16,Barcelona,Shanghai,4420,8880,0.5403,Clear,3.4,125.57,Auto Parts,Sea,0,20.6,2024-04-05 14:24:00,20.6,Marsaxlokk
SC-52788,2024-06-06,Antwerp,Singapore,19552,6721,0.9328,Rain,2.8,110.11,Machinery,Sea,0,15.6,2024-06-21 14:24:00,15.6,New York
SC-92384,2024-01-20,Atina,Barcelona,6373,5426,0.7903,Clear,2.1,106.38,Machinery,Sea,0,12.6,2024-02-01 14:24:00,12.6,Jebel Ali
SC-56830,2024-05-10,Ningbo,Marsilya,4808,2528,0.7293,Storm,2.3,94.66,Machinery,Sea,1,7.6,2024-05-17 14:24:00,7.6,Jebel Ali
SC-62446,2024-11-24,Valencia,Shanghai,7781,3924,0.7749,Rain,2.0,92.34,Auto Parts,Sea,0,9.1,2024-12-03 02:24:00,9.1,Tanger Med
SC-25160,2024-05-01,Hamburg,New York,5610,8460,0.6881,Clear,1.8,116.14,Auto Parts,Sea,0,19.6,2024-05-20 14:24:00,19.6,Mersin
SC-66583,2024-02-10,Antwerp,Rotterdam,8850,7976,0.5638,Clear,3.4,106.42,Machinery,Sea,1,24.0,2024-03-05 00:00:00,24.0,Jebel Ali
SC-43998,2024-06-15,Ningbo,Barcelona,13825,8021,0.8829,Clear,3.0,114.41,Machinery,Sea,0,18.6,2024-07-03 14:24:00,18.6,Piraeus
SC-37230,2024-05-09,Trieste,Tokyo,4476,11552,0.964,Clear,3.9,93.72,Machinery,Sea,0,26.7,2024-06-04 16:48:00,26.7,Piraeus
SC-19076,2024-01-23,Ningbo,Busan,3847,2862,0.975,Clear,2.2,104.51,Electronics,Sea,0,6.6,2024-01-29 14:24:00,6.6,Singapore
SC-79341,2024-10-05,Hamburg,Dubai,10050,6320,0.8354,Clear,2.8,149.75,Auto Parts,Sea,0,14.6,2024-10-19 14:24:00,14.6,Mersin
SC-41085,2024-09-07,Marsilya,Ambarli,16418,5494,0.7052,Clear,3.7,105.76,Textiles,Sea,0,12.7,2024-09-19 16:48:00,12.7,Piraeus
SC-65571,2024-01-09,Barcelona,Barcelona,7884,8052,0.7392,Clear,4.9,108.89,Electronics,Sea,0,18.6,2024-01-27 14:24:00,18.6,Singapore
SC-24715,2024-01-13,New York,New York,9279,10259,0.8285,Clear,2.4,81.39,Textiles,Sea,0,23.7,2024-02-05 16:48:00,23.7,Tanger Med
SC-15750,2024-11-02,Marsilya,Ambarli,8407,3642,0.9115,Clear,2.2,106.66,Electronics,Sea,1,11.0,2024-11-13 00:00:00,11.0,Barcelona
SC-88768,2024-11-15,Felixstowe,Tokyo,4295,11212,0.6873,Storm,2.8,133.44,Electronics,Sea,1,33.7,2024-12-18 16:48:00,33.7,Piraeus
SC-45903,2024-02-21,Singapore,Hamburg,4759,7196,0.9584,Clear,3.9,116.09,Textiles,Sea,0,16.7,2024-03-08 16:48:00,16.7,Singapore
SC-82489,2024-07-27,Rotterdam,Atina,5399,8999,0.6621,Rain,4.8,125.99,Machinery,Sea,0,20.8,2024-08-16 19:12:00,20.8,Mersin
SC-42093,2024-02-07,Marsilya,Los Angeles,8994,9322,0.7654,Clear,3.1,118.96,Textiles,Sea,0,21.6,2024-02-28 14:24:00,21.6,Barcelona
SC-97954,2024-04-09,Mersin,Hamburg,9183,5143,0.9807,Clear,4.2,87.38,Chemicals,Sea,0,11.9,2024-04-20 21:36:00,11.9,Marsaxlokk
SC-44314,2024-07-11,New York,İzmir,4908,3470,0.9691,Clear,2.9,103.25,Auto Parts,Sea,0,8.0,2024-07-19 00:00:00,8.0,Atina
SC-58225,2024-07-09,Valencia,Mersin,10062,7678,0.8479,Rain,1.2,128.6,Chemicals,Sea,0,17.8,2024-07-26 19:12:00,17.8,Mersin
SC-97985,2024-02-20,New York,Hamburg,2904,3382,0.6623,Clear,4.6,118.36,Electronics,Sea,0,7.8,2024-02-27 19:12:00,7.8,Piraeus
SC-93014,2024-05-20,Ningbo,Barcelona,3388,7396,0.6095,Clear,2.2,127.25,Textiles,Sea,0,17.1,2024-06-06 02:24:00,17.1,Atina
SC-45179,2024-06-16,Felixstowe,Marsilya,12520,11528,0.5401,Rain,1.6,105.21,Machinery,Sea,0,26.7,2024-07-12 16:48:00,26.7,İzmir
SC-35338,2024-11-06,Los Angeles,Antwerp,3749,9114,0.8543,Clear,5.0,93.56,Machinery,Sea,0,21.1,2024-11-27 02:24:00,21.1,Ambarli
SC-79681,2024-04-18,New York,Shanghai,3058,11434,0.7517,Clear,2.4,138.09,Chemicals,Sea,0,26.5,2024-05-14 12:00:00,26.5,Barcelona
SC-42101,2024-07-25,Hamburg,Trieste,5142,3705,0.7861,Clear,1.5,106.34,Chemicals,Sea,0,8.6,2024-08-02 14:24:00,8.6,Jebel Ali
SC-12775,2024-10-26,Marsilya,Dubai,9752,7997,0.7362,Clear,2.2,125.85,Electronics,Sea,0,18.5,2024-11-13 12:00:00,18.5,Marsaxlokk
SC-55619,2024-04-19,Felixstowe,Tokyo,4261,8063,0.7415,Storm,3.1,106.69,Auto Parts,Sea,1,24.3,2024-05-13 07:12:00,24.3,Tanger Med
SC-55838,2024-07-14,Atina,Tokyo,14055,9962,0.7856,Clear,1.4,144.91,Electronics,Sea,0,23.1,2024-08-06 02:24:00,23.1,Marsaxlokk
SC-29539,2024-05-31,Busan,Singapore,3408,10096,0.9571,Clear,2.4,149.44,Machinery,Sea,0,23.4,2024-06-23 09:36:00,23.4,Barcelona
SC-67124,2024-08-30,Dubai,Rotterdam,5853,4594,0.5147,Fog,3.7,125.43,Textiles,Sea,0,10.6,2024-09-09 14:24:00,10.6,New York
SC-75149,2024-05-07,Busan,Dubai,4419,11871,0.9008,Fog,4.7,122.15,Chemicals,Sea,0,27.5,2024-06-03 12:00:00,27.5,İzmir
SC-36616,2024-04-14,Shanghai,Singapore,10101,3315,0.6953,Clear,2.6,138.86,Machinery,Sea,0,7.7,2024-04-21 16:48:00,7.7,Singapore
SC-89655,2024-01-10,İzmir,Barcelona,8213,10139,0.8725,Rain,3.3,116.14,Electronics,Sea,0,23.5,2024-02-02 12:00:00,23.5,Mersin
SC-64567,2024-12-21,Barcelona,Hamburg,5502,10759,0.9743,Clear,3.5,140.87,Auto Parts,Sea,0,24.9,2025-01-14 21:36:00,24.9,Dubai
SC-47099,2024-05-27,Rotterdam,New York,7897,4704,0.6531,Fog,1.3,108.91,Textiles,Sea,1,14.2,2024-06-10 04:48:00,14.2,Singapore
SC-85831,2024-12-30,Atina,Singapore,3056,11940,0.5448,Clear,2.4,82.23,Auto Parts,Sea,0,27.6,2025-01-26 14:24:00,27.6,Singapore
SC-71799,2024-12-29,Valencia,Dubai,11944,7725,0.6161,Clear,3.7,144.86,Electronics,Sea,0,17.9,2025-01-15 21:36:00,17.9,Piraeus
SC-35479,2024-05-19,Los Angeles,Ningbo,5860,6691,0.611,Clear,3.9,130.51,Electronics,Sea,0,15.5,2024-06-03 12:00:00,15.5,Atina
SC-56172,2024-07-08,Los Angeles,Trieste,10991,10839,0.8709,Storm,2.4,115.75,Machinery,Sea,1,32.6,2024-08-09 14:24:00,32.6,Barcelona
SC-65863,2024-04-03,Mersin,Ambarli,6253,2124,0.5309,Clear,1.0,146.14,Textiles,Sea,0,4.9,2024-04-07 21:36:00,4.9,Dubai
SC-52043,2024-08-16,Mersin,Barcelona,6964,11729,0.5255,Clear,1.0,142.07,Electronics,Sea,0,27.2,2024-09-12 04:48:00,27.2,Tanger Med
SC-92569,2024-03-03,Dubai,Atina,13647,7097,0.8468,Clear,3.2,87.59,Machinery,Sea,0,16.4,2024-03-19 09:36:00,16.4,İzmir
SC-25408,2024-12-05,Felixstowe,Barcelona,5208,6807,0.7784,Clear,3.2,123.71,Electronics,Sea,0,15.8,2024-12-20 19:12:00,15.8,Singapore
SC-67980,2024-01-25,New York,Dubai,7424,3970,0.7089,Rain,3.2,117.67,Machinery,Sea,0,9.2,2024-02-03 04:48:00,9.2,Dubai
SC-92956,2024-09-24,Mersin,Los Angeles,9692,4762,0.7877,Rain,3.9,134.35,Auto Parts,Sea,1,14.3,2024-10-08 07:12:00,14.3,Singapore
SC-26351,2024-10-07,Ningbo,Atina,4691,7517,0.8676,Rain,4.7,101.05,Machinery,Sea,1,22.6,2024-10-29 14:24:00,22.6,İzmir
SC-14131,2024-01-11,New York,İzmir,6176,2814,0.5517,Clear,5.0,80.57,Auto Parts,Sea,0,6.5,2024-01-17 12:00:00,6.5,Marsaxlokk
SC-54825,2024-11-15,Rotterdam,Rotterdam,5379,5101,0.7766,Clear,3.8,92.98,Chemicals,Sea,0,11.8,2024-11-26 19:12:00,11.8,İzmir
SC-21349,2024-07-19,Dubai,Singapore,18996,3654,0.9122,Clear,3.1,94.77,Electronics,Sea,0,8.5,2024-07-27 12:00:00,8.5,Atina
SC-70931,2024-05-05,Busan,Dubai,5330,2131,0.6812,Fog,1.6,100.4,Chemicals,Sea,1,6.4,2024-05-11 09:36:00,6.4,Trieste
SC-54254,2024-11-01,Rotterdam,Dubai,13455,10422,0.8815,Clear,2.5,105.93,Textiles,Sea,0,24.1,2024-11-25 02:24:00,24.1,Marsaxlokk
SC-48225,2024-07-08,Dubai,Singapore,5314,2394,0.9227,Clear,3.3,129.46,Chemicals,Sea,0,5.5,2024-07-13 12:00:00,5.5,Jebel Ali
SC-22453,2024-03-29,Rotterdam,Mersin,7727,9319,0.9105,Clear,5.0,85.2,Machinery,Sea,0,21.6,2024-04-19 14:24:00,21.6,Singapore
SC-28814,2024-12-20,İzmir,Busan,7533,5573,0.8252,Clear,1.5,114.06,Machinery,Sea,0,12.9,2025-01-01 21:36:00,12.9,New York
SC-28263,2024-04-25,Antwerp,Antwerp,14042,11173,0.8587,Clear,4.2,114.91,Textiles,Sea,1,33.6,2024-05-28 14:24:00,33.6,New York
SC-87694,2024-12-17,Felixstowe,Shanghai,7733,9106,0.8938,Rain,5.0,123.11,Textiles,Sea,0,21.1,2025-01-07 02:24:00,21.1,Ambarli
SC-25735,2024-06-25,Barcelona,Antwerp,8182,11124,0.8669,Clear,4.2,101.74,Electronics,Sea,0,25.8,2024-07-20 19:12:00,25.8,New York
SC-25830,2024-01-14,Dubai,Los Angeles,8895,7625,0.7258,Clear,4.1,98.19,Machinery,Sea,0,17.7,2024-01-31 16:48:00,17.7,Jebel Ali
SC-57893,2024-09-13,İzmir,Dubai,9044,11601,0.5796,Clear,2.0,113.87,Textiles,Sea,0,26.9,2024-10-09 21:36:00,26.9,Barcelona
SC-54673,2024-07-27,Ambarli,Trieste,9679,6628,0.6549,Clear,1.0,126.17,Chemicals,Sea,0,15.3,2024-08-11 07:12:00,15.3,Singapore
SC-99462,2024-10-07,İzmir,Ningbo,8497,7060,0.6036,Fog,1.9,83.12,Machinery,Sea,0,16.3,2024-10-23 07:12:00,16.3,İzmir
SC-55066,2024-11-23,Tokyo,Hamburg,5357,9747,0.6807,Clear,4.2,100.55,Textiles,Sea,0,22.6,2024-12-15 14:24:00,22.6,Marsaxlokk
SC-13373,2024-11-20,Mersin,Marsilya,4174,8269,0.7447,Clear,1.4,135.11,Electronics,Sea,0,19.1,2024-12-09 02:24:00,19.1,Dubai
SC-20335,2024-04-14,Barcelona,Barcelona,7991,8632,0.9795,Rain,2.2,113.89,Auto Parts,Sea,1,26.0,2024-05-10 00:00:00,26.0,Ambarli
SC-33741,2024-05-26,Mersin,Dubai,9625,8755,0.9797,Clear,3.3,146.63,Machinery,Sea,0,20.3,2024-06-15 07:12:00,20.3,Atina
SC-20692,2024-10-05,Trieste,Valencia,6021,8589,0.8848,Clear,3.3,140.73,Machinery,Sea,0,19.9,2024-10-24 21:36:00,19.9,Piraeus
SC-57295,2024-01-09,New York,Mersin,11306,7589,0.9901,Clear,3.2,104.08,Machinery,Sea,0,17.6,2024-01-26 14:24:00,17.6,Marsaxlokk
SC-55541,2024-04-27,Valencia,Singapore,2934,4504,0.999,Clear,4.9,130.84,Machinery,Sea,0,10.4,2024-05-07 09:36:00,10.4,Marsaxlokk
SC-44057,2024-04-03,Mersin,Hamburg,9572,5033,0.9426,Clear,1.0,99.2,Auto Parts,Sea,0,11.7,2024-04-14 16:48:00,11.7,Ambarli
SC-76983,2024-05-23,Mersin,Valencia,16747,10903,0.5398,Clear,3.0,92.27,Auto Parts,Sea,0,25.2,2024-06-17 04:48:00,25.2,Jebel Ali
SC-29583,2024-10-15,Valencia,Hamburg,2648,4976,0.713,Clear,3.0,141.67,Electronics,Sea,0,11.5,2024-10-26 12:00:00,11.5,Ambarli
SC-32765,2024-01-14,İzmir,Rotterdam,3903,3471,0.7671,Clear,2.2,104.52,Machinery,Sea,0,8.0,2024-01-22 00:00:00,8.0,Jebel Ali
SC-69287,2024-09-13,Los Angeles,Atina,9324,8595,0.562,Clear,3.1,94.24,Textiles,Sea,0,19.9,2024-10-02 21:36:00,19.9,Atina
SC-33906,2024-12-11,Ambarli,Dubai,8028,3142,0.9043,Clear,3.7,147.55,Chemicals,Sea,0,7.3,2024-12-18 07:12:00,7.3,New York
SC-95103,2024-07-04,Dubai,Barcelona,8375,4568,0.5743,Clear,3.7,82.17,Machinery,Sea,0,10.6,2024-07-14 14:24:00,10.6,Trieste
SC-89675,2024-12-10,Tokyo,Singapore,15575,3608,0.6917,Clear,1.4,105.68,Auto Parts,Sea,0,8.4,2024-12-18 09:36:00,8.4,Tanger Med
SC-56525,2024-07-25,Rotterdam,Valencia,5335,7552,0.5345,Storm,4.2,82.69,Electronics,Sea,1,22.7,2024-08-16 16:48:00,22.7,İzmir
SC-48230,2024-12-11,Marsilya,Antwerp,6427,3897,0.7623,Clear,4.7,115.29,Machinery,Sea,0,9.0,2024-12-20 00:00:00,9.0,Piraeus
SC-29520,2024-06-20,Singapore,Hamburg,3396,4192,0.7985,Clear,1.5,108.08,Electronics,Sea,0,9.7,2024-06-29 16:48:00,9.7,Piraeus
SC-95238,2024-09-26,Barcelona,Shanghai,5622,3091,0.8676,Clear,2.7,130.45,Textiles,Sea,0,7.2,2024-10-03 04:48:00,7.2,Marsaxlokk
SC-61934,2024-08-08,Trieste,Tokyo,14852,2699,0.6697,Rain,3.0,146.78,Textiles,Sea,0,6.2,2024-08-14 04:48:00,6.2,Marsaxlokk
SC-35566,2024-05-31,Ambarli,Dubai,14894,6092,0.7953,Fog,1.5,116.38,Textiles,Sea,1,18.3,2024-06-18 07:12:00,18.3,Mersin
SC-83193,2024-04-20,Singapore,Rotterdam,7955,4178,0.8671,Fog,3.0,99.98,Textiles,Sea,1,12.6,2024-05-02 14:24:00,12.6,Mersin
SC-40134,2024-07-01,Hamburg,Dubai,14733,2732,0.881,Clear,1.8,141.05,Chemicals,Sea,1,8.2,2024-07-09 04:48:00,8.2,Trieste
SC-20345,2024-12-04,New York,Atina,6915,10704,0.6508,Clear,4.7,122.32,Electronics,Sea,0,24.8,2024-12-28 19:12:00,24.8,Singapore
SC-51185,2024-03-12,Antwerp,Ambarli,7806,4687,0.5339,Clear,2.8,118.74,Machinery,Sea,1,14.1,2024-03-26 02:24:00,14.1,İzmir
SC-80744,2024-10-09,Trieste,New York,3979,5756,0.5188,Clear,5.0,93.2,Chemicals,Sea,0,13.3,2024-10-22 07:12:00,13.3,Piraeus
SC-43455,2024-03-14,Barcelona,Dubai,6483,8061,0.884,Rain,1.2,82.84,Machinery,Sea,0,18.7,2024-04-01 16:48:00,18.7,Jebel Ali
SC-38018,2024-12-20,Mersin,Tokyo,3541,10623,0.6927,Clear,1.5,112.3,Auto Parts,Sea,0,24.6,2025-01-13 14:24:00,24.6,İzmir
SC-64219,2024-08-02,Singapore,Singapore,5183,8534,0.567,Clear,2.8,116.96,Chemicals,Sea,1,25.7,2024-08-27 16:48:00,25.7,Mersin
SC-55991,2024-11-23,Atina,İzmir,9855,7385,0.5922,Fog,4.5,88.9,Chemicals,Sea,0,17.1,2024-12-10 02:24:00,17.1,Jebel Ali
SC-83616,2024-01-23,Hamburg,Marsilya,9052,6494,0.8831,Clear,3.2,84.16,Auto Parts,Sea,0,15.0,2024-02-07 00:00:00,15.0,Jebel Ali
SC-97438,2024-03-08,Valencia,Marsilya,9696,10999,0.7995,Clear,3.9,95.13,Chemicals,Sea,0,25.5,2024-04-02 12:00:00,25.5,Dubai
SC-19486,2024-12-27,Atina,Hamburg,6905,3279,0.7507,Clear,2.7,84.42,Electronics,Sea,0,7.6,2025-01-03 14:24:00,7.6,Ambarli
SC-48862,2024-04-02,Singapore,Ambarli,2544,8538,0.8115,Clear,1.2,83.93,Textiles,Sea,0,19.8,2024-04-21 19:12:00,19.8,Mersin
SC-68870,2024-11-16,Ambarli,Hamburg,14892,4221,0.5687,Clear,3.6,111.09,Machinery,Sea,0,9.8,2024-11-25 19:12:00,9.8,Atina
SC-96694,2024-11-19,Barcelona,Felixstowe,10296,7164,0.6595,Clear,3.5,136.72,Auto Parts,Sea,0,16.6,2024-12-05 14:24:00,16.6,Tanger Med
SC-53856,2024-03-03,Barcelona,İzmir,6336,2854,0.687,Clear,1.3,126.48,Textiles,Sea,0,6.6,2024-03-09 14:24:00,6.6,Tanger Med
SC-96055,2024-08-11,Antwerp,Ningbo,7751,5212,0.6572,Clear,1.7,127.56,Chemicals,Sea,0,12.1,2024-08-23 02:24:00,12.1,Barcelona
SC-41379,2024-08-12,Shanghai,Trieste,9347,4586,0.9322,Rain,2.9,98.37,Electronics,Sea,0,10.6,2024-08-22 14:24:00,10.6,Jebel Ali
SC-74729,2024-12-11,Dubai,Busan,5623,6840,0.7907,Clear,2.8,80.78,Chemicals,Sea,0,15.8,2024-12-26 19:12:00,15.8,Atina
SC-38378,2024-12-02,Trieste,Marsilya,6750,4768,0.8647,Rain,4.0,111.55,Auto Parts,Sea,0,11.0,2024-12-13 00:00:00,11.0,Mersin
SC-64353,2024-04-12,Trieste,Felixstowe,4895,9228,0.6184,Rain,2.5,106.4,Chemicals,Sea,0,21.4,2024-05-03 09:36:00,21.4,Barcelona
SC-59996,2024-08-02,Dubai,Ambarli,7404,5340,0.632,Rain,3.7,146.31,Electronics,Sea,1,16.1,2024-08-18 02:24:00,16.1,Atina
SC-24031,2024-07-10,Barcelona,Rotterdam,7591,7259,0.6127,Clear,3.8,85.04,Chemicals,Sea,0,16.8,2024-07-26 19:12:00,16.8,Trieste
SC-90072,2024-06-08,Valencia,Marsilya,11685,8740,0.844,Clear,3.6,134.35,Chemicals,Sea,0,20.2,2024-06-28 04:48:00,20.2,Tanger Med
SC-75982,2024-07-25,Ambarli,Busan,3960,11811,0.6745,Rain,3.4,106.98,Chemicals,Sea,0,27.3,2024-08-21 07:12:00,27.3,İzmir
SC-46683,2024-09-25,Shanghai,Hamburg,3712,2275,0.7025,Rain,4.2,138.07,Chemicals,Sea,0,5.3,2024-09-30 07:12:00,5.3,Barcelona
SC-27618,2024-07-12,Ningbo,Singapore,12163,9198,0.8546,Clear,3.6,114.64,Electronics,Sea,0,21.3,2024-08-02 07:12:00,21.3,Singapore
SC-16587,2024-05-31,İzmir,Rotterdam,5094,5863,0.9859,Rain,4.3,137.44,Machinery,Sea,0,13.6,2024-06-13 14:24:00,13.6,New York
SC-72790,2024-08-24,Tokyo,Trieste,6322,2714,0.5809,Clear,3.5,112.68,Textiles,Sea,0,6.3,2024-08-30 07:12:00,6.3,İzmir
SC-41480,2024-03-28,Mersin,Tokyo,2920,8054,0.5313,Rain,1.6,108.13,Auto Parts,Sea,0,18.6,2024-04-15 14:24:00,18.6,Tanger Med
SC-30527,2024-01-11,Barcelona,Felixstowe,14632,2809,0.5974,Clear,2.2,147.46,Machinery,Sea,0,6.5,2024-01-17 12:00:00,6.5,Barcelona
SC-33569,2024-07-05,Los Angeles,Ambarli,2965,5726,0.8675,Clear,2.3,105.82,Electronics,Sea,0,13.3,2024-07-18 07:12:00,13.3,Atina
SC-21151,2024-08-01,Barcelona,Mersin,15886,5978,0.5973,Clear,1.4,136.37,Auto Parts,Sea,0,13.8,2024-08-14 19:12:00,13.8,New York
SC-81094,2024-01-15,Felixstowe,Shanghai,3173,11053,0.7922,Clear,3.8,84.69,Auto Parts,Sea,0,25.6,2024-02-09 14:24:00,25.6,New York
SC-69174,2024-09-22,Ningbo,Marsilya,8120,2036,0.7952,Clear,3.4,84.39,Chemicals,Sea,0,4.7,2024-09-26 16:48:00,4.7,Marsaxlokk
SC-54739,2024-10-23,Tokyo,Ambarli,4661,10114,0.6472,Fog,3.4,110.67,Textiles,Sea,0,23.4,2024-11-15 09:36:00,23.4,Jebel Ali
SC-42954,2024-03-13,Atina,Shanghai,5681,10646,0.5344,Clear,2.9,120.99,Textiles,Sea,0,24.6,2024-04-06 14:24:00,24.6,Mersin
SC-45303,2024-02-21,Atina,Marsilya,4478,5308,0.6996,Clear,3.2,122.6,Electronics,Sea,0,12.3,2024-03-04 07:12:00,12.3,Trieste
SC-44700,2024-05-07,Antwerp,Antwerp,2831,4655,0.5934,Clear,1.0,82.55,Machinery,Sea,0,10.8,2024-05-17 19:12:00,10.8,İzmir
SC-77568,2024-01-28,Hamburg,Antwerp,17497,2981,0.5922,Fog,1.4,128.77,Chemicals,Sea,0,6.9,2024-02-03 21:36:00,6.9,İzmir
SC-76788,2024-03-05,Antwerp,Mersin,5717,8447,0.7613,Clear,3.7,89.09,Textiles,Sea,0,19.6,2024-03-24 14:24:00,19.6,Trieste
SC-81045,2024-01-17,Rotterdam,Shanghai,8598,2151,0.8366,Fog,2.0,146.87,Chemicals,Sea,1,6.5,2024-01-23 12:00:00,6.5,Singapore
SC-47842,2024-12-16,Ningbo,Felixstowe,7688,10791,0.5377,Clear,1.4,103.35,Machinery,Sea,0,25.0,2025-01-10 00:00:00,25.0,Singapore
SC-23900,2024-05-17,Ambarli,Trieste,2787,11514,0.7892,Clear,2.3,98.3,Auto Parts,Sea,0,26.7,2024-06-12 16:48:00,26.7,İzmir
SC-90059,2024-11-14,Busan,Mersin,2556,7648,0.6231,Clear,2.0,100.39,Machinery,Sea,0,17.7,2024-12-01 16:48:00,17.7,İzmir
SC-11881,2024-08-16,Marsilya,Ningbo,4789,3511,0.8366,Storm,1.1,145.61,Auto Parts,Sea,1,10.6,2024-08-26 14:24:00,10.6,Piraeus
SC-43037,2024-09-10,Rotterdam,Antwerp,7913,4258,0.9051,Clear,2.6,113.8,Machinery,Sea,0,9.9,2024-09-19 21:36:00,9.9,Barcelona
SC-11630,2024-07-28,Dubai,Ningbo,14636,2231,0.9035,Clear,1.1,110.43,Chemicals,Sea,0,5.2,2024-08-02 04:48:00,5.2,New York
SC-30789,2024-10-20,Dubai,Mersin,6644,4742,0.6849,Clear,1.0,119.61,Machinery,Sea,0,11.0,2024-10-31 00:00:00,11.0,Atina
SC-98059,2024-08-18,Trieste,Dubai,7164,9841,0.7836,Clear,4.2,145.15,Textiles,Sea,0,22.8,2024-09-09 19:12:00,22.8,İzmir
SC-93494,2024-08-28,New York,New York,2905,6462,0.8968,Storm,2.3,101.58,Textiles,Sea,1,19.4,2024-09-16 09:36:00,19.4,Dubai
SC-56151,2024-03-10,Busan,Rotterdam,9421,9749,0.5304,Clear,3.3,92.66,Electronics,Sea,0,22.6,2024-04-01 14:24:00,22.6,Barcelona
SC-58920,2024-04-13,Mersin,Valencia,5983,2571,0.8028,Rain,2.2,121.68,Textiles,Sea,0,6.0,2024-04-19 00:00:00,6.0,Barcelona
SC-77231,2024-07-22,Barcelona,Barcelona,13909,3202,0.9183,Clear,4.7,114.42,Textiles,Sea,0,7.4,2024-07-29 09:36:00,7.4,Jebel Ali
SC-90357,2024-02-22,Ambarli,Antwerp,6098,11699,0.6862,Clear,3.9,84.34,Auto Parts,Sea,0,27.1,2024-03-20 02:24:00,27.1,Piraeus
SC-13262,2024-11-25,Ambarli,Felixstowe,5133,11804,0.7277,Clear,2.5,116.54,Chemicals,Sea,0,27.3,2024-12-22 07:12:00,27.3,Singapore
SC-76981,2024-02-23,Mersin,Mersin,9237,11762,0.8494,Clear,1.8,119.37,Chemicals,Sea,0,27.2,2024-03-21 04:48:00,27.2,Singapore
SC-91972,2024-10-02,Tokyo,Mersin,3856,11231,0.5339,Rain,1.6,128.59,Auto Parts,Sea,0,26.0,2024-10-28 00:00:00,26.0,İzmir
SC-85485,2024-11-30,Los Angeles,Busan,4802,8609,0.6928,Clear,4.0,149.69,Textiles,Sea,0,19.9,2024-12-19 21:36:00,19.9,Mersin
SC-64722,2024-01-31,Mersin,Antwerp,5998,11617,0.6479,Clear,2.8,109.51,Machinery,Sea,0,26.9,2024-02-26 21:36:00,26.9,Marsaxlokk
SC-99499,2024-05-14,Ambarli,Barcelona,15510,2170,0.5085,Fog,1.9,115.71,Auto Parts,Sea,0,5.0,2024-05-19 00:00:00,5.0,Barcelona
SC-60818,2024-02-27,New York,Dubai,7929,7151,0.598,Rain,4.7,85.25,Chemicals,Sea,0,16.6,2024-03-14 14:24:00,16.6,Atina
SC-39932,2024-04-14,Felixstowe,Marsilya,6971,8406,0.6979,Clear,2.6,138.21,Electronics,Sea,1,25.3,2024-05-09 07:12:00,25.3,Piraeus
SC-16901,2024-09-22,Valencia,Antwerp,3877,2188,0.5987,Fog,3.2,86.87,Chemicals,Sea,1,6.6,2024-09-28 14:24:00,6.6,Singapore
SC-18597,2024-01-10,Dubai,Atina,8485,6678,0.8012,Clear,4.4,145.37,Machinery,Sea,0,15.5,2024-01-25 12:00:00,15.5,İzmir
SC-73909,2024-09-09,Mersin,İzmir,3946,9145,0.7243,Clear,4.3,104.4,Chemicals,Sea,0,21.2,2024-09-30 04:48:00,21.2,Singapore
SC-82391,2024-10-21,Ambarli,Valencia,7395,7927,0.5197,Clear,3.6,103.63,Auto Parts,Sea,0,18.3,2024-11-08 07:12:00,18.3,Jebel Ali
SC-94214,2024-06-04,Valencia,Ambarli,14897,2599,0.6375,Clear,4.6,103.0,Electronics,Sea,0,6.0,2024-06-10 00:00:00,6.0,Trieste
SC-18263,2024-06-06,Trieste,Ambarli,9006,7301,0.5097,Rain,4.8,146.53,Chemicals,Sea,0,16.9,2024-06-22 21:36:00,16.9,Ambarli
SC-73293,2024-02-06,Atina,Tokyo,10804,5576,0.6791,Clear,4.7,148.61,Auto Parts,Sea,0,12.9,2024-02-18 21:36:00,12.9,Piraeus
SC-35805,2024-04-28,İzmir,Los Angeles,14427,11145,0.6296,Clear,2.4,148.13,Auto Parts,Sea,0,25.8,2024-05-23 19:12:00,25.8,Piraeus
SC-21874,2024-03-07,Mersin,Shanghai,6759,7193,0.8441,Clear,2.6,129.34,Auto Parts,Sea,0,16.7,2024-03-23 16:48:00,16.7,İzmir
SC-96402,2024-08-29,Singapore,Dubai,5747,11817,0.6537,Clear,2.0,87.77,Electronics,Sea,0,27.4,2024-09-25 09:36:00,27.4,Barcelona
SC-24079,2024-10-25,Tokyo,New York,3267,3870,0.6876,Rain,4.3,107.05,Auto Parts,Sea,0,9.0,2024-11-03 00:00:00,9.0,Tanger Med
SC-59850,2024-07-31,Shanghai,İzmir,2538,6261,0.8627,Clear,1.5,100.25,Electronics,Sea,0,14.5,2024-08-14 12:00:00,14.5,İzmir
SC-82779,2024-11-03,Hamburg,Shanghai,8882,4024,0.7405,Clear,2.4,129.59,Machinery,Sea,0,9.3,2024-11-12 07:12:00,9.3,Tanger Med
SC-19018,2024-04-10,Singapore,Singapore,3447,7494,0.7782,Fog,1.0,114.49,Machinery,Sea,0,17.3,2024-04-27 07:12:00,17.3,Jebel Ali
SC-59500,2024-02-25,Barcelona,Shanghai,3451,10832,0.9207,Clear,3.4,123.16,Machinery,Sea,0,25.1,2024-03-21 02:24:00,25.1,New York
SC-22100,2024-11-27,Antwerp,Barcelona,12250,7453,0.6034,Clear,3.6,80.61,Auto Parts,Sea,0,17.3,2024-12-14 07:12:00,17.3,Trieste
SC-67021,2024-11-19,Atina,Marsilya,4512,3827,0.9946,Clear,2.0,134.8,Electronics,Sea,0,8.9,2024-11-27 21:36:00,8.9,Piraeus
SC-29800,2024-08-26,Singapore,Trieste,6228,6702,0.9501,Clear,3.9,146.64,Machinery,Sea,0,15.5,2024-09-10 12:00:00,15.5,Piraeus
SC-73400,2024-08-18,Busan,Antwerp,12109,2539,0.6433,Clear,2.5,126.86,Textiles,Sea,1,7.6,2024-08-25 14:24:00,7.6,Trieste
